{
  "type": "FeatureCollection",
  "name": "SCNU_Road_Zones",
  "features": [
    {
      "type": "Feature",
      "id": "RZ-001",
      "properties": {
        "FEATURE_ID": "RZ-001",
        "ZONE_NAME": "공대1호관1로",
        "SOURCE": "road_zone_sketchup.dxf",
        "CRS_SOURCE": "EPSG:5179",
        "CRS_OUTPUT": "EPSG:4326"
      },
      "geometry": {
        "type": "Polygon",
        "coordinates": [
          [
            [
              127.4778827830488,
              34.970334084450634
            ],
            [
              127.47771943764873,
              34.97028896197091
            ],
            [
              127.47770164117237,
              34.970240327424364
            ],
            [
              127.47788662220371,
              34.97021660168303
            ],
            [
              127.47798291891782,
              34.970209744071184
            ],
            [
              127.47815242564178,
              34.970179241114614
            ],
            [
              127.47818065572332,
              34.97025345691756
            ],
            [
              127.47818261974626,
              34.97025790586986
            ],
            [
              127.47806187401851,
              34.97029013646349
            ],
            [
              127.47804516919717,
              34.97029235774438
            ],
            [
              127.47788837280757,
              34.970329586316865
            ],
            [
              127.4778827830488,
              34.970334084450634
            ]
          ]
        ]
      }
    },
    {
      "type": "Feature",
      "id": "RZ-002",
      "properties": {
        "FEATURE_ID": "RZ-002",
        "ZONE_NAME": "공대1호관2로",
        "SOURCE": "road_zone_sketchup.dxf",
        "CRS_SOURCE": "EPSG:5179",
        "CRS_OUTPUT": "EPSG:4326"
      },
      "geometry": {
        "type": "Polygon",
        "coordinates": [
          [
            [
              127.4780619354109,
              34.97029021230296
            ],
            [
              127.47818265047266,
              34.97025783004698
            ],
            [
              127.47824279376532,
              34.97041303629287
            ],
            [
              127.47828059473703,
              34.97052385362347
            ],
            [
              127.47814812572592,
              34.97053004778816
            ],
            [
              127.47815660291737,
              34.970521657637356
            ],
            [
              127.4781612739107,
              34.97050800936609
            ],
            [
              127.47809917690714,
              34.97030993440855
            ],
            [
              127.478086897628,
              34.97029774909737
            ],
            [
              127.4780734499102,
              34.97029157929366
            ],
            [
              127.4780619354109,
              34.97029021230296
            ]
          ]
        ]
      }
    },
    {
      "type": "Feature",
      "id": "RZ-003",
      "properties": {
        "FEATURE_ID": "RZ-003",
        "ZONE_NAME": "공대1호관3로",
        "SOURCE": "road_zone_sketchup.dxf",
        "CRS_SOURCE": "EPSG:5179",
        "CRS_OUTPUT": "EPSG:4326"
      },
      "geometry": {
        "type": "Polygon",
        "coordinates": [
          [
            [
              127.47828108599923,
              34.97052400536813
            ],
            [
              127.47832379722583,
              34.97064574285018
            ],
            [
              127.47827392709404,
              34.97065665322744
            ],
            [
              127.47825502496642,
              34.970607310835355
            ],
            [
              127.47786466097263,
              34.970696414502754
            ],
            [
              127.4778410942626,
              34.97063756737085
            ],
            [
              127.47796516605783,
              34.9705710631675
            ],
            [
              127.47797867722826,
              34.9705697512594
            ],
            [
              127.478145976292,
              34.970529996849116
            ],
            [
              127.47828108599923,
              34.97052400536813
            ]
          ]
        ]
      }
    },
    {
      "type": "Feature",
      "id": "RZ-004",
      "properties": {
        "FEATURE_ID": "RZ-004",
        "ZONE_NAME": "공대1호관4로",
        "SOURCE": "road_zone_sketchup.dxf",
        "CRS_SOURCE": "EPSG:5179",
        "CRS_OUTPUT": "EPSG:4326"
      },
      "geometry": {
        "type": "Polygon",
        "coordinates": [
          [
            [
              127.47784121710194,
              34.970637516841
            ],
            [
              127.4779651660714,
              34.97057101261524
            ],
            [
              127.47794576154669,
              34.97056383067139
            ],
            [
              127.47793888548085,
              34.970555741060274
            ],
            [
              127.47787347005634,
              34.97036747252561
            ],
            [
              127.47787261399017,
              34.970353671601146
            ],
            [
              127.47787574921577,
              34.9703418429422
            ],
            [
              127.47788232246084,
              34.97033405909062
            ],
            [
              127.4777193148167,
              34.970288987224514
            ],
            [
              127.47784121710194,
              34.970637516841
            ]
          ]
        ]
      }
    },
    {
      "type": "Feature",
      "id": "RZ-005",
      "properties": {
        "FEATURE_ID": "RZ-005",
        "ZONE_NAME": "공대1호관뒷길",
        "SOURCE": "road_zone_sketchup.dxf",
        "CRS_SOURCE": "EPSG:5179",
        "CRS_OUTPUT": "EPSG:4326"
      },
      "geometry": {
        "type": "Polygon",
        "coordinates": [
          [
            [
              127.47868992465563,
              34.97070793637976
            ],
            [
              127.47857907158138,
              34.970718532852295
            ],
            [
              127.47857609230444,
              34.97072141380572
            ],
            [
              127.47856881370765,
              34.970725886396686
            ],
            [
              127.47791223787824,
              34.97087823437554
            ],
            [
              127.47792426471698,
              34.970915948549134
            ],
            [
              127.47791514436737,
              34.97091784260066
            ],
            [
              127.4779095554115,
              34.97091920649519
            ],
            [
              127.47790172475608,
              34.97092102495192
            ],
            [
              127.47788848938978,
              34.97092418205911
            ],
            [
              127.47786923519413,
              34.97092862715082
            ],
            [
              127.477846756551,
              34.97093403214426
            ],
            [
              127.47784082981411,
              34.97093542125013
            ],
            [
              127.47782246629379,
              34.970939158765276
            ],
            [
              127.47784099745869,
              34.97099704448623
            ],
            [
              127.47787038526602,
              34.97099100884987
            ],
            [
              127.47792765860589,
              34.970970141189476
            ],
            [
              127.47801966095409,
              34.97094953255405
            ],
            [
              127.4781402768091,
              34.97094753223465
            ],
            [
              127.4783353365322,
              34.97090298009513
            ],
            [
              127.47836899891561,
              34.97087245252995
            ],
            [
              127.47839000448435,
              34.97086366017615
            ],
            [
              127.47851112154216,
              34.97082323985878
            ],
            [
              127.47866338274807,
              34.9707523924343
            ],
            [
              127.47867868007347,
              34.97073116317077
            ],
            [
              127.47868992465563,
              34.97070793637976
            ]
          ]
        ]
      }
    },
    {
      "type": "Feature",
      "id": "RZ-006",
      "properties": {
        "FEATURE_ID": "RZ-006",
        "ZONE_NAME": "공대1호관샛길",
        "SOURCE": "road_zone_sketchup.dxf",
        "CRS_SOURCE": "EPSG:5179",
        "CRS_OUTPUT": "EPSG:4326"
      },
      "geometry": {
        "type": "Polygon",
        "coordinates": [
          [
            [
              127.47843267377873,
              34.97009226547962
            ],
            [
              127.47850474978556,
              34.970059773150105
            ],
            [
              127.47866773319109,
              34.97055359642362
            ],
            [
              127.47868565142959,
              34.97060880264184
            ],
            [
              127.47869988659413,
              34.9706575375213
            ],
            [
              127.4786826898885,
              34.970661780893984
            ],
            [
              127.4786920161637,
              34.97069454039711
            ],
            [
              127.47868931064433,
              34.97070748130166
            ],
            [
              127.47857925582014,
              34.970718532884796
            ],
            [
              127.47858042366575,
              34.97071469111883
            ],
            [
              127.47858103861078,
              34.970711556987006
            ],
            [
              127.47858161416974,
              34.970623798359874
            ],
            [
              127.4785813839925,
              34.970564348857195
            ],
            [
              127.47857352989269,
              34.970538464712554
            ],
            [
              127.4785617547579,
              34.97047658666284
            ],
            [
              127.47843267377873,
              34.97009226547962
            ]
          ]
        ]
      }
    },
    {
      "type": "Feature",
      "id": "RZ-007",
      "properties": {
        "FEATURE_ID": "RZ-007",
        "ZONE_NAME": "공대2호관1로",
        "SOURCE": "road_zone_sketchup.dxf",
        "CRS_SOURCE": "EPSG:5179",
        "CRS_OUTPUT": "EPSG:4326"
      },
      "geometry": {
        "type": "Polygon",
        "coordinates": [
          [
            [
              127.47759272302716,
              34.969377241107466
            ],
            [
              127.47760892064363,
              34.96943285159576
            ],
            [
              127.47762806616812,
              34.96948805820632
            ],
            [
              127.47766316496342,
              34.96959442664802
            ],
            [
              127.4776710258198,
              34.96959402367543
            ],
            [
              127.47771249558873,
              34.969759438324516
            ],
            [
              127.4778215699345,
              34.969736204248605
            ],
            [
              127.47782943113052,
              34.969734588011335
            ],
            [
              127.47774794945306,
              34.969461995258854
            ],
            [
              127.47771358513782,
              34.969364524174296
            ],
            [
              127.47759272302716,
              34.969377241107466
            ]
          ]
        ]
      }
    },
    {
      "type": "Feature",
      "id": "RZ-008",
      "properties": {
        "FEATURE_ID": "RZ-008",
        "ZONE_NAME": "공대2호관2로",
        "SOURCE": "road_zone_sketchup.dxf",
        "CRS_SOURCE": "EPSG:5179",
        "CRS_OUTPUT": "EPSG:4326"
      },
      "geometry": {
        "type": "Polygon",
        "coordinates": [
          [
            [
              127.47764490931196,
              34.969880346931994
            ],
            [
              127.4776195737374,
              34.9697784794417
            ],
            [
              127.47762485477598,
              34.96977999698292
            ],
            [
              127.47782869407531,
              34.969734992294946
            ],
            [
              127.47784808748041,
              34.96978271717734
            ],
            [
              127.477842681898,
              34.96978756920916
            ],
            [
              127.4778556605853,
              34.969824727494995
            ],
            [
              127.47785243494529,
              34.96983028765647
            ],
            [
              127.47764490931196,
              34.969880346931994
            ]
          ]
        ]
      }
    },
    {
      "type": "Feature",
      "id": "RZ-009",
      "properties": {
        "FEATURE_ID": "RZ-009",
        "ZONE_NAME": "공대2호관3로",
        "SOURCE": "road_zone_sketchup.dxf",
        "CRS_SOURCE": "EPSG:5179",
        "CRS_OUTPUT": "EPSG:4326"
      },
      "geometry": {
        "type": "Polygon",
        "coordinates": [
          [
            [
              127.47748508174165,
              34.9696073098684
            ],
            [
              127.47757368139317,
              34.96989870954946
            ],
            [
              127.47762041955016,
              34.96988625703698
            ],
            [
              127.4776261005591,
              34.969884893172484
            ],
            [
              127.47763629570154,
              34.96988231688461
            ],
            [
              127.47764513956685,
              34.96988049863117
            ],
            [
              127.47761949702709,
              34.969778277218474
            ],
            [
              127.47757145641705,
              34.96961258328733
            ],
            [
              127.47748508174165,
              34.9696073098684
            ]
          ]
        ]
      }
    },
    {
      "type": "Feature",
      "id": "RZ-010",
      "properties": {
        "FEATURE_ID": "RZ-010",
        "ZONE_NAME": "공대2호관4로",
        "SOURCE": "road_zone_sketchup.dxf",
        "CRS_SOURCE": "EPSG:5179",
        "CRS_OUTPUT": "EPSG:4326"
      },
      "geometry": {
        "type": "Polygon",
        "coordinates": [
          [
            [
              127.4774283059847,
              34.96960831037467
            ],
            [
              127.47740867038013,
              34.96954905946079
            ],
            [
              127.47760630717579,
              34.96950198134713
            ],
            [
              127.47762841940394,
              34.96948762857707
            ],
            [
              127.47766278119963,
              34.969594199092214
            ],
            [
              127.47757188630173,
              34.96961258336673
            ],
            [
              127.47748505114279,
              34.969606918082626
            ],
            [
              127.47747811283195,
              34.96960232917744
            ],
            [
              127.4774283059847,
              34.96960831037467
            ]
          ]
        ]
      }
    },
    {
      "type": "Feature",
      "id": "RZ-011",
      "properties": {
        "FEATURE_ID": "RZ-011",
        "ZONE_NAME": "공대3호관1로",
        "SOURCE": "road_zone_sketchup.dxf",
        "CRS_SOURCE": "EPSG:5179",
        "CRS_OUTPUT": "EPSG:4326"
      },
      "geometry": {
        "type": "Polygon",
        "coordinates": [
          [
            [
              127.47688041080578,
              34.970453482303114
            ],
            [
              127.47698917498751,
              34.970445465150355
            ],
            [
              127.4769773987945,
              34.97039167530854
            ],
            [
              127.47697003575301,
              34.97036852097498
            ],
            [
              127.47696119632121,
              34.97035426355952
            ],
            [
              127.47695401248528,
              34.97034910586539
            ],
            [
              127.4769473685512,
              34.97033488046067
            ],
            [
              127.47693205425038,
              34.97019626323876
            ],
            [
              127.47693328703562,
              34.97018008674752
            ],
            [
              127.47694877715169,
              34.97012953742159
            ],
            [
              127.47695775036694,
              34.970104566304364
            ],
            [
              127.47704207286182,
              34.9698730528844
            ],
            [
              127.47694824031949,
              34.96985362303826
            ],
            [
              127.47691775328553,
              34.969948251095545
            ],
            [
              127.47685038835384,
              34.970150851763165
            ],
            [
              127.47684005910278,
              34.970193313698
            ],
            [
              127.47683660986934,
              34.97022930625401
            ],
            [
              127.47687047078092,
              34.970367421498274
            ],
            [
              127.47688519215411,
              34.97043031131896
            ],
            [
              127.47688420574497,
              34.97044385913815
            ],
            [
              127.47688041080578,
              34.970453482303114
            ]
          ]
        ]
      }
    },
    {
      "type": "Feature",
      "id": "RZ-012",
      "properties": {
        "FEATURE_ID": "RZ-012",
        "ZONE_NAME": "공대3호관2로",
        "SOURCE": "road_zone_sketchup.dxf",
        "CRS_SOURCE": "EPSG:5179",
        "CRS_OUTPUT": "EPSG:4326"
      },
      "geometry": {
        "type": "Polygon",
        "coordinates": [
          [
            [
              127.47687484427426,
              34.970457051496886
            ],
            [
              127.47688052596699,
              34.97045343809176
            ],
            [
              127.4769892594282,
              34.97044547148534
            ],
            [
              127.47698839116798,
              34.97047580267957
            ],
            [
              127.47698273579424,
              34.97049511257283
            ],
            [
              127.47697155537652,
              34.97050688913082
            ],
            [
              127.47696000812084,
              34.97051280155552
            ],
            [
              127.4763698568309,
              34.97063805777159
            ],
            [
              127.47634670422573,
              34.97063790160756
            ],
            [
              127.47633528258206,
              34.970633905753644
            ],
            [
              127.47632398526335,
              34.97062470303979
            ],
            [
              127.47630679743772,
              34.9705977047791
            ],
            [
              127.47629476578005,
              34.97057945306403
            ],
            [
              127.4763786301342,
              34.97056152335168
            ],
            [
              127.47638790315578,
              34.97056261202865
            ],
            [
              127.47642124857072,
              34.970568684779124
            ],
            [
              127.47687484427426,
              34.970457051496886
            ]
          ]
        ]
      }
    },
    {
      "type": "Feature",
      "id": "RZ-013",
      "properties": {
        "FEATURE_ID": "RZ-013",
        "ZONE_NAME": "공대3호관3로",
        "SOURCE": "road_zone_sketchup.dxf",
        "CRS_SOURCE": "EPSG:5179",
        "CRS_OUTPUT": "EPSG:4326"
      },
      "geometry": {
        "type": "Polygon",
        "coordinates": [
          [
            [
              127.47637881432183,
              34.970561700320424
            ],
            [
              127.4762947964792,
              34.97057947834616
            ],
            [
              127.47627343467214,
              34.97054530084428
            ],
            [
              127.47619752626767,
              34.97055286882961
            ],
            [
              127.47599184909227,
              34.96994094371233
            ],
            [
              127.47612777390827,
              34.969662730813454
            ],
            [
              127.47613906235135,
              34.969702012146456
            ],
            [
              127.47615526077767,
              34.96975165765774
            ],
            [
              127.47612146936936,
              34.969802304392985
            ],
            [
              127.47612073148365,
              34.969805539593175
            ],
            [
              127.4761207302074,
              34.96980993764041
            ],
            [
              127.47619134112017,
              34.97006771752286
            ],
            [
              127.47618937424008,
              34.97007353064803
            ],
            [
              127.47617910114184,
              34.97007998036658
            ],
            [
              127.47616540346513,
              34.97008930457239
            ],
            [
              127.47615987427943,
              34.97009643135681
            ],
            [
              127.47616091493748,
              34.97010800803036
            ],
            [
              127.476166009888,
              34.970115895184094
            ],
            [
              127.47621712102342,
              34.970273173306
            ],
            [
              127.47621533615703,
              34.970286670411475
            ],
            [
              127.47621982971765,
              34.97030366949086
            ],
            [
              127.47622905600606,
              34.97030698247056
            ],
            [
              127.47626014760047,
              34.970301933325835
            ],
            [
              127.47628259533748,
              34.97029698358983
            ],
            [
              127.47628701555928,
              34.97030214078413
            ],
            [
              127.47629241299465,
              34.97032600250734
            ],
            [
              127.47636052356094,
              34.970526000544126
            ],
            [
              127.4763715688611,
              34.97055734509723
            ],
            [
              127.47637881432183,
              34.970561700320424
            ]
          ]
        ]
      }
    },
    {
      "type": "Feature",
      "id": "RZ-014",
      "properties": {
        "FEATURE_ID": "RZ-014",
        "ZONE_NAME": "공대3호관4로",
        "SOURCE": "road_zone_sketchup.dxf",
        "CRS_SOURCE": "EPSG:5179",
        "CRS_OUTPUT": "EPSG:4326"
      },
      "geometry": {
        "type": "Polygon",
        "coordinates": [
          [
            [
              127.47613907005905,
              34.9697019047244
            ],
            [
              127.47612747490729,
              34.96966141007661
            ],
            [
              127.4761731927591,
              34.969567391829855
            ],
            [
              127.4761670603082,
              34.96953716036785
            ],
            [
              127.47629738510189,
              34.969507865555855
            ],
            [
              127.47635879438947,
              34.969517381353036
            ],
            [
              127.47640473365713,
              34.969506673205515
            ],
            [
              127.47644477400286,
              34.969507692023804
            ],
            [
              127.47655286140137,
              34.96949982678587
            ],
            [
              127.47663245050768,
              34.96950287526245
            ],
            [
              127.47669643658708,
              34.96952138968918
            ],
            [
              127.47674507045622,
              34.96953717132066
            ],
            [
              127.4767123838148,
              34.96959171095868
            ],
            [
              127.4766581002675,
              34.96957501828761
            ],
            [
              127.47662297537924,
              34.96956510328608
            ],
            [
              127.47659423654778,
              34.96955802043257
            ],
            [
              127.47655223168134,
              34.9695545747752
            ],
            [
              127.47653405359837,
              34.969554975682286
            ],
            [
              127.47650457471588,
              34.96955881195532
            ],
            [
              127.47641809960186,
              34.969583009732595
            ],
            [
              127.47641575962618,
              34.96960505006869
            ],
            [
              127.47618808350366,
              34.96967931747951
            ],
            [
              127.4761868855645,
              34.96968070743206
            ],
            [
              127.47618651554093,
              34.969686065900234
            ],
            [
              127.47613907005905,
              34.9697019047244
            ]
          ]
        ]
      }
    },
    {
      "type": "Feature",
      "id": "RZ-015",
      "properties": {
        "FEATURE_ID": "RZ-015",
        "ZONE_NAME": "공대3호관삼거리",
        "SOURCE": "road_zone_sketchup.dxf",
        "CRS_SOURCE": "EPSG:5179",
        "CRS_OUTPUT": "EPSG:4326"
      },
      "geometry": {
        "type": "Polygon",
        "coordinates": [
          [
            [
              127.47671241451371,
              34.969591736240716
            ],
            [
              127.47674537760928,
              34.96953684278972
            ],
            [
              127.47683773221056,
              34.96956921389331
            ],
            [
              127.47686309311882,
              34.96957730709113
            ],
            [
              127.47688440305032,
              34.969577513358225
            ],
            [
              127.47689779125061,
              34.969576201546744
            ],
            [
              127.47691339144788,
              34.969570744868
            ],
            [
              127.47692371133994,
              34.96956124300225
            ],
            [
              127.47692899566822,
              34.96955093134274
            ],
            [
              127.47693847930469,
              34.969457512544324
            ],
            [
              127.47696477643896,
              34.969411767727976
            ],
            [
              127.47706675391277,
              34.96929106819813
            ],
            [
              127.47711697295473,
              34.969348100636225
            ],
            [
              127.47710493366274,
              34.96935729888097
            ],
            [
              127.47702309489355,
              34.969493774562515
            ],
            [
              127.47701940582493,
              34.96950934396445
            ],
            [
              127.47701891095701,
              34.96952213359574
            ],
            [
              127.4770629255901,
              34.969806296233386
            ],
            [
              127.47706243155852,
              34.969816103280465
            ],
            [
              127.47704104418655,
              34.96987312219929
            ],
            [
              127.47694758025963,
              34.969853186899634
            ],
            [
              127.47695962785126,
              34.96981466835633
            ],
            [
              127.47696258229074,
              34.96979090934989
            ],
            [
              127.47695951717114,
              34.96977129448755
            ],
            [
              127.47693766487842,
              34.96973398276409
            ],
            [
              127.47689174099821,
              34.96968969024512
            ],
            [
              127.47683242943893,
              34.96964499073709
            ],
            [
              127.47680418470839,
              34.969627797573324
            ],
            [
              127.47676857079514,
              34.969609693052575
            ],
            [
              127.47673577985246,
              34.96959866638018
            ],
            [
              127.47671241451371,
              34.969591736240716
            ]
          ]
        ]
      }
    },
    {
      "type": "Feature",
      "id": "RZ-016",
      "properties": {
        "FEATURE_ID": "RZ-016",
        "ZONE_NAME": "공학교차로",
        "SOURCE": "road_zone_sketchup.dxf",
        "CRS_SOURCE": "EPSG:5179",
        "CRS_OUTPUT": "EPSG:4326"
      },
      "geometry": {
        "type": "Polygon",
        "coordinates": [
          [
            [
              127.47813269276968,
              34.96993467832807
            ],
            [
              127.47811403869281,
              34.96987724758976
            ],
            [
              127.47821500703569,
              34.96985259623629
            ],
            [
              127.4782341691634,
              34.96984693781794
            ],
            [
              127.47825026193105,
              34.969836526933534
            ],
            [
              127.47825652961524,
              34.96982277783843
            ],
            [
              127.47826046437994,
              34.96980619739826
            ],
            [
              127.47825690733198,
              34.96978779573508
            ],
            [
              127.47824782500372,
              34.96976251797343
            ],
            [
              127.4782235138492,
              34.96973198004502
            ],
            [
              127.478206077394,
              34.96971458693598
            ],
            [
              127.47827118812641,
              34.96966222645021
            ],
            [
              127.47834216208618,
              34.96973240568055
            ],
            [
              127.47838685834094,
              34.9697774051642
            ],
            [
              127.478443223476,
              34.96982048571665
            ],
            [
              127.47848399608296,
              34.96984010722793
            ],
            [
              127.47853846744516,
              34.969845172093386
            ],
            [
              127.4785761749215,
              34.96984386439222
            ],
            [
              127.47859840687308,
              34.969841138489556
            ],
            [
              127.4786173242685,
              34.969831840204186
            ],
            [
              127.47868611828228,
              34.96978443426789
            ],
            [
              127.47875294673959,
              34.96973814009834
            ],
            [
              127.4787947165129,
              34.96970134534571
            ],
            [
              127.47885072097588,
              34.96971470091134
            ],
            [
              127.47873716732687,
              34.969962184996774
            ],
            [
              127.47877103742246,
              34.970076641258025
            ],
            [
              127.47868259742746,
              34.970100082018234
            ],
            [
              127.47865976730442,
              34.970041032959536
            ],
            [
              127.47864601664264,
              34.97001898975345
            ],
            [
              127.47861826317659,
              34.96999997721725
            ],
            [
              127.47860843885061,
              34.96999360590129
            ],
            [
              127.47856552019459,
              34.96996058770226
            ],
            [
              127.47853432515694,
              34.9699512300226
            ],
            [
              127.47850632083497,
              34.96995233721939
            ],
            [
              127.47847579733644,
              34.969958296981055
            ],
            [
              127.47847419803658,
              34.96996815439004
            ],
            [
              127.47850488031665,
              34.970059659430575
            ],
            [
              127.4784326507391,
              34.970092303389706
            ],
            [
              127.47841693758338,
              34.97006014935572
            ],
            [
              127.47840392515303,
              34.97003345544482
            ],
            [
              127.47839717161925,
              34.970026478030626
            ],
            [
              127.47838808356566,
              34.97002273554578
            ],
            [
              127.4783780126754,
              34.97001990282612
            ],
            [
              127.47820098733635,
              34.96991941118282
            ],
            [
              127.47819880725237,
              34.9699192085824
            ],
            [
              127.47817563815534,
              34.969924095352965
            ],
            [
              127.47815217716914,
              34.96992965188415
            ],
            [
              127.47813270812951,
              34.969934653054715
            ],
            [
              127.47813269276968,
              34.96993467832807
            ]
          ]
        ]
      }
    },
    {
      "type": "Feature",
      "id": "RZ-017",
      "properties": {
        "FEATURE_ID": "RZ-017",
        "ZONE_NAME": "공학대로1길",
        "SOURCE": "road_zone_sketchup.dxf",
        "CRS_SOURCE": "EPSG:5179",
        "CRS_OUTPUT": "EPSG:4326"
      },
      "geometry": {
        "type": "Polygon",
        "coordinates": [
          [
            [
              127.47889257597711,
              34.970362958887144
            ],
            [
              127.47878706381941,
              34.97038316140884
            ],
            [
              127.47875088970936,
              34.970272167584945
            ],
            [
              127.47868264364574,
              34.97009946908022
            ],
            [
              127.47877108348357,
              34.97007663494716
            ],
            [
              127.47880116440707,
              34.97012001404756
            ],
            [
              127.47889257597711,
              34.970362958887144
            ]
          ]
        ]
      }
    },
    {
      "type": "Feature",
      "id": "RZ-018",
      "properties": {
        "FEATURE_ID": "RZ-018",
        "ZONE_NAME": "공학대로2길",
        "SOURCE": "road_zone_sketchup.dxf",
        "CRS_SOURCE": "EPSG:5179",
        "CRS_OUTPUT": "EPSG:4326"
      },
      "geometry": {
        "type": "Polygon",
        "coordinates": [
          [
            [
              127.47782923652908,
              34.969317177861925
            ],
            [
              127.477891644278,
              34.969267749114636
            ],
            [
              127.47797882317063,
              34.96936462311137
            ],
            [
              127.47798447155176,
              34.96937028599011
            ],
            [
              127.47801099431315,
              34.96939718460491
            ],
            [
              127.47804488442257,
              34.96943197070057
            ],
            [
              127.47808049344998,
              34.96946918360594
            ],
            [
              127.4781109455137,
              34.96950032929853
            ],
            [
              127.47812617150048,
              34.969516104350994
            ],
            [
              127.47821359845433,
              34.96960590090194
            ],
            [
              127.47827106532884,
              34.9696621253237
            ],
            [
              127.47820570900132,
              34.96971428355625
            ],
            [
              127.47812613989551,
              34.969635003289284
            ],
            [
              127.47802520559583,
              34.96953307168708
            ],
            [
              127.47790954043778,
              34.96940222142032
            ],
            [
              127.47786386382509,
              34.969350649784
            ],
            [
              127.47782923652908,
              34.969317177861925
            ]
          ]
        ]
      }
    },
    {
      "type": "Feature",
      "id": "RZ-019",
      "properties": {
        "FEATURE_ID": "RZ-019",
        "ZONE_NAME": "공학대로3길",
        "SOURCE": "road_zone_sketchup.dxf",
        "CRS_SOURCE": "EPSG:5179",
        "CRS_OUTPUT": "EPSG:4326"
      },
      "geometry": {
        "type": "Polygon",
        "coordinates": [
          [
            [
              127.47711691151649,
              34.96934819541017
            ],
            [
              127.47713165290097,
              34.969339098777624
            ],
            [
              127.47747276031927,
              34.96924503419556
            ],
            [
              127.47743863142328,
              34.96918638722101
            ],
            [
              127.47711926847333,
              34.969264380183596
            ],
            [
              127.47706755245183,
              34.96929040485032
            ],
            [
              127.47706690740193,
              34.969291213564915
            ],
            [
              127.47711691151649,
              34.96934819541017
            ]
          ]
        ]
      }
    },
    {
      "type": "Feature",
      "id": "RZ-020",
      "properties": {
        "FEATURE_ID": "RZ-020",
        "ZONE_NAME": "공학사거리",
        "SOURCE": "road_zone_sketchup.dxf",
        "CRS_SOURCE": "EPSG:5179",
        "CRS_OUTPUT": "EPSG:4326"
      },
      "geometry": {
        "type": "MultiPolygon",
        "coordinates": [
          [
            [
              [
                127.47771977334278,
                34.96905443587757
              ],
              [
                127.47769080588735,
                34.968984870627
              ],
              [
                127.47765981902143,
                34.96888906836516
              ],
              [
                127.47755998963547,
                34.96890702129484
              ],
              [
                127.47756600671525,
                34.96891162266376
              ],
              [
                127.4775684616762,
                34.9689171333155
              ],
              [
                127.47771977334278,
                34.96905443587757
              ]
            ]
          ],
          [
            [
              [
                127.47760848679516,
                34.96908596003026
              ],
              [
                127.47760884016857,
                34.96908586099546
              ],
              [
                127.4776140908267,
                34.96910810157739
              ],
              [
                127.47761481162716,
                34.96911099582805
              ],
              [
                127.47761524040227,
                34.96911506536529
              ],
              [
                127.47761336654014,
                34.969118022328026
              ],
              [
                127.4775866784081,
                34.96913540738836
              ],
              [
                127.4775591604341,
                34.96915562321686
              ],
              [
                127.47755007041856,
                34.96915956461432
              ],
              [
                127.47750437697472,
                34.96917087986862
              ],
              [
                127.47743841655138,
                34.969186134419715
              ],
              [
                127.47747254539173,
                34.96924498360342
              ],
              [
                127.47752365922277,
                34.96923092690366
              ],
              [
                127.47753428371462,
                34.969230018928585
              ],
              [
                127.47754106240745,
                34.96925681288803
              ],
              [
                127.47755021232899,
                34.96925843225258
              ],
              [
                127.47755340483418,
                34.969261769292835
              ],
              [
                127.47756052491266,
                34.96927531861822
              ],
              [
                127.47757960786815,
                34.96933451885593
              ],
              [
                127.47759286119104,
                34.96937728852568
              ],
              [
                127.47771323184216,
                34.969365178129465
              ],
              [
                127.47769095710683,
                34.96929955718791
              ],
              [
                127.47768531012156,
                34.96928883906826
              ],
              [
                127.47768525226012,
                34.96927574601854
              ],
              [
                127.47770629036395,
                34.9692589665272
              ],
              [
                127.4777542536613,
                34.96925654881326
              ],
              [
                127.47777218450953,
                34.969261758980764
              ],
              [
                127.47782928258877,
                34.969317174710774
              ],
              [
                127.47789169036486,
                34.96926764485892
              ],
              [
                127.47775361635543,
                34.969115153982465
              ],
              [
                127.4777423215886,
                34.969096700332216
              ],
              [
                127.47771997916767,
                34.969054434532424
              ],
              [
                127.47771929403135,
                34.96905462757947
              ],
              [
                127.47756849233377,
                34.96891731025413
              ],
              [
                127.47760848679516,
                34.96908596003026
              ]
            ]
          ]
        ]
      }
    },
    {
      "type": "Feature",
      "id": "RZ-021",
      "properties": {
        "FEATURE_ID": "RZ-021",
        "ZONE_NAME": "구령대1길",
        "SOURCE": "road_zone_sketchup.dxf",
        "CRS_SOURCE": "EPSG:5179",
        "CRS_OUTPUT": "EPSG:4326"
      },
      "geometry": {
        "type": "Polygon",
        "coordinates": [
          [
            [
              127.48160049678259,
              34.96820819019575
            ],
            [
              127.4817117783238,
              34.96818697504511
            ],
            [
              127.48162905461545,
              34.96792550614096
            ],
            [
              127.48151630009103,
              34.967944294482855
            ],
            [
              127.48160049678259,
              34.96820819019575
            ]
          ]
        ]
      }
    },
    {
      "type": "Feature",
      "id": "RZ-022",
      "properties": {
        "FEATURE_ID": "RZ-022",
        "ZONE_NAME": "구령대2길",
        "SOURCE": "road_zone_sketchup.dxf",
        "CRS_SOURCE": "EPSG:5179",
        "CRS_OUTPUT": "EPSG:4326"
      },
      "geometry": {
        "type": "Polygon",
        "coordinates": [
          [
            [
              127.48149495333372,
              34.967768306083656
            ],
            [
              127.48157282629457,
              34.967749714682526
            ],
            [
              127.48145070431788,
              34.96737110999711
            ],
            [
              127.4814456126777,
              34.96734704632883
            ],
            [
              127.48144426680072,
              34.96732419648762
            ],
            [
              127.4813589086024,
              34.96731427516675
            ],
            [
              127.4813695827996,
              34.96736379277382
            ],
            [
              127.48149495333372,
              34.967768306083656
            ]
          ]
        ]
      }
    },
    {
      "type": "Feature",
      "id": "RZ-023",
      "properties": {
        "FEATURE_ID": "RZ-023",
        "ZONE_NAME": "구령대삼거리",
        "SOURCE": "road_zone_sketchup.dxf",
        "CRS_SOURCE": "EPSG:5179",
        "CRS_OUTPUT": "EPSG:4326"
      },
      "geometry": {
        "type": "Polygon",
        "coordinates": [
          [
            [
              127.48139325184805,
              34.96791918438162
            ],
            [
              127.48136667977407,
              34.96783607234842
            ],
            [
              127.48147513569296,
              34.96781612078686
            ],
            [
              127.48150124169658,
              34.96778751217156
            ],
            [
              127.48149525848062,
              34.967768250838525
            ],
            [
              127.48157251737952,
              34.96774945713489
            ],
            [
              127.48162922158005,
              34.96792548878884
            ],
            [
              127.48151622143497,
              34.96794417598894
            ],
            [
              127.48150781408904,
              34.9679177358634
            ],
            [
              127.48150492919434,
              34.967911441664434
            ],
            [
              127.48149949601795,
              34.967903959098514
            ],
            [
              127.4814941041687,
              34.96790045121215
            ],
            [
              127.48148936995273,
              34.96789967482902
            ],
            [
              127.48139325184805,
              34.96791918438162
            ]
          ]
        ]
      }
    },
    {
      "type": "Feature",
      "id": "RZ-024",
      "properties": {
        "FEATURE_ID": "RZ-024",
        "ZONE_NAME": "기숙사사거리",
        "SOURCE": "road_zone_sketchup.dxf",
        "CRS_SOURCE": "EPSG:5179",
        "CRS_OUTPUT": "EPSG:4326"
      },
      "geometry": {
        "type": "Polygon",
        "coordinates": [
          [
            [
              127.47986462257442,
              34.96772444103061
            ],
            [
              127.47988306263638,
              34.967655490765644
            ],
            [
              127.47992907239244,
              34.967664370304796
            ],
            [
              127.4799508141711,
              34.96765447828559
            ],
            [
              127.47995543646043,
              34.9676498029619
            ],
            [
              127.4799599215786,
              34.967641007603916
            ],
            [
              127.47996311763893,
              34.96762988662778
            ],
            [
              127.47996311980518,
              34.96762098942536
            ],
            [
              127.47995808576012,
              34.96761431569261
            ],
            [
              127.47994704148363,
              34.96757478197966
            ],
            [
              127.48005052309102,
              34.9675550583533
            ],
            [
              127.48006657083498,
              34.96760096246673
            ],
            [
              127.4800720034816,
              34.96761001221797
            ],
            [
              127.48007958573936,
              34.96761807655194
            ],
            [
              127.48008894998276,
              34.967621692576195
            ],
            [
              127.48012503149332,
              34.96761417685874
            ],
            [
              127.48020616444227,
              34.967598471112005
            ],
            [
              127.48022481902635,
              34.967657721433184
            ],
            [
              127.48014197168318,
              34.96767590673861
            ],
            [
              127.4801250796761,
              34.967692788439614
            ],
            [
              127.48012127045646,
              34.96770006734563
            ],
            [
              127.48011868738577,
              34.96771588978893
            ],
            [
              127.4801231613669,
              34.96775314755728
            ],
            [
              127.48013666176662,
              34.96779440043259
            ],
            [
              127.47999199874386,
              34.96783560207586
            ],
            [
              127.48000078343262,
              34.967823470973954
            ],
            [
              127.4799634890778,
              34.96777137069485
            ],
            [
              127.47994200047481,
              34.96775023629155
            ],
            [
              127.47992173747578,
              34.96773984444814
            ],
            [
              127.47989063566764,
              34.967728743075064
            ],
            [
              127.47986462257442,
              34.96772444103061
            ]
          ]
        ]
      }
    },
    {
      "type": "Feature",
      "id": "RZ-025",
      "properties": {
        "FEATURE_ID": "RZ-025",
        "ZONE_NAME": "기초교육관대로",
        "SOURCE": "road_zone_sketchup.dxf",
        "CRS_SOURCE": "EPSG:5179",
        "CRS_OUTPUT": "EPSG:4326"
      },
      "geometry": {
        "type": "Polygon",
        "coordinates": [
          [
            [
              127.47967830942383,
              34.96769655568699
            ],
            [
              127.47968833665568,
              34.96762649189294
            ],
            [
              127.47986961431276,
              34.96765301147512
            ],
            [
              127.47988300121337,
              34.96765554130774
            ],
            [
              127.47986462252493,
              34.96772464323975
            ],
            [
              127.47967830942383,
              34.96769655568699
            ]
          ]
        ]
      }
    },
    {
      "type": "Feature",
      "id": "RZ-026",
      "properties": {
        "FEATURE_ID": "RZ-026",
        "ZONE_NAME": "기초교육관뒷길",
        "SOURCE": "road_zone_sketchup.dxf",
        "CRS_SOURCE": "EPSG:5179",
        "CRS_OUTPUT": "EPSG:4326"
      },
      "geometry": {
        "type": "Polygon",
        "coordinates": [
          [
            [
              127.47968706101916,
              34.968378419010584
            ],
            [
              127.47963738565048,
              34.968353058722116
            ],
            [
              127.47938985520582,
              34.968404024219446
            ],
            [
              127.47934690680015,
              34.96824690042866
            ],
            [
              127.47935993327715,
              34.968217683423426
            ],
            [
              127.47893833531897,
              34.96802086154899
            ],
            [
              127.4787454932087,
              34.96806672942709
            ],
            [
              127.4786983693308,
              34.96791324443223
            ],
            [
              127.47861192914115,
              34.967871270842316
            ],
            [
              127.47860842788799,
              34.9678744929339
            ],
            [
              127.47870147467717,
              34.9681346892618
            ],
            [
              127.47885120183935,
              34.968106861119246
            ],
            [
              127.47887766925528,
              34.9681096461011
            ],
            [
              127.47889701205328,
              34.96811612015615
            ],
            [
              127.47904769423789,
              34.96819611995931
            ],
            [
              127.47906537783972,
              34.96820704230214
            ],
            [
              127.47907962183595,
              34.968220289454955
            ],
            [
              127.47917486693964,
              34.96847660589673
            ],
            [
              127.47926391411767,
              34.96847318357856
            ],
            [
              127.47927417091633,
              34.968468736728646
            ],
            [
              127.47968706101916,
              34.968378419010584
            ]
          ]
        ]
      }
    },
    {
      "type": "Feature",
      "id": "RZ-027",
      "properties": {
        "FEATURE_ID": "RZ-027",
        "ZONE_NAME": "기초교육관앞길",
        "SOURCE": "road_zone_sketchup.dxf",
        "CRS_SOURCE": "EPSG:5179",
        "CRS_OUTPUT": "EPSG:4326"
      },
      "geometry": {
        "type": "Polygon",
        "coordinates": [
          [
            [
              127.4786983540942,
              34.96791279577798
            ],
            [
              127.47861194449216,
              34.96787127716401
            ],
            [
              127.47913390875514,
              34.96776796958256
            ],
            [
              127.47914530056553,
              34.96776749129257
            ],
            [
              127.47916246456106,
              34.96776868221752
            ],
            [
              127.47920375579156,
              34.9677982876593
            ],
            [
              127.47923350761286,
              34.967804965652206
            ],
            [
              127.47926484111618,
              34.96781025371998
            ],
            [
              127.47946002121611,
              34.96789704093017
            ],
            [
              127.47956546528792,
              34.96795204696713
            ],
            [
              127.47959483470605,
              34.96801528017644
            ],
            [
              127.47960710927073,
              34.96804601802755
            ],
            [
              127.47969091602232,
              34.96837253663345
            ],
            [
              127.47968710708223,
              34.96837840006117
            ],
            [
              127.47963743170725,
              34.968353065048866
            ],
            [
              127.4795764432152,
              34.96813466894352
            ],
            [
              127.47949797150038,
              34.968088349828975
            ],
            [
              127.4795041019524,
              34.96806944430925
            ],
            [
              127.47949968359126,
              34.9680564895405
            ],
            [
              127.47945277125277,
              34.968033985845715
            ],
            [
              127.47944296596027,
              34.968044290533484
            ],
            [
              127.47911340625753,
              34.967884981964126
            ],
            [
              127.47911712279799,
              34.967880306516754
            ],
            [
              127.47911003465255,
              34.96786138610454
            ],
            [
              127.47906979963886,
              34.96784405238081
            ],
            [
              127.47898578784941,
              34.96785126685002
            ],
            [
              127.4786983540942,
              34.96791279577798
            ]
          ]
        ]
      }
    },
    {
      "type": "Feature",
      "id": "RZ-028",
      "properties": {
        "FEATURE_ID": "RZ-028",
        "ZONE_NAME": "낙우송대로",
        "SOURCE": "road_zone_sketchup.dxf",
        "CRS_SOURCE": "EPSG:5179",
        "CRS_OUTPUT": "EPSG:4326"
      },
      "geometry": {
        "type": "Polygon",
        "coordinates": [
          [
            [
              127.48120867094327,
              34.96844481598873
            ],
            [
              127.48119718856047,
              34.96837098260339
            ],
            [
              127.48120148739443,
              34.96837075578361
            ],
            [
              127.4812680909367,
              34.968357028492136
            ],
            [
              127.48127730317441,
              34.96835455285083
            ],
            [
              127.48128350640282,
              34.968351470117774
            ],
            [
              127.48160000270302,
              34.968289339174056
            ],
            [
              127.48162332108912,
              34.96836921531169
            ],
            [
              127.48156596132353,
              34.96837694111788
            ],
            [
              127.48150080055433,
              34.96839255186497
            ],
            [
              127.48142277592297,
              34.96840014807326
            ],
            [
              127.48137376603204,
              34.968416746991124
            ],
            [
              127.48120867094327,
              34.96844481598873
            ]
          ]
        ]
      }
    },
    {
      "type": "Feature",
      "id": "RZ-029",
      "properties": {
        "FEATURE_ID": "RZ-029",
        "ZONE_NAME": "낙우송삼거리",
        "SOURCE": "road_zone_sketchup.dxf",
        "CRS_SOURCE": "EPSG:5179",
        "CRS_OUTPUT": "EPSG:4326"
      },
      "geometry": {
        "type": "Polygon",
        "coordinates": [
          [
            [
              127.48098059095967,
              34.96855327594664
            ],
            [
              127.48116187973145,
              34.968541980491885
            ],
            [
              127.48114200051896,
              34.96846321695227
            ],
            [
              127.48114433590668,
              34.96845553336806
            ],
            [
              127.4812086972815,
              34.96844502846919
            ],
            [
              127.4811971689038,
              34.96837091703918
            ],
            [
              127.48118341260489,
              34.96837177429738
            ],
            [
              127.48117002507348,
              34.96837131725185
            ],
            [
              127.48115762041034,
              34.968369596550275
            ],
            [
              127.48114822526558,
              34.96836625864161
            ],
            [
              127.48113778645622,
              34.968361505106195
            ],
            [
              127.48112759382596,
              34.96835442620314
            ],
            [
              127.48112176093714,
              34.96834931951604
            ],
            [
              127.48111611270588,
              34.968342367699044
            ],
            [
              127.48110979078642,
              34.9683274285163
            ],
            [
              127.48110254935654,
              34.96830528548979
            ],
            [
              127.48088667537175,
              34.96836505505745
            ],
            [
              127.48086247809059,
              34.9683705614456
            ],
            [
              127.4808870238205,
              34.96845124675334
            ],
            [
              127.48094555127557,
              34.96844023555282
            ],
            [
              127.48098059095967,
              34.96855327594664
            ]
          ]
        ]
      }
    },
    {
      "type": "Feature",
      "id": "RZ-030",
      "properties": {
        "FEATURE_ID": "RZ-030",
        "ZONE_NAME": "농업센터대로",
        "SOURCE": "road_zone_sketchup.dxf",
        "CRS_SOURCE": "EPSG:5179",
        "CRS_OUTPUT": "EPSG:4326"
      },
      "geometry": {
        "type": "Polygon",
        "coordinates": [
          [
            [
              127.4806252748654,
              34.97001170662173
            ],
            [
              127.48051419152502,
              34.96996234983443
            ],
            [
              127.48047610522386,
              34.97000718357997
            ],
            [
              127.48043980294173,
              34.97003897511533
            ],
            [
              127.48042451050458,
              34.97004210689195
            ],
            [
              127.48041161299419,
              34.97004589623243
            ],
            [
              127.48030148621936,
              34.97010563120031
            ],
            [
              127.48023220491277,
              34.97013911082023
            ],
            [
              127.48013378415327,
              34.970169097530686
            ],
            [
              127.48003779053364,
              34.97019324577336
            ],
            [
              127.47993768438612,
              34.970208496061716
            ],
            [
              127.47991803219988,
              34.97020920054533
            ],
            [
              127.479796251202,
              34.97020887703271
            ],
            [
              127.47984129702306,
              34.97033536628915
            ],
            [
              127.4799076258556,
              34.9703223347966
            ],
            [
              127.47992518948466,
              34.970323904821434
            ],
            [
              127.4799340301172,
              34.970335331094624
            ],
            [
              127.47993482615175,
              34.97034488560441
            ],
            [
              127.48013178887808,
              34.97029365798982
            ],
            [
              127.48013265238934,
              34.97027818913757
            ],
            [
              127.48014070040387,
              34.97026590625316
            ],
            [
              127.48015673078307,
              34.97025888210846
            ],
            [
              127.48030044510324,
              34.970221800142035
            ],
            [
              127.48032218490499,
              34.97022281471191
            ],
            [
              127.48033728811696,
              34.970240712660676
            ],
            [
              127.48041498219649,
              34.9702105455119
            ],
            [
              127.48041289812886,
              34.97019391347991
            ],
            [
              127.48042543121566,
              34.97017318907109
            ],
            [
              127.48044348846572,
              34.970164901408445
            ],
            [
              127.48050147112257,
              34.97012588438125
            ],
            [
              127.48055159245268,
              34.97008888815814
            ],
            [
              127.48059919789019,
              34.970043145969775
            ],
            [
              127.4806252748654,
              34.97001170662173
            ]
          ]
        ]
      }
    },
    {
      "type": "Feature",
      "id": "RZ-031",
      "properties": {
        "FEATURE_ID": "RZ-031",
        "ZONE_NAME": "대운동장길",
        "SOURCE": "road_zone_sketchup.dxf",
        "CRS_SOURCE": "EPSG:5179",
        "CRS_OUTPUT": "EPSG:4326"
      },
      "geometry": {
        "type": "Polygon",
        "coordinates": [
          [
            [
              127.48183096756885,
              34.968856191396725
            ],
            [
              127.48174858184493,
              34.96858898496939
            ],
            [
              127.48173317603275,
              34.96855099261408
            ],
            [
              127.48167290347709,
              34.96840124767512
            ],
            [
              127.4816692224313,
              34.96838496928466
            ],
            [
              127.48176674793585,
              34.96836445973916
            ],
            [
              127.4819215223959,
              34.96884017983837
            ],
            [
              127.48183096756885,
              34.968856191396725
            ]
          ]
        ]
      }
    },
    {
      "type": "Feature",
      "id": "RZ-032",
      "properties": {
        "FEATURE_ID": "RZ-032",
        "ZONE_NAME": "대운동장삼거리",
        "SOURCE": "road_zone_sketchup.dxf",
        "CRS_SOURCE": "EPSG:5179",
        "CRS_OUTPUT": "EPSG:4326"
      },
      "geometry": {
        "type": "Polygon",
        "coordinates": [
          [
            [
              127.48209923330103,
              34.968867246693755
            ],
            [
              127.48214268634536,
              34.96898857855794
            ],
            [
              127.48185305405883,
              34.96905668009424
            ],
            [
              127.48180327697294,
              34.96893099968455
            ],
            [
              127.4818353968523,
              34.96892367441272
            ],
            [
              127.4818374304079,
              34.968892079543075
            ],
            [
              127.48183712684238,
              34.96887625663458
            ],
            [
              127.48183074453935,
              34.968855883111694
            ],
            [
              127.48192137606945,
              34.96884014960245
            ],
            [
              127.48192828045836,
              34.96886021988464
            ],
            [
              127.48193193348195,
              34.96886460583834
            ],
            [
              127.4819422479251,
              34.9688768915761
            ],
            [
              127.48195514209465,
              34.9688871808813
            ],
            [
              127.48196889708713,
              34.96889264257037
            ],
            [
              127.48198553976404,
              34.96889198786057
            ],
            [
              127.48209923330103,
              34.968867246693755
            ]
          ]
        ]
      }
    },
    {
      "type": "Feature",
      "id": "RZ-033",
      "properties": {
        "FEATURE_ID": "RZ-033",
        "ZONE_NAME": "대학본부대로",
        "SOURCE": "road_zone_sketchup.dxf",
        "CRS_SOURCE": "EPSG:5179",
        "CRS_OUTPUT": "EPSG:4326"
      },
      "geometry": {
        "type": "Polygon",
        "coordinates": [
          [
            [
              127.48031099830531,
              34.96821921849113
            ],
            [
              127.48029627252978,
              34.968165428472815
            ],
            [
              127.48021677227692,
              34.9680530378198
            ],
            [
              127.48013675483044,
              34.967794449815386
            ],
            [
              127.47997940954252,
              34.96783951661866
            ],
            [
              127.4799736677858,
              34.967838896406484
            ],
            [
              127.48001694631326,
              34.967905076478395
            ],
            [
              127.48002390135589,
              34.96790397811037
            ],
            [
              127.48003532398658,
              34.96790308268561
            ],
            [
              127.48004769808027,
              34.96790385564154
            ],
            [
              127.4800507376862,
              34.96790480399625
            ],
            [
              127.48005242598452,
              34.96790686427922
            ],
            [
              127.48011670440282,
              34.96810149322009
            ],
            [
              127.48011581319462,
              34.96810260798902
            ],
            [
              127.4800819583659,
              34.96811099412052
            ],
            [
              127.48012770020128,
              34.96821326888469
            ],
            [
              127.48018320913931,
              34.96821327479684
            ],
            [
              127.48018460890114,
              34.96824182008172
            ],
            [
              127.48031081406609,
              34.968219243737416
            ],
            [
              127.48028214513522,
              34.96821787622973
            ],
            [
              127.48031099830531,
              34.96821921849113
            ]
          ]
        ]
      }
    },
    {
      "type": "Feature",
      "id": "RZ-034",
      "properties": {
        "FEATURE_ID": "RZ-034",
        "ZONE_NAME": "대학본부뒷길",
        "SOURCE": "road_zone_sketchup.dxf",
        "CRS_SOURCE": "EPSG:5179",
        "CRS_OUTPUT": "EPSG:4326"
      },
      "geometry": {
        "type": "Polygon",
        "coordinates": [
          [
            [
              127.48029651811034,
              34.96816569391215
            ],
            [
              127.48021674158664,
              34.96805297462448
            ],
            [
              127.48023718855043,
              34.96806495884507
            ],
            [
              127.48025272468196,
              34.96806844947993
            ],
            [
              127.48026797721339,
              34.968070170736745
            ],
            [
              127.48028237048274,
              34.968069844484596
            ],
            [
              127.48030395722894,
              34.96806651153664
            ],
            [
              127.4813666950953,
              34.967836211369544
            ],
            [
              127.48139332860302,
              34.967919222307586
            ],
            [
              127.480865169522,
              34.968030557477945
            ],
            [
              127.48081367388676,
              34.96804162030391
            ],
            [
              127.48071043696062,
              34.968063619470534
            ],
            [
              127.48036958862782,
              34.96813737118993
            ],
            [
              127.48030448960779,
              34.96815141418494
            ],
            [
              127.48029644370675,
              34.968155836204694
            ],
            [
              127.48029578262756,
              34.96815964015682
            ],
            [
              127.48029651811034,
              34.96816569391215
            ]
          ]
        ]
      }
    },
    {
      "type": "Feature",
      "id": "RZ-035",
      "properties": {
        "FEATURE_ID": "RZ-035",
        "ZONE_NAME": "대학본부사거리",
        "SOURCE": "road_zone_sketchup.dxf",
        "CRS_SOURCE": "EPSG:5179",
        "CRS_OUTPUT": "EPSG:4326"
      },
      "geometry": {
        "type": "Polygon",
        "coordinates": [
          [
            [
              127.48045927540987,
              34.96844509779553
            ],
            [
              127.48047535137029,
              34.96850318495261
            ],
            [
              127.48041559529332,
              34.96851540898303
            ],
            [
              127.48038894141588,
              34.96852120555612
            ],
            [
              127.4803779624434,
              34.968528356930506
            ],
            [
              127.48037376967167,
              34.96853444148385
            ],
            [
              127.48037287795401,
              34.968539698776965
            ],
            [
              127.48037342894969,
              34.96854685201377
            ],
            [
              127.48040045990776,
              34.96863385685407
            ],
            [
              127.48024560049052,
              34.96867821666498
            ],
            [
              127.48021887551104,
              34.96859631762105
            ],
            [
              127.4802079553809,
              34.968550212161894
            ],
            [
              127.48019715195446,
              34.96852958507011
            ],
            [
              127.48016866310984,
              34.96850470869905
            ],
            [
              127.48015411036978,
              34.968497527897846
            ],
            [
              127.48012862679418,
              34.968488828738394
            ],
            [
              127.48007544504779,
              34.968487151799636
            ],
            [
              127.48005151642072,
              34.968397367019065
            ],
            [
              127.48008394336459,
              34.96838978949883
            ],
            [
              127.4801149600685,
              34.96837301122365
            ],
            [
              127.4801414337734,
              34.96835026702838
            ],
            [
              127.48016907768623,
              34.96831336837916
            ],
            [
              127.4801801392135,
              34.96828212887401
            ],
            [
              127.48018505925906,
              34.968252404934304
            ],
            [
              127.48018461658035,
              34.96824180783968
            ],
            [
              127.48031088313216,
              34.96821933260988
            ],
            [
              127.48037615244881,
              34.96845710319749
            ],
            [
              127.48038898699343,
              34.968458798772126
            ],
            [
              127.48045927540987,
              34.96844509779553
            ]
          ]
        ]
      }
    },
    {
      "type": "Feature",
      "id": "RZ-036",
      "properties": {
        "FEATURE_ID": "RZ-036",
        "ZONE_NAME": "대학본부앞길",
        "SOURCE": "road_zone_sketchup.dxf",
        "CRS_SOURCE": "EPSG:5179",
        "CRS_OUTPUT": "EPSG:4326"
      },
      "geometry": {
        "type": "Polygon",
        "coordinates": [
          [
            [
              127.48086204804781,
              34.968371269109795
            ],
            [
              127.48088708520824,
              34.968451347867564
            ],
            [
              127.48082051258231,
              34.968463571024365
            ],
            [
              127.4808114324414,
              34.968426160901465
            ],
            [
              127.48072744858901,
              34.96844331010252
            ],
            [
              127.48073787990093,
              34.968480037990105
            ],
            [
              127.48066700818008,
              34.968493372530936
            ],
            [
              127.48059190423272,
              34.96848476666396
            ],
            [
              127.48057710445407,
              34.968483348834035
            ],
            [
              127.48057047199077,
              34.968483549982246
            ],
            [
              127.48047527999952,
              34.96850269403019
            ],
            [
              127.48045957235055,
              34.96844526411202
            ],
            [
              127.4805959117104,
              34.96841798774015
            ],
            [
              127.48086204804781,
              34.968371269109795
            ]
          ]
        ]
      }
    },
    {
      "type": "Feature",
      "id": "RZ-037",
      "properties": {
        "FEATURE_ID": "RZ-037",
        "ZONE_NAME": "매화삼거리",
        "SOURCE": "road_zone_sketchup.dxf",
        "CRS_SOURCE": "EPSG:5179",
        "CRS_OUTPUT": "EPSG:4326"
      },
      "geometry": {
        "type": "Polygon",
        "coordinates": [
          [
            [
              127.48166408402898,
              34.968363496426946
            ],
            [
              127.48162348997263,
              34.968369202699165
            ],
            [
              127.48159998736435,
              34.96828927598136
            ],
            [
              127.48161939416167,
              34.96828531056588
            ],
            [
              127.48160031258898,
              34.96820801323485
            ],
            [
              127.48171220819543,
              34.968187000385996
            ],
            [
              127.48176657903552,
              34.968364548180276
            ],
            [
              127.48166911491948,
              34.968385158839475
            ],
            [
              127.48166408402898,
              34.968363496426946
            ]
          ]
        ]
      }
    },
    {
      "type": "Feature",
      "id": "RZ-038",
      "properties": {
        "FEATURE_ID": "RZ-038",
        "ZONE_NAME": "미래창조대로",
        "SOURCE": "road_zone_sketchup.dxf",
        "CRS_SOURCE": "EPSG:5179",
        "CRS_OUTPUT": "EPSG:4326"
      },
      "geometry": {
        "type": "Polygon",
        "coordinates": [
          [
            [
              127.47901458611251,
              34.96763880688434
            ],
            [
              127.47910897637229,
              34.967630431478014
            ],
            [
              127.47913845363556,
              34.96762977936533
            ],
            [
              127.47924935875089,
              34.96763955495716
            ],
            [
              127.47925380529375,
              34.96754047323079
            ],
            [
              127.47918993954792,
              34.96753560928433
            ],
            [
              127.4791157561199,
              34.96753357445865
            ],
            [
              127.47901995396738,
              34.96754023084866
            ],
            [
              127.47890228824194,
              34.96755234301414
            ],
            [
              127.4787713556605,
              34.96757274332268
            ],
            [
              127.47866803900105,
              34.96759454176057
            ],
            [
              127.47866762759111,
              34.96759436152649
            ],
            [
              127.47870838062926,
              34.96768556500613
            ],
            [
              127.4788292420602,
              34.967665163010714
            ],
            [
              127.47882921194079,
              34.96766514981574
            ],
            [
              127.47901458611251,
              34.96763880688434
            ]
          ]
        ]
      }
    },
    {
      "type": "Feature",
      "id": "RZ-039",
      "properties": {
        "FEATURE_ID": "RZ-039",
        "ZONE_NAME": "미래창조사거리",
        "SOURCE": "road_zone_sketchup.dxf",
        "CRS_SOURCE": "EPSG:5179",
        "CRS_OUTPUT": "EPSG:4326"
      },
      "geometry": {
        "type": "Polygon",
        "coordinates": [
          [
            [
              127.47924963504774,
              34.96763975721356
            ],
            [
              127.47925359050978,
              34.967539866566675
            ],
            [
              127.47935056614897,
              34.96755237582853
            ],
            [
              127.47939858782156,
              34.967527253177344
            ],
            [
              127.47939810850995,
              34.96751009059379
            ],
            [
              127.47947002690991,
              34.967483360611354
            ],
            [
              127.47956739274909,
              34.96760915112707
            ],
            [
              127.47968836706924,
              34.96762767355763
            ],
            [
              127.47967827872621,
              34.967696524086534
            ],
            [
              127.47965939563939,
              34.967693715273356
            ],
            [
              127.47960335883312,
              34.96769198709724
            ],
            [
              127.47957019676073,
              34.9676932453304
            ],
            [
              127.47954028618499,
              34.96770764769719
            ],
            [
              127.47951854188645,
              34.967727409976554
            ],
            [
              127.47948816500124,
              34.967764712438004
            ],
            [
              127.47944619990321,
              34.96785109920146
            ],
            [
              127.47944648592922,
              34.96787382250268
            ],
            [
              127.47945946864965,
              34.96789651635672
            ],
            [
              127.47926484879251,
              34.96781025372127
            ],
            [
              127.47929117884817,
              34.96780948097247
            ],
            [
              127.4793135956405,
              34.9678020536067
            ],
            [
              127.47933754914425,
              34.9677888635375
            ],
            [
              127.47935941528424,
              34.967773246599016
            ],
            [
              127.47938527530299,
              34.967748884788826
            ],
            [
              127.4793973193949,
              34.96771855546008
            ],
            [
              127.47939474812028,
              34.9676867070825
            ],
            [
              127.47938828795287,
              34.96767351183908
            ],
            [
              127.4793746271714,
              34.96766118739958
            ],
            [
              127.47924963504774,
              34.96763975721356
            ]
          ]
        ]
      }
    },
    {
      "type": "Feature",
      "id": "RZ-040",
      "properties": {
        "FEATURE_ID": "RZ-040",
        "ZONE_NAME": "미래창조초입로",
        "SOURCE": "road_zone_sketchup.dxf",
        "CRS_SOURCE": "EPSG:5179",
        "CRS_OUTPUT": "EPSG:4326"
      },
      "geometry": {
        "type": "Polygon",
        "coordinates": [
          [
            [
              127.47939806627123,
              34.967510166415
            ],
            [
              127.4794700461196,
              34.96748328478612
            ],
            [
              127.47937682453954,
              34.967362449018125
            ],
            [
              127.47928674911387,
              34.96706417516637
            ],
            [
              127.47921232457924,
              34.967045862520045
            ],
            [
              127.47924005545725,
              34.967151016032695
            ],
            [
              127.47926787988527,
              34.96737264203182
            ],
            [
              127.47930791134817,
              34.967405002324874
            ],
            [
              127.47939806627123,
              34.967510166415
            ]
          ]
        ]
      }
    },
    {
      "type": "Feature",
      "id": "RZ-041",
      "properties": {
        "FEATURE_ID": "RZ-041",
        "ZONE_NAME": "박물관뒷길",
        "SOURCE": "road_zone_sketchup.dxf",
        "CRS_SOURCE": "EPSG:5179",
        "CRS_OUTPUT": "EPSG:4326"
      },
      "geometry": {
        "type": "Polygon",
        "coordinates": [
          [
            [
              127.48326990703889,
              34.96985435296724
            ],
            [
              127.48328561465885,
              34.96992290400829
            ],
            [
              127.48277636033878,
              34.97003404784331
            ],
            [
              127.48274236095271,
              34.969923940174226
            ],
            [
              127.48323911450065,
              34.969826266935115
            ],
            [
              127.48324949369707,
              34.96982369020136
            ],
            [
              127.48326990703889,
              34.96985435296724
            ]
          ]
        ]
      }
    },
    {
      "type": "Feature",
      "id": "RZ-042",
      "properties": {
        "FEATURE_ID": "RZ-042",
        "ZONE_NAME": "박물관삼거리",
        "SOURCE": "road_zone_sketchup.dxf",
        "CRS_SOURCE": "EPSG:5179",
        "CRS_OUTPUT": "EPSG:4326"
      },
      "geometry": {
        "type": "Polygon",
        "coordinates": [
          [
            [
              127.4826135713418,
              34.96875348400421
            ],
            [
              127.482244102301,
              34.96883552744894
            ],
            [
              127.4822871163957,
              34.96895038394334
            ],
            [
              127.48224391810191,
              34.968835363127106
            ],
            [
              127.48209898003475,
              34.96886698757599
            ],
            [
              127.48214267863735,
              34.96898872389459
            ],
            [
              127.48228877985521,
              34.968954825722925
            ],
            [
              127.4822887842096,
              34.96895483735006
            ],
            [
              127.48239685872798,
              34.96892941262954
            ],
            [
              127.4824085246064,
              34.96894028305968
            ],
            [
              127.48241190116379,
              34.968945338776514
            ],
            [
              127.48242494270768,
              34.96898477144111
            ],
            [
              127.48242653949104,
              34.9689843925301
            ],
            [
              127.4824401725438,
              34.968985936346556
            ],
            [
              127.48244747939032,
              34.96899127066811
            ],
            [
              127.4824597546273,
              34.96902453584012
            ],
            [
              127.48252927597447,
              34.96900877355071
            ],
            [
              127.48252399787933,
              34.968993202689866
            ],
            [
              127.48252191121504,
              34.96898693390718
            ],
            [
              127.48251299600426,
              34.968964209375024
            ],
            [
              127.482512014627,
              34.968958522102476
            ],
            [
              127.48251508725369,
              34.96894889233598
            ],
            [
              127.48252288850277,
              34.968939591839785
            ],
            [
              127.48253572586515,
              34.96892857328996
            ],
            [
              127.48255046636136,
              34.968920487044336
            ],
            [
              127.48266070543157,
              34.96889544154193
            ],
            [
              127.4826135713418,
              34.96875348400421
            ]
          ]
        ]
      }
    },
    {
      "type": "Feature",
      "id": "RZ-043",
      "properties": {
        "FEATURE_ID": "RZ-043",
        "ZONE_NAME": "박물관옆길",
        "SOURCE": "road_zone_sketchup.dxf",
        "CRS_SOURCE": "EPSG:5179",
        "CRS_OUTPUT": "EPSG:4326"
      },
      "geometry": {
        "type": "Polygon",
        "coordinates": [
          [
            [
              127.48252891888872,
              34.9690093890129
            ],
            [
              127.48245915189429,
              34.969025151266614
            ],
            [
              127.48256913751308,
              34.969327671921604
            ],
            [
              127.482607931961,
              34.96941220088618
            ],
            [
              127.48262388156172,
              34.96949510889799
            ],
            [
              127.48262363213489,
              34.969513004367
            ],
            [
              127.48262657690233,
              34.96952726052932
            ],
            [
              127.48270322284081,
              34.969509578174346
            ],
            [
              127.48256144660125,
              34.96910594853688
            ],
            [
              127.48252947160427,
              34.969009338540154
            ],
            [
              127.48252891888872,
              34.9690093890129
            ]
          ]
        ]
      }
    },
    {
      "type": "Feature",
      "id": "RZ-044",
      "properties": {
        "FEATURE_ID": "RZ-044",
        "ZONE_NAME": "사과대길",
        "SOURCE": "road_zone_sketchup.dxf",
        "CRS_SOURCE": "EPSG:5179",
        "CRS_OUTPUT": "EPSG:4326"
      },
      "geometry": {
        "type": "Polygon",
        "coordinates": [
          [
            [
              127.47768970304786,
              34.968016218421006
            ],
            [
              127.47771980243904,
              34.967986499203015
            ],
            [
              127.47776943311152,
              34.967946976410765
            ],
            [
              127.47786672449101,
              34.96788532039209
            ],
            [
              127.47796638559048,
              34.96783160143378
            ],
            [
              127.47796851224282,
              34.96783046439315
            ],
            [
              127.47801967367656,
              34.96780701740251
            ],
            [
              127.47802943907891,
              34.967802924434295
            ],
            [
              127.47812941198012,
              34.96775944855506
            ],
            [
              127.47813435564834,
              34.96775905134597
            ],
            [
              127.47827514624896,
              34.9677052257886
            ],
            [
              127.47829651922979,
              34.967697394005405
            ],
            [
              127.47835422276647,
              34.967782913498006
            ],
            [
              127.47832474261955,
              34.967794282504656
            ],
            [
              127.47821253465136,
              34.96783409762836
            ],
            [
              127.47817574560531,
              34.96784915560423
            ],
            [
              127.47803506777777,
              34.96791070292712
            ],
            [
              127.47795338035435,
              34.96795183768615
            ],
            [
              127.47782513200848,
              34.96803522560762
            ],
            [
              127.47778410050726,
              34.96806858261667
            ],
            [
              127.47768970304786,
              34.968016218421006
            ]
          ]
        ]
      }
    },
    {
      "type": "Feature",
      "id": "RZ-045",
      "properties": {
        "FEATURE_ID": "RZ-045",
        "ZONE_NAME": "사과대사거리",
        "SOURCE": "road_zone_sketchup.dxf",
        "CRS_SOURCE": "EPSG:5179",
        "CRS_OUTPUT": "EPSG:4326"
      },
      "geometry": {
        "type": "Polygon",
        "coordinates": [
          [
            [
              127.47835423044283,
              34.96778291349939
            ],
            [
              127.47829649615416,
              34.96769757093431
            ],
            [
              127.47833236333825,
              34.96768483816225
            ],
            [
              127.47834255845208,
              34.96768125076833
            ],
            [
              127.47834651977193,
              34.96767998766749
            ],
            [
              127.4783691361157,
              34.96767287646327
            ],
            [
              127.47840693749082,
              34.96766099076444
            ],
            [
              127.47840445199486,
              34.96765475975299
            ],
            [
              127.4785201430976,
              34.96762099870339
            ],
            [
              127.47850588210997,
              34.967555985936954
            ],
            [
              127.478574542093,
              34.96754457325196
            ],
            [
              127.47857545850036,
              34.96756282278997
            ],
            [
              127.47858619933832,
              34.96758592708029
            ],
            [
              127.47860768938986,
              34.96759998440383
            ],
            [
              127.4786257431595,
              34.96760362734738
            ],
            [
              127.478667873149,
              34.96759468699975
            ],
            [
              127.47870871836241,
              34.96768566301018
            ],
            [
              127.47866428581086,
              34.967693136951
            ],
            [
              127.47858966504066,
              34.967719309903735
            ],
            [
              127.47856614178622,
              34.96773068001913
            ],
            [
              127.47854436660832,
              34.96775018935706
            ],
            [
              127.47852421624498,
              34.9677795061221
            ],
            [
              127.47851561335835,
              34.96780012993362
            ],
            [
              127.47851953805133,
              34.96782156479748
            ],
            [
              127.47844335461313,
              34.96783449268424
            ],
            [
              127.47842086693066,
              34.967760638118385
            ],
            [
              127.47841025038753,
              34.96776126813512
            ],
            [
              127.47835476018523,
              34.96778262923722
            ],
            [
              127.47835423044283,
              34.96778291349939
            ]
          ]
        ]
      }
    },
    {
      "type": "Feature",
      "id": "RZ-046",
      "properties": {
        "FEATURE_ID": "RZ-046",
        "ZONE_NAME": "사과대앞길",
        "SOURCE": "road_zone_sketchup.dxf",
        "CRS_SOURCE": "EPSG:5179",
        "CRS_OUTPUT": "EPSG:4326"
      },
      "geometry": {
        "type": "Polygon",
        "coordinates": [
          [
            [
              127.47802001434106,
              34.96780691714942
            ],
            [
              127.4780213660526,
              34.96780438977971
            ],
            [
              127.47802182734875,
              34.967801710591985
            ],
            [
              127.4780186119128,
              34.96776940709865
            ],
            [
              127.4780223889962,
              34.96776819452734
            ],
            [
              127.47801514900672,
              34.96774395339519
            ],
            [
              127.47801006021226,
              34.96771291336937
            ],
            [
              127.47801129187015,
              34.96770002275901
            ],
            [
              127.4780160858456,
              34.96768526235887
            ],
            [
              127.47802702247677,
              34.96766453790004
            ],
            [
              127.47805319135125,
              34.967634767334154
            ],
            [
              127.4782413727805,
              34.967561854242554
            ],
            [
              127.47836664823667,
              34.967569863884215
            ],
            [
              127.47833415653399,
              34.967590786739635
            ],
            [
              127.47810418156041,
              34.9676772910123
            ],
            [
              127.47809069631677,
              34.96769834360815
            ],
            [
              127.47808825113746,
              34.96771376161475
            ],
            [
              127.47809064234525,
              34.96772806834355
            ],
            [
              127.47809577445044,
              34.96774070734115
            ],
            [
              127.47810245509767,
              34.96774313268606
            ],
            [
              127.4781194409211,
              34.96775754472918
            ],
            [
              127.47812477548462,
              34.96775939716768
            ],
            [
              127.47812941198177,
              34.967759442235995
            ],
            [
              127.47802001434106,
              34.96780691714942
            ]
          ]
        ]
      }
    },
    {
      "type": "Feature",
      "id": "RZ-047",
      "properties": {
        "FEATURE_ID": "RZ-047",
        "ZONE_NAME": "사과대주차장길",
        "SOURCE": "road_zone_sketchup.dxf",
        "CRS_SOURCE": "EPSG:5179",
        "CRS_OUTPUT": "EPSG:4326"
      },
      "geometry": {
        "type": "Polygon",
        "coordinates": [
          [
            [
              127.47806277992323,
              34.96759202631684
            ],
            [
              127.47804180194258,
              34.96750042177801
            ],
            [
              127.47802327175995,
              34.967441272247356
            ],
            [
              127.47809954795736,
              34.96742480597965
            ],
            [
              127.47806199820019,
              34.96729932841733
            ],
            [
              127.47801986853925,
              34.967307358614065
            ],
            [
              127.47801471357886,
              34.967294214085314
            ],
            [
              127.47811813444311,
              34.96727239417354
            ],
            [
              127.4781661033485,
              34.96741803131839
            ],
            [
              127.47818934820877,
              34.96741425671148
            ],
            [
              127.47823721173587,
              34.967552778571275
            ],
            [
              127.47806277992323,
              34.96759202631684
            ]
          ]
        ]
      }
    },
    {
      "type": "Feature",
      "id": "RZ-048",
      "properties": {
        "FEATURE_ID": "RZ-048",
        "ZONE_NAME": "사과대중길",
        "SOURCE": "road_zone_sketchup.dxf",
        "CRS_SOURCE": "EPSG:5179",
        "CRS_OUTPUT": "EPSG:4326"
      },
      "geometry": {
        "type": "Polygon",
        "coordinates": [
          [
            [
              127.47724909825659,
              34.96745998648092
            ],
            [
              127.47724113217224,
              34.96739750235803
            ],
            [
              127.47724568333801,
              34.96737293479776
            ],
            [
              127.47725502230527,
              34.96735635539589
            ],
            [
              127.47728708467955,
              34.96733411838854
            ],
            [
              127.47732504067794,
              34.96731825206182
            ],
            [
              127.47741568806542,
              34.967297643617776
            ],
            [
              127.47754932166218,
              34.967280682825
            ],
            [
              127.47757597432162,
              34.96727861510515
            ],
            [
              127.4776162578095,
              34.96728489102054
            ],
            [
              127.47768725098126,
              34.967274591417045
            ],
            [
              127.47775382051337,
              34.967271974910105
            ],
            [
              127.47779140487538,
              34.96726743208263
            ],
            [
              127.47789936976297,
              34.967246978099794
            ],
            [
              127.4780961398747,
              34.967204145404786
            ],
            [
              127.478118475159,
              34.96727209171097
            ],
            [
              127.47801407172933,
              34.96729391144516
            ],
            [
              127.47763084864583,
              34.96737624169831
            ],
            [
              127.4776044405936,
              34.96738199979246
            ],
            [
              127.47760297100815,
              34.967366328311435
            ],
            [
              127.47759499225023,
              34.967349442374704
            ],
            [
              127.47756895872917,
              34.96733295752238
            ],
            [
              127.4775353073504,
              34.9673273905504
            ],
            [
              127.4775019002081,
              34.96732697994797
            ],
            [
              127.4774838447233,
              34.96733000973928
            ],
            [
              127.47746382281709,
              34.96733774052606
            ],
            [
              127.47743888485958,
              34.9673571985278
            ],
            [
              127.47740460766123,
              34.96739429753642
            ],
            [
              127.47738912456323,
              34.96742219951891
            ],
            [
              127.47724909825659,
              34.96745998648092
            ]
          ]
        ]
      }
    },
    {
      "type": "Feature",
      "id": "RZ-049",
      "properties": {
        "FEATURE_ID": "RZ-049",
        "ZONE_NAME": "사과대초입로",
        "SOURCE": "road_zone_sketchup.dxf",
        "CRS_SOURCE": "EPSG:5179",
        "CRS_OUTPUT": "EPSG:4326"
      },
      "geometry": {
        "type": "Polygon",
        "coordinates": [
          [
            [
              127.47749200176291,
              34.96802813202736
            ],
            [
              127.47748963796818,
              34.96802621060242
            ],
            [
              127.47748572319881,
              34.968025565335104
            ],
            [
              127.47743593103753,
              34.96803746115725
            ],
            [
              127.47724927872501,
              34.96745971479615
            ],
            [
              127.4773890593059,
              34.96742223110189
            ],
            [
              127.47738782523513,
              34.96744356393846
            ],
            [
              127.47739052129639,
              34.967465403029564
            ],
            [
              127.47739014922242,
              34.96747854655558
            ],
            [
              127.47738664824028,
              34.96748066909991
            ],
            [
              127.4773923224489,
              34.967503469238835
            ],
            [
              127.47734042626328,
              34.96751905494834
            ],
            [
              127.47736199323055,
              34.96758753204569
            ],
            [
              127.47738431713137,
              34.96758334036492
            ],
            [
              127.47741904487323,
              34.96769504210765
            ],
            [
              127.47745104095193,
              34.96769095331727
            ],
            [
              127.47749976381097,
              34.967827049110966
            ],
            [
              127.47746598568979,
              34.96783508066179
            ],
            [
              127.47749284850964,
              34.96790728062695
            ],
            [
              127.47749708502712,
              34.967910314549165
            ],
            [
              127.47750092639927,
              34.96791266594217
            ],
            [
              127.47750499449353,
              34.967914031607485
            ],
            [
              127.47758402781741,
              34.96792290550893
            ],
            [
              127.47759508176783,
              34.967922907548726
            ],
            [
              127.47762797747167,
              34.96799833762301
            ],
            [
              127.47749200176291,
              34.96802813202736
            ]
          ]
        ]
      }
    },
    {
      "type": "Feature",
      "id": "RZ-050",
      "properties": {
        "FEATURE_ID": "RZ-050",
        "ZONE_NAME": "사범대2길",
        "SOURCE": "road_zone_sketchup.dxf",
        "CRS_SOURCE": "EPSG:5179",
        "CRS_OUTPUT": "EPSG:4326"
      },
      "geometry": {
        "type": "Polygon",
        "coordinates": [
          [
            [
              127.47834086997015,
              34.968584234324126
            ],
            [
              127.47832759891901,
              34.968607789319194
            ],
            [
              127.47832820962437,
              34.968620730811885
            ],
            [
              127.47839176592495,
              34.96887158254551
            ],
            [
              127.47839937692254,
              34.96888695179197
            ],
            [
              127.47841116311379,
              34.968905354916856
            ],
            [
              127.4784270037735,
              34.96891880463764
            ],
            [
              127.47850846780966,
              34.96897157038281
            ],
            [
              127.47843255373766,
              34.96909495503218
            ],
            [
              127.47828919292523,
              34.969018443893646
            ],
            [
              127.47828148723698,
              34.96901285648927
            ],
            [
              127.47825495405597,
              34.96890932067749
            ],
            [
              127.4782619658184,
              34.968868273483174
            ],
            [
              127.47818908222342,
              34.968591638343874
            ],
            [
              127.47834086997015,
              34.968584234324126
            ]
          ]
        ]
      }
    },
    {
      "type": "Feature",
      "id": "RZ-051",
      "properties": {
        "FEATURE_ID": "RZ-051",
        "ZONE_NAME": "사범대3길",
        "SOURCE": "road_zone_sketchup.dxf",
        "CRS_SOURCE": "EPSG:5179",
        "CRS_OUTPUT": "EPSG:4326"
      },
      "geometry": {
        "type": "Polygon",
        "coordinates": [
          [
            [
              127.47859819739335,
              34.968530631336776
            ],
            [
              127.47855598442992,
              34.96838478055836
            ],
            [
              127.47847811146994,
              34.96839846645151
            ],
            [
              127.47848240532957,
              34.96841729793737
            ],
            [
              127.47848209771838,
              34.96841942107871
            ],
            [
              127.47848105346516,
              34.96842042562029
            ],
            [
              127.4782051195778,
              34.96847072016729
            ],
            [
              127.47818838361586,
              34.9685918404275
            ],
            [
              127.47834056292682,
              34.968584183717084
            ],
            [
              127.47836273686946,
              34.968567252655774
            ],
            [
              127.47838914623149,
              34.96855775352939
            ],
            [
              127.47859819739335,
              34.968530631336776
            ]
          ]
        ]
      }
    },
    {
      "type": "Feature",
      "id": "RZ-052",
      "properties": {
        "FEATURE_ID": "RZ-052",
        "ZONE_NAME": "사범대샛길",
        "SOURCE": "road_zone_sketchup.dxf",
        "CRS_SOURCE": "EPSG:5179",
        "CRS_OUTPUT": "EPSG:4326"
      },
      "geometry": {
        "type": "Polygon",
        "coordinates": [
          [
            [
              127.4788506825901,
              34.96971471354276
            ],
            [
              127.4787941868298,
              34.96970135789132
            ],
            [
              127.4788426108603,
              34.96957983867622
            ],
            [
              127.47886325856108,
              34.9695282789538
            ],
            [
              127.47889324692751,
              34.969453062387394
            ],
            [
              127.47892127091221,
              34.96937450902161
            ],
            [
              127.47892299202562,
              34.96936834194291
            ],
            [
              127.47894233887443,
              34.9693601558307
            ],
            [
              127.4789251618593,
              34.96928862138298
            ],
            [
              127.47889385441574,
              34.96923947913489
            ],
            [
              127.47900681705224,
              34.96925676231639
            ],
            [
              127.47900779857764,
              34.96926093304874
            ],
            [
              127.47900432876385,
              34.96926110938187
            ],
            [
              127.47899180005261,
              34.96926383703804
            ],
            [
              127.47897951280407,
              34.96928294367176
            ],
            [
              127.47900012442966,
              34.96937212144943
            ],
            [
              127.4788506825901,
              34.96971471354276
            ]
          ]
        ]
      }
    },
    {
      "type": "Feature",
      "id": "RZ-053",
      "properties": {
        "FEATURE_ID": "RZ-053",
        "ZONE_NAME": "사범대중앙로",
        "SOURCE": "road_zone_sketchup.dxf",
        "CRS_SOURCE": "EPSG:5179",
        "CRS_OUTPUT": "EPSG:4326"
      },
      "geometry": {
        "type": "Polygon",
        "coordinates": [
          [
            [
              127.47866941158293,
              34.968974401249675
            ],
            [
              127.47870553501119,
              34.968922642056995
            ],
            [
              127.47877114232494,
              34.96884611739429
            ],
            [
              127.47871676675362,
              34.96882934979684
            ],
            [
              127.4786222243232,
              34.96894524956464
            ],
            [
              127.47866941158293,
              34.968974401249675
            ]
          ]
        ]
      }
    },
    {
      "type": "Feature",
      "id": "RZ-054",
      "properties": {
        "FEATURE_ID": "RZ-054",
        "ZONE_NAME": "사범대중앙삼거리",
        "SOURCE": "road_zone_sketchup.dxf",
        "CRS_SOURCE": "EPSG:5179",
        "CRS_OUTPUT": "EPSG:4326"
      },
      "geometry": {
        "type": "Polygon",
        "coordinates": [
          [
            [
              127.47897292213393,
              34.968678066170746
            ],
            [
              127.47903826757182,
              34.968663518410565
            ],
            [
              127.47902516902195,
              34.96861336828724
            ],
            [
              127.47891368565753,
              34.96863835972229
            ],
            [
              127.47891322813446,
              34.96863845683017
            ],
            [
              127.47891321353899,
              34.96863843230919
            ],
            [
              127.47884989685726,
              34.96864448757244
            ],
            [
              127.47882017398611,
              34.9686435724514
            ],
            [
              127.4787927864414,
              34.96863608593453
            ],
            [
              127.47875718728992,
              34.96862023789206
            ],
            [
              127.47875699916136,
              34.96862045586587
            ],
            [
              127.47867023669178,
              34.9686342351119
            ],
            [
              127.47871969210802,
              34.96879722433646
            ],
            [
              127.47872079320112,
              34.96881390678133
            ],
            [
              127.47871692411161,
              34.968829384579095
            ],
            [
              127.4787712075853,
              34.968846076331964
            ],
            [
              127.47882932041898,
              34.968777942004834
            ],
            [
              127.4788710920328,
              34.9687319467055
            ],
            [
              127.47890103552753,
              34.968710821058615
            ],
            [
              127.47894376966158,
              34.96869032746369
            ],
            [
              127.47894380997435,
              34.96869039588297
            ],
            [
              127.47897292213393,
              34.968678066170746
            ]
          ]
        ]
      }
    },
    {
      "type": "Feature",
      "id": "RZ-055",
      "properties": {
        "FEATURE_ID": "RZ-055",
        "ZONE_NAME": "사범대학1호관삼거리",
        "SOURCE": "road_zone_sketchup.dxf",
        "CRS_SOURCE": "EPSG:5179",
        "CRS_OUTPUT": "EPSG:4326"
      },
      "geometry": {
        "type": "Polygon",
        "coordinates": [
          [
            [
              127.47889440958396,
              34.96923923654179
            ],
            [
              127.47900740284231,
              34.969256848317855
            ],
            [
              127.47902364443047,
              34.969143614027516
            ],
            [
              127.47900829252531,
              34.96913956719283
            ],
            [
              127.47896960687302,
              34.969124900339814
            ],
            [
              127.47894664043676,
              34.96911883008744
            ],
            [
              127.47881723144043,
              34.96913034298181
            ],
            [
              127.47881012395523,
              34.96912675568983
            ],
            [
              127.47869719870263,
              34.969084524783305
            ],
            [
              127.47868682207566,
              34.96907699067351
            ],
            [
              127.47868344798101,
              34.96906329041441
            ],
            [
              127.47868271478602,
              34.96904883233464
            ],
            [
              127.4786846834427,
              34.9690353857746
            ],
            [
              127.47867043993249,
              34.96901996482943
            ],
            [
              127.4786660217008,
              34.96900682046137
            ],
            [
              127.47866946916531,
              34.968974366505066
            ],
            [
              127.47862212840285,
              34.96894511368848
            ],
            [
              127.47860775350895,
              34.96896272862588
            ],
            [
              127.47859488631008,
              34.968968362937574
            ],
            [
              127.47857274691565,
              34.96897030529605
            ],
            [
              127.47852411588671,
              34.96897299493381
            ],
            [
              127.4785085791034,
              34.96897162727384
            ],
            [
              127.47843264194249,
              34.969095239404446
            ],
            [
              127.47859916836354,
              34.9691803988963
            ],
            [
              127.47873818612626,
              34.96925200533604
            ],
            [
              127.47884652132103,
              34.96923362322644
            ],
            [
              127.47889440958396,
              34.96923923654179
            ]
          ]
        ]
      }
    },
    {
      "type": "Feature",
      "id": "RZ-056",
      "properties": {
        "FEATURE_ID": "RZ-056",
        "ZONE_NAME": "사범대학3호관대로",
        "SOURCE": "road_zone_sketchup.dxf",
        "CRS_SOURCE": "EPSG:5179",
        "CRS_OUTPUT": "EPSG:4326"
      },
      "geometry": {
        "type": "Polygon",
        "coordinates": [
          [
            [
              127.47854748076918,
              34.9682012363555
            ],
            [
              127.47851214422785,
              34.968062514640586
            ],
            [
              127.47844330087376,
              34.967834511631814
            ],
            [
              127.4785215417044,
              34.967821078586105
            ],
            [
              127.47855074358063,
              34.967934826391314
            ],
            [
              127.47858854735547,
              34.96803209565935
            ],
            [
              127.47863198706457,
              34.96818315353602
            ],
            [
              127.47854748076918,
              34.9682012363555
            ]
          ]
        ]
      }
    },
    {
      "type": "Feature",
      "id": "RZ-057",
      "properties": {
        "FEATURE_ID": "RZ-057",
        "ZONE_NAME": "사범대학3호관삼거리",
        "SOURCE": "road_zone_sketchup.dxf",
        "CRS_SOURCE": "EPSG:5179",
        "CRS_OUTPUT": "EPSG:4326"
      },
      "geometry": {
        "type": "Polygon",
        "coordinates": [
          [
            [
              127.4785984890148,
              34.96853094733988
            ],
            [
              127.47855603044546,
              34.968384944861356
            ],
            [
              127.47857817731517,
              34.96835368218333
            ],
            [
              127.47858198407671,
              34.96835648850642
            ],
            [
              127.47862558786456,
              34.96834931776443
            ],
            [
              127.47861521887712,
              34.968312766638775
            ],
            [
              127.47857936059496,
              34.96829041621037
            ],
            [
              127.4785553111515,
              34.96819941785627
            ],
            [
              127.47863195638533,
              34.96818305242608
            ],
            [
              127.47868668597982,
              34.96837243089537
            ],
            [
              127.4787486500113,
              34.968609633057575
            ],
            [
              127.47875699916212,
              34.96862045270625
            ],
            [
              127.47867028265772,
              34.96863459214535
            ],
            [
              127.47864702779235,
              34.968557344174464
            ],
            [
              127.47863892420263,
              34.96854692897955
            ],
            [
              127.47861749515225,
              34.968533478301794
            ],
            [
              127.4785984890148,
              34.96853094733988
            ]
          ]
        ]
      }
    },
    {
      "type": "Feature",
      "id": "RZ-058",
      "properties": {
        "FEATURE_ID": "RZ-058",
        "ZONE_NAME": "산단1주차장",
        "SOURCE": "road_zone_sketchup.dxf",
        "CRS_SOURCE": "EPSG:5179",
        "CRS_OUTPUT": "EPSG:4326"
      },
      "geometry": {
        "type": "Polygon",
        "coordinates": [
          [
            [
              127.4833854034853,
              34.970077242720635
            ],
            [
              127.48334330178706,
              34.96994266681327
            ],
            [
              127.48329281946408,
              34.96994943388292
            ],
            [
              127.48280948185993,
              34.970056638342044
            ],
            [
              127.48282143359356,
              34.9700965763253
            ],
            [
              127.4828216785205,
              34.97010003919033
            ],
            [
              127.48283669128419,
              34.97014923182927
            ],
            [
              127.48284982232715,
              34.970193917149665
            ],
            [
              127.4833854034853,
              34.970077242720635
            ]
          ]
        ]
      }
    },
    {
      "type": "Feature",
      "id": "RZ-059",
      "properties": {
        "FEATURE_ID": "RZ-059",
        "ZONE_NAME": "산단2주차장",
        "SOURCE": "road_zone_sketchup.dxf",
        "CRS_SOURCE": "EPSG:5179",
        "CRS_OUTPUT": "EPSG:4326"
      },
      "geometry": {
        "type": "Polygon",
        "coordinates": [
          [
            [
              127.48315836087689,
              34.970184254294374
            ],
            [
              127.48317394946626,
              34.97023410099078
            ],
            [
              127.4831484310713,
              34.97024130115054
            ],
            [
              127.48314720248347,
              34.970242943928746
            ],
            [
              127.48314753915001,
              34.97024832779191
            ],
            [
              127.48316076591462,
              34.97028568775185
            ],
            [
              127.48281066751657,
              34.97036159348264
            ],
            [
              127.4827800122954,
              34.9702640990939
            ],
            [
              127.48284872098056,
              34.970248007920034
            ],
            [
              127.48286026667324,
              34.97024739028482
            ],
            [
              127.48315836087689,
              34.970184254294374
            ]
          ]
        ]
      }
    },
    {
      "type": "Feature",
      "id": "RZ-060",
      "properties": {
        "FEATURE_ID": "RZ-060",
        "ZONE_NAME": "산단3주차장",
        "SOURCE": "road_zone_sketchup.dxf",
        "CRS_SOURCE": "EPSG:5179",
        "CRS_OUTPUT": "EPSG:4326"
      },
      "geometry": {
        "type": "Polygon",
        "coordinates": [
          [
            [
              127.48261848562503,
              34.97026434681337
            ],
            [
              127.48266178005225,
              34.97041694501772
            ],
            [
              127.4826151037151,
              34.97042965223956
            ],
            [
              127.48261718987838,
              34.97043849918464
            ],
            [
              127.48262341718414,
              34.97046731486703
            ],
            [
              127.48262845068068,
              34.97047843708546
            ],
            [
              127.48268421636763,
              34.97046459372897
            ],
            [
              127.48270722670179,
              34.97055710765226
            ],
            [
              127.48265975238898,
              34.970567615753836
            ],
            [
              127.4827123484179,
              34.970733030259
            ],
            [
              127.48268469934287,
              34.97079601443918
            ],
            [
              127.48256039297524,
              34.97082663132272
            ],
            [
              127.48228158063445,
              34.9708140540028
            ],
            [
              127.48223641236133,
              34.97066724363308
            ],
            [
              127.48218482124726,
              34.970687052562994
            ],
            [
              127.48209203473617,
              34.970366335349446
            ],
            [
              127.48208074273263,
              34.970329936052224
            ],
            [
              127.48223894909673,
              34.97029558375196
            ],
            [
              127.4823086688678,
              34.97050467809933
            ],
            [
              127.48239164375559,
              34.970762506703544
            ],
            [
              127.48236290084495,
              34.97077018647649
            ],
            [
              127.48236406702489,
              34.97077329561
            ],
            [
              127.48236710621921,
              34.97077678415744
            ],
            [
              127.48237057548324,
              34.97077943865489
            ],
            [
              127.48237760699216,
              34.970780728758136
            ],
            [
              127.4824552718258,
              34.97076959954839
            ],
            [
              127.48246058846922,
              34.97076686101564
            ],
            [
              127.48246528769174,
              34.97076155370667
            ],
            [
              127.48246777632072,
              34.97075496331472
            ],
            [
              127.48246576692225,
              34.970746160611874
            ],
            [
              127.48241387067215,
              34.970756971292005
            ],
            [
              127.48233071146029,
              34.97049924378044
            ],
            [
              127.4822666389392,
              34.97030248502332
            ],
            [
              127.48226221993349,
              34.97028994741588
            ],
            [
              127.48251082986545,
              34.97023488150235
            ],
            [
              127.4826029525146,
              34.97021689812708
            ],
            [
              127.48261848562503,
              34.97026434681337
            ]
          ]
        ]
      }
    },
    {
      "type": "Feature",
      "id": "RZ-061",
      "properties": {
        "FEATURE_ID": "RZ-061",
        "ZONE_NAME": "산단앞길",
        "SOURCE": "road_zone_sketchup.dxf",
        "CRS_SOURCE": "EPSG:5179",
        "CRS_OUTPUT": "EPSG:4326"
      },
      "geometry": {
        "type": "Polygon",
        "coordinates": [
          [
            [
              127.48273490221564,
              34.970175564610905
            ],
            [
              127.4827089235969,
              34.97018090681713
            ],
            [
              127.48270591387332,
              34.970183332897406
            ],
            [
              127.48270548323663,
              34.97018689677093
            ],
            [
              127.48275549538667,
              34.97037329009019
            ],
            [
              127.4827920988792,
              34.970365914651445
            ],
            [
              127.48273490221564,
              34.970175564610905
            ]
          ]
        ]
      }
    },
    {
      "type": "Feature",
      "id": "RZ-062",
      "properties": {
        "FEATURE_ID": "RZ-062",
        "ZONE_NAME": "생명대1호관1길",
        "SOURCE": "road_zone_sketchup.dxf",
        "CRS_SOURCE": "EPSG:5179",
        "CRS_OUTPUT": "EPSG:4326"
      },
      "geometry": {
        "type": "MultiPolygon",
        "coordinates": [
          [
            [
              [
                127.48120503088388,
                34.96964221008251
              ],
              [
                127.48112236479409,
                34.969397928678084
              ],
              [
                127.4810889833151,
                34.96928210822392
              ],
              [
                127.48103576705236,
                34.96929465584679
              ],
              [
                127.48104806660197,
                34.96935339950981
              ],
              [
                127.48107923590713,
                34.969474932036086
              ],
              [
                127.48113949901462,
                34.96966461353639
              ],
              [
                127.48126072903632,
                34.96965381411711
              ],
              [
                127.48120503088388,
                34.96964221008251
              ]
            ]
          ],
          [
            [
              [
                127.482504147977,
                34.969789929935246
              ],
              [
                127.48247995417344,
                34.96977764224551
              ],
              [
                127.48225689395385,
                34.96982876875867
              ],
              [
                127.48202919567507,
                34.96988517688761
              ],
              [
                127.48202224174057,
                34.96988934326113
              ],
              [
                127.48182419388831,
                34.969919209130225
              ],
              [
                127.48181080620776,
                34.96991827190882
              ],
              [
                127.48180282361702,
                34.96991369573257
              ],
              [
                127.48183615322385,
                34.96999200618736
              ],
              [
                127.48205859876711,
                34.96994664331641
              ],
              [
                127.48228792363724,
                34.9698948103506
              ],
              [
                127.48252084080757,
                34.969843113327585
              ],
              [
                127.482504147977,
                34.969789929935246
              ]
            ]
          ]
        ]
      }
    },
    {
      "type": "Feature",
      "id": "RZ-063",
      "properties": {
        "FEATURE_ID": "RZ-063",
        "ZONE_NAME": "생명대1호관2길",
        "SOURCE": "road_zone_sketchup.dxf",
        "CRS_SOURCE": "EPSG:5179",
        "CRS_OUTPUT": "EPSG:4326"
      },
      "geometry": {
        "type": "MultiPolygon",
        "coordinates": [
          [
            [
              [
                127.4815530654338,
                34.96958844423405
              ],
              [
                127.48154299312698,
                34.96959167804911
              ],
              [
                127.4812606676472,
                34.96965371300309
              ],
              [
                127.48113980607529,
                34.969664613584065
              ],
              [
                127.48117859088858,
                34.96978554063385
              ],
              [
                127.4816222543814,
                34.969689053745135
              ],
              [
                127.4816279038934,
                34.9696908744817
              ],
              [
                127.4815530654338,
                34.96958844423405
              ]
            ]
          ],
          [
            [
              [
                127.4826753526167,
                34.97017824645886
              ],
              [
                127.48268181723047,
                34.970100801306536
              ],
              [
                127.48260008467471,
                34.969847813430285
              ],
              [
                127.48259881163412,
                34.96984183544191
              ],
              [
                127.48259739996709,
                34.969837980629016
              ],
              [
                127.48250427842692,
                34.96979017007731
              ],
              [
                127.48252100972618,
                34.96984294905701
              ],
              [
                127.48253395164532,
                34.96988249543236
              ],
              [
                127.48255985009186,
                34.96996527849592
              ],
              [
                127.48258722547844,
                34.969961377261356
              ],
              [
                127.48259677520267,
                34.96999719175346
              ],
              [
                127.48258949721397,
                34.9700001259014
              ],
              [
                127.48259764259375,
                34.970033769603816
              ],
              [
                127.48258469856901,
                34.97004018788641
              ],
              [
                127.48259961736511,
                34.970097402554714
              ],
              [
                127.4826753526167,
                34.97017824645886
              ]
            ]
          ]
        ]
      }
    },
    {
      "type": "Feature",
      "id": "RZ-064",
      "properties": {
        "FEATURE_ID": "RZ-064",
        "ZONE_NAME": "생명대1호관3길",
        "SOURCE": "road_zone_sketchup.dxf",
        "CRS_SOURCE": "EPSG:5179",
        "CRS_OUTPUT": "EPSG:4326"
      },
      "geometry": {
        "type": "Polygon",
        "coordinates": [
          [
            [
              127.48259957124426,
              34.970097693223636
            ],
            [
              127.48267527585368,
              34.970178233809825
            ],
            [
              127.48261189034514,
              34.97021507735377
            ],
            [
              127.4819377325601,
              34.97036188384337
            ],
            [
              127.48189876082111,
              34.97024687163468
            ],
            [
              127.48259957124426,
              34.970097693223636
            ]
          ]
        ]
      }
    },
    {
      "type": "Feature",
      "id": "RZ-065",
      "properties": {
        "FEATURE_ID": "RZ-065",
        "ZONE_NAME": "생명대1호관4길",
        "SOURCE": "road_zone_sketchup.dxf",
        "CRS_SOURCE": "EPSG:5179",
        "CRS_OUTPUT": "EPSG:4326"
      },
      "geometry": {
        "type": "Polygon",
        "coordinates": [
          [
            [
              127.48193767111417,
              34.970362035491036
            ],
            [
              127.48190328856413,
              34.970323206232
            ],
            [
              127.48184782972655,
              34.970337858112345
            ],
            [
              127.48183333566284,
              34.97034093963327
            ],
            [
              127.4817034119944,
              34.97022631814002
            ],
            [
              127.4817025253342,
              34.97020913023562
            ],
            [
              127.48180894291697,
              34.97018653672114
            ],
            [
              127.48182784527083,
              34.97024406803112
            ],
            [
              127.48187439802514,
              34.97023487447559
            ],
            [
              127.48188001378485,
              34.9702507234493
            ],
            [
              127.48189871478115,
              34.97024678316136
            ],
            [
              127.48193767111417,
              34.970362035491036
            ]
          ]
        ]
      }
    },
    {
      "type": "Feature",
      "id": "RZ-066",
      "properties": {
        "FEATURE_ID": "RZ-066",
        "ZONE_NAME": "생명대로1길",
        "SOURCE": "road_zone_sketchup.dxf",
        "CRS_SOURCE": "EPSG:5179",
        "CRS_OUTPUT": "EPSG:4326"
      },
      "geometry": {
        "type": "Polygon",
        "coordinates": [
          [
            [
              127.48147605832399,
              34.96927387572879
            ],
            [
              127.4815674440076,
              34.96925220270753
            ],
            [
              127.48169607977994,
              34.96962726948151
            ],
            [
              127.48170584456379,
              34.9696261082506
            ],
            [
              127.48173667502408,
              34.96961898502061
            ],
            [
              127.48177853627283,
              34.96971746713403
            ],
            [
              127.48177914265929,
              34.96971773262444
            ],
            [
              127.48174141670356,
              34.9697336193286
            ],
            [
              127.48173796148822,
              34.969737132191916
            ],
            [
              127.48173677721114,
              34.96974656001239
            ],
            [
              127.48180309603366,
              34.96991415074391
            ],
            [
              127.48183022614926,
              34.9699781539791
            ],
            [
              127.481775691404,
              34.969980673421055
            ],
            [
              127.48173134987508,
              34.9699887551219
            ],
            [
              127.48168387113166,
              34.96988212849477
            ],
            [
              127.48168608118176,
              34.969877067282056
            ],
            [
              127.48168611358115,
              34.969869459170305
            ],
            [
              127.48162762756125,
              34.96969077333534
            ],
            [
              127.48155324967003,
              34.969588444261994
            ],
            [
              127.48156105183604,
              34.96957580737877
            ],
            [
              127.48156480150577,
              34.969560035639
            ],
            [
              127.48156357774963,
              34.969540016753236
            ],
            [
              127.48147605832399,
              34.96927387572879
            ]
          ]
        ]
      }
    },
    {
      "type": "Feature",
      "id": "RZ-067",
      "properties": {
        "FEATURE_ID": "RZ-067",
        "ZONE_NAME": "생명대로2길",
        "SOURCE": "road_zone_sketchup.dxf",
        "CRS_SOURCE": "EPSG:5179",
        "CRS_OUTPUT": "EPSG:4326"
      },
      "geometry": {
        "type": "Polygon",
        "coordinates": [
          [
            [
              127.48202901141818,
              34.969885268486316
            ],
            [
              127.4820325759366,
              34.96987333867803
            ],
            [
              127.4820342378983,
              34.96985579728616
            ],
            [
              127.48202945215635,
              34.96983557566998
            ],
            [
              127.48177854779176,
              34.969717448178564
            ],
            [
              127.48173693974313,
              34.96961952849724
            ],
            [
              127.48191163063683,
              34.96970537344259
            ],
            [
              127.4820310041453,
              34.9697591787806
            ],
            [
              127.48225692473564,
              34.96982841805679
            ],
            [
              127.48202901141818,
              34.969885268486316
            ]
          ]
        ]
      }
    },
    {
      "type": "Feature",
      "id": "RZ-068",
      "properties": {
        "FEATURE_ID": "RZ-068",
        "ZONE_NAME": "생명대제2삼거리",
        "SOURCE": "road_zone_sketchup.dxf",
        "CRS_SOURCE": "EPSG:5179",
        "CRS_OUTPUT": "EPSG:4326"
      },
      "geometry": {
        "type": "Polygon",
        "coordinates": [
          [
            [
              127.48069466146663,
              34.969552808897824
            ],
            [
              127.4805381169363,
              34.96957479942637
            ],
            [
              127.48056962780905,
              34.969677400307965
            ],
            [
              127.4806009305091,
              34.96975161604637
            ],
            [
              127.48060288974149,
              34.969776892494714
            ],
            [
              127.4806028843316,
              34.96979984322471
            ],
            [
              127.48059587854453,
              34.96982016411823
            ],
            [
              127.48057044133905,
              34.96987323993485
            ],
            [
              127.48051404376233,
              34.969962303997626
            ],
            [
              127.48062531133975,
              34.97001166081446
            ],
            [
              127.48064238875439,
              34.96999139207794
            ],
            [
              127.48068643663527,
              34.969926619517615
            ],
            [
              127.48069892322891,
              34.96992364207838
            ],
            [
              127.48070976155118,
              34.96992771325815
            ],
            [
              127.48071980120918,
              34.96993308603108
            ],
            [
              127.48071777038504,
              34.969951082316534
            ],
            [
              127.48070105925449,
              34.96998080439629
            ],
            [
              127.48067402926233,
              34.97001719773142
            ],
            [
              127.48066678071073,
              34.97002523438841
            ],
            [
              127.4808601379233,
              34.97002417814246
            ],
            [
              127.48082457179298,
              34.969928224325216
            ],
            [
              127.48069466146663,
              34.969552808897824
            ]
          ]
        ]
      }
    },
    {
      "type": "Feature",
      "id": "RZ-069",
      "properties": {
        "FEATURE_ID": "RZ-069",
        "ZONE_NAME": "실습관대로",
        "SOURCE": "road_zone_sketchup.dxf",
        "CRS_SOURCE": "EPSG:5179",
        "CRS_OUTPUT": "EPSG:4326"
      },
      "geometry": {
        "type": "Polygon",
        "coordinates": [
          [
            [
              127.47984112319736,
              34.970335472596766
            ],
            [
              127.47984120489794,
              34.97033539155
            ],
            [
              127.47984106702923,
              34.970335313884306
            ],
            [
              127.47979634090828,
              34.970208932734145
            ],
            [
              127.47978872520667,
              34.970211155766684
            ],
            [
              127.47967528612803,
              34.97024192439126
            ],
            [
              127.47967510442079,
              34.97024182202997
            ],
            [
              127.47967497705062,
              34.970260223033705
            ],
            [
              127.47967024451638,
              34.97027546374991
            ],
            [
              127.47965909386349,
              34.97029272548171
            ],
            [
              127.47965031061084,
              34.97029777923688
            ],
            [
              127.47954854487989,
              34.970318033600414
            ],
            [
              127.4795164244417,
              34.97032459998152
            ],
            [
              127.47948448845685,
              34.970330281720614
            ],
            [
              127.47947013748602,
              34.97032293144458
            ],
            [
              127.4794611121893,
              34.97031347664477
            ],
            [
              127.47944244906729,
              34.970288197353824
            ],
            [
              127.47928546440862,
              34.97034398037999
            ],
            [
              127.4792850922995,
              34.970358412988396
            ],
            [
              127.47927636781007,
              34.97037386785512
            ],
            [
              127.47927438700331,
              34.97037485328627
            ],
            [
              127.47910480078815,
              34.970416138064756
            ],
            [
              127.47913843486333,
              34.9704953592462
            ],
            [
              127.47917903236616,
              34.9704808577134
            ],
            [
              127.47926599752324,
              34.97046218089235
            ],
            [
              127.47927522391717,
              34.97046563265931
            ],
            [
              127.47927964137288,
              34.97048255578372
            ],
            [
              127.47927577099482,
              34.97048801476788
            ],
            [
              127.47949361388875,
              34.97044043151417
            ],
            [
              127.47948643136095,
              34.97042935935507
            ],
            [
              127.47948465417346,
              34.97041419337532
            ],
            [
              127.47971048057167,
              34.970365903348636
            ],
            [
              127.47972092012581,
              34.97036833160109
            ],
            [
              127.47974919795679,
              34.97037930616141
            ],
            [
              127.47975466244685,
              34.97038433702293
            ],
            [
              127.47983419664719,
              34.97036481180518
            ],
            [
              127.47983211206117,
              34.97035075792913
            ],
            [
              127.4798346321477,
              34.97034191170109
            ],
            [
              127.47984109722596,
              34.97033549836033
            ],
            [
              127.47984114105421,
              34.9703355230543
            ],
            [
              127.47984112319736,
              34.970335472596766
            ]
          ]
        ]
      }
    },
    {
      "type": "Feature",
      "id": "RZ-070",
      "properties": {
        "FEATURE_ID": "RZ-070",
        "ZONE_NAME": "약대사거리",
        "SOURCE": "road_zone_sketchup.dxf",
        "CRS_SOURCE": "EPSG:5179",
        "CRS_OUTPUT": "EPSG:4326"
      },
      "geometry": {
        "type": "Polygon",
        "coordinates": [
          [
            [
              127.48185347240873,
              34.96905675855234
            ],
            [
              127.48180314268494,
              34.968930774746354
            ],
            [
              127.48163904234593,
              34.968969169778234
            ],
            [
              127.48160907424459,
              34.96896572768885
            ],
            [
              127.48159771506272,
              34.96895692987183
            ],
            [
              127.48158377957134,
              34.968934836414036
            ],
            [
              127.48152819914132,
              34.96894792101287
            ],
            [
              127.48151259841387,
              34.968957624676285
            ],
            [
              127.48149233178692,
              34.96896116024886
            ],
            [
              127.48141090469424,
              34.968940320273965
            ],
            [
              127.48130307562481,
              34.96889763759849
            ],
            [
              127.48123317674447,
              34.96895252659088
            ],
            [
              127.48124337005702,
              34.96895697676606
            ],
            [
              127.48125577273785,
              34.96896779686837
            ],
            [
              127.48127382294471,
              34.968988930504935
            ],
            [
              127.48127701441734,
              34.9689974237796
            ],
            [
              127.48127725918978,
              34.9690012657904
            ],
            [
              127.48127578418315,
              34.96900621968616
            ],
            [
              127.48126693808679,
              34.969018603629856
            ],
            [
              127.4812392314615,
              34.969062327072415
            ],
            [
              127.4812331509551,
              34.96906561203092
            ],
            [
              127.48096814784569,
              34.96911602196259
            ],
            [
              127.48101503799529,
              34.96923917464552
            ],
            [
              127.48115530921235,
              34.969210280591184
            ],
            [
              127.48134274691328,
              34.96917108096568
            ],
            [
              127.48140941257438,
              34.96915698710416
            ],
            [
              127.48142286018596,
              34.96916391482377
            ],
            [
              127.4814401729445,
              34.96918767704046
            ],
            [
              127.48144863851651,
              34.969228726781665
            ],
            [
              127.48145588233069,
              34.969241062643164
            ],
            [
              127.48146005596553,
              34.96925157815363
            ],
            [
              127.48147626372693,
              34.96927362141881
            ],
            [
              127.48156740370628,
              34.96925220112149
            ],
            [
              127.48154567821426,
              34.969188451402765
            ],
            [
              127.48153708628118,
              34.96916297174984
            ],
            [
              127.48153764174305,
              34.96915068763121
            ],
            [
              127.4815552717885,
              34.96912895283139
            ],
            [
              127.48156294905414,
              34.969125390061684
            ],
            [
              127.48185347240873,
              34.96905675855234
            ]
          ]
        ]
      }
    },
    {
      "type": "Feature",
      "id": "RZ-071",
      "properties": {
        "FEATURE_ID": "RZ-071",
        "ZONE_NAME": "약대앞길",
        "SOURCE": "road_zone_sketchup.dxf",
        "CRS_SOURCE": "EPSG:5179",
        "CRS_OUTPUT": "EPSG:4326"
      },
      "geometry": {
        "type": "Polygon",
        "coordinates": [
          [
            [
              127.48116154541779,
              34.96854212155588
            ],
            [
              127.48098126326886,
              34.96855292570496
            ],
            [
              127.48103821457016,
              34.96873385770217
            ],
            [
              127.48102789693509,
              34.96873608039108
            ],
            [
              127.48109417521071,
              34.96893668216845
            ],
            [
              127.4812142933393,
              34.96894961691535
            ],
            [
              127.4812250094853,
              34.968950402132826
            ],
            [
              127.4812333610023,
              34.96895242551476
            ],
            [
              127.48130350550574,
              34.96889763766463
            ],
            [
              127.48125195854767,
              34.96886229367552
            ],
            [
              127.48123501265192,
              34.968846114329196
            ],
            [
              127.48122936514382,
              34.96883580079162
            ],
            [
              127.48119967555353,
              34.96868879017114
            ],
            [
              127.48118593049311,
              34.96864025785373
            ],
            [
              127.48116154541779,
              34.96854212155588
            ]
          ]
        ]
      }
    },
    {
      "type": "Feature",
      "id": "RZ-072",
      "properties": {
        "FEATURE_ID": "RZ-072",
        "ZONE_NAME": "우주항공대로",
        "SOURCE": "road_zone_sketchup.dxf",
        "CRS_SOURCE": "EPSG:5179",
        "CRS_OUTPUT": "EPSG:4326"
      },
      "geometry": {
        "type": "Polygon",
        "coordinates": [
          [
            [
              127.47813238578864,
              34.9699343749592
            ],
            [
              127.47811385448284,
              34.96987714645206
            ],
            [
              127.47789321168214,
              34.969988887831605
            ],
            [
              127.4781139466416,
              34.96987699481184
            ],
            [
              127.47785261942171,
              34.96994348685957
            ],
            [
              127.47782485671034,
              34.96995955741486
            ],
            [
              127.47780323443398,
              34.96997856111782
            ],
            [
              127.47779702894752,
              34.96998907485535
            ],
            [
              127.47778535539625,
              34.97000833313486
            ],
            [
              127.47777908853382,
              34.970018695203365
            ],
            [
              127.47776188531583,
              34.9700473551905
            ],
            [
              127.47775217799837,
              34.97006272130202
            ],
            [
              127.47774443675053,
              34.97007485242792
            ],
            [
              127.47783959626489,
              34.97007139436114
            ],
            [
              127.4778389850199,
              34.97006070244493
            ],
            [
              127.47785766694062,
              34.970014096661295
            ],
            [
              127.47788715084091,
              34.969991960139815
            ],
            [
              127.47788742966878,
              34.96999181879885
            ],
            [
              127.47813238578864,
              34.9699343749592
            ]
          ]
        ]
      }
    },
    {
      "type": "Feature",
      "id": "RZ-073",
      "properties": {
        "FEATURE_ID": "RZ-073",
        "ZONE_NAME": "웅지관대로",
        "SOURCE": "road_zone_sketchup.dxf",
        "CRS_SOURCE": "EPSG:5179",
        "CRS_OUTPUT": "EPSG:4326"
      },
      "geometry": {
        "type": "Polygon",
        "coordinates": [
          [
            [
              127.48135890860813,
              34.9673142498906
            ],
            [
              127.48144451242518,
              34.967324272353586
            ],
            [
              127.48146430999157,
              34.96722028931282
            ],
            [
              127.48155922538817,
              34.96705757593157
            ],
            [
              127.4815987910035,
              34.96697952919121
            ],
            [
              127.48163171913326,
              34.96692443217501
            ],
            [
              127.48168086012505,
              34.966866405562925
            ],
            [
              127.48173343753939,
              34.96681950095229
            ],
            [
              127.48178073150926,
              34.96678220046224
            ],
            [
              127.4816566892866,
              34.96675549017817
            ],
            [
              127.4816547207702,
              34.96677073139807
            ],
            [
              127.48169297693435,
              34.96678086026806
            ],
            [
              127.48169586162956,
              34.966787938024275
            ],
            [
              127.48162835625139,
              34.96685870104498
            ],
            [
              127.4815874461467,
              34.96690793278477
            ],
            [
              127.4815599288864,
              34.96693267395801
            ],
            [
              127.4815527438256,
              34.9669330267329
            ],
            [
              127.4815192467737,
              34.96692341670428
            ],
            [
              127.48146831990799,
              34.96698585682511
            ],
            [
              127.48139641561107,
              34.96709082398867
            ],
            [
              127.48136223769761,
              34.96717242278711
            ],
            [
              127.48134330747145,
              34.967242384252934
            ],
            [
              127.48135890860813,
              34.9673142498906
            ]
          ]
        ]
      }
    },
    {
      "type": "Feature",
      "id": "RZ-074",
      "properties": {
        "FEATURE_ID": "RZ-074",
        "ZONE_NAME": "인예대삼거리",
        "SOURCE": "road_zone_sketchup.dxf",
        "CRS_SOURCE": "EPSG:5179",
        "CRS_OUTPUT": "EPSG:4326"
      },
      "geometry": {
        "type": "Polygon",
        "coordinates": [
          [
            [
              127.47736404561401,
              34.968219221155444
            ],
            [
              127.4774288533573,
              34.96814967327527
            ],
            [
              127.47743640426354,
              34.96815933016462
            ],
            [
              127.47744487736215,
              34.96816524635575
            ],
            [
              127.47745427212584,
              34.9681693428352
            ],
            [
              127.47746415858012,
              34.968171973388905
            ],
            [
              127.47747938830595,
              34.968172734498296
            ],
            [
              127.47748958256328,
              34.96817263528371
            ],
            [
              127.47750045285319,
              34.968170665759004
            ],
            [
              127.4775115694083,
              34.96816642142616
            ],
            [
              127.47753079562538,
              34.96814969217885
            ],
            [
              127.47753208598797,
              34.968147013146535
            ],
            [
              127.47749171030301,
              34.96802724730833
            ],
            [
              127.47762823463835,
              34.96799830607515
            ],
            [
              127.47763381216186,
              34.968038293959914
            ],
            [
              127.47762534268107,
              34.968047303344605
            ],
            [
              127.47763241196499,
              34.96804969324228
            ],
            [
              127.47764153062974,
              34.96805285443918
            ],
            [
              127.47764619777826,
              34.968053158612044
            ],
            [
              127.47765497967205,
              34.96805267998145
            ],
            [
              127.47766440804757,
              34.968046059366515
            ],
            [
              127.47768959464119,
              34.96801613704339
            ],
            [
              127.47778396900989,
              34.96806872872017
            ],
            [
              127.47775000022884,
              34.968100267127056
            ],
            [
              127.47773869664503,
              34.96811492521805
            ],
            [
              127.4777169496026,
              34.968142826090656
            ],
            [
              127.47769360443382,
              34.96817598410322
            ],
            [
              127.47767516971653,
              34.968218040215746
            ],
            [
              127.47766066375306,
              34.96826575890361
            ],
            [
              127.47764849359238,
              34.96830538965407
            ],
            [
              127.47764664983069,
              34.96831064675211
            ],
            [
              127.47763644500591,
              34.96834957013085
            ],
            [
              127.47736404561401,
              34.968219221155444
            ]
          ]
        ]
      }
    },
    {
      "type": "Feature",
      "id": "RZ-075",
      "properties": {
        "FEATURE_ID": "RZ-075",
        "ZONE_NAME": "인예대샛길",
        "SOURCE": "road_zone_sketchup.dxf",
        "CRS_SOURCE": "EPSG:5179",
        "CRS_OUTPUT": "EPSG:4326"
      },
      "geometry": {
        "type": "Polygon",
        "coordinates": [
          [
            [
              127.47736404561401,
              34.968219221155444
            ],
            [
              127.47742909907063,
              34.96814942055951
            ],
            [
              127.47741781198597,
              34.968103719196435
            ],
            [
              127.4770183756089,
              34.96817320420917
            ],
            [
              127.4769813838323,
              34.96825306981109
            ],
            [
              127.47702190312019,
              34.96829614802927
            ],
            [
              127.47703259593408,
              34.96827006507403
            ],
            [
              127.47703781672341,
              34.968267032924295
            ],
            [
              127.47735858021075,
              34.968218562956956
            ],
            [
              127.47736214203117,
              34.96821863944937
            ],
            [
              127.47736404561401,
              34.968219221155444
            ]
          ]
        ]
      }
    },
    {
      "type": "Feature",
      "id": "RZ-076",
      "properties": {
        "FEATURE_ID": "RZ-076",
        "ZONE_NAME": "인예대앞길",
        "SOURCE": "road_zone_sketchup.dxf",
        "CRS_SOURCE": "EPSG:5179",
        "CRS_OUTPUT": "EPSG:4326"
      },
      "geometry": {
        "type": "Polygon",
        "coordinates": [
          [
            [
              127.4776595426763,
              34.968889043038196
            ],
            [
              127.47755968257765,
              34.968907021238124
            ],
            [
              127.47755378723237,
              34.96890641352132
            ],
            [
              127.47753413461925,
              34.968909746337715
            ],
            [
              127.47746526388997,
              34.96862082730464
            ],
            [
              127.47740833132826,
              34.96841254133005
            ],
            [
              127.47736465961331,
              34.968219625688135
            ],
            [
              127.47763630679646,
              34.968349696486065
            ],
            [
              127.47762766945196,
              34.968383084677576
            ],
            [
              127.47761410648404,
              34.96846323282085
            ],
            [
              127.47760941760802,
              34.96854270014217
            ],
            [
              127.47761723838029,
              34.968689303195966
            ],
            [
              127.4776267979579,
              34.96876508282386
            ],
            [
              127.47764415699476,
              34.96884020670644
            ],
            [
              127.4776595426763,
              34.968889043038196
            ]
          ]
        ]
      }
    },
    {
      "type": "Feature",
      "id": "RZ-077",
      "properties": {
        "FEATURE_ID": "RZ-077",
        "ZONE_NAME": "인재관앞길",
        "SOURCE": "road_zone_sketchup.dxf",
        "CRS_SOURCE": "EPSG:5179",
        "CRS_OUTPUT": "EPSG:4326"
      },
      "geometry": {
        "type": "Polygon",
        "coordinates": [
          [
            [
              127.47974029267704,
              34.96695315787382
            ],
            [
              127.47987504485936,
              34.96687795846405
            ],
            [
              127.47997588701149,
              34.96684986805667
            ],
            [
              127.4800541269381,
              34.96683527131827
            ],
            [
              127.48004194950052,
              34.966783920823666
            ],
            [
              127.47939618137806,
              34.966925536154605
            ],
            [
              127.47939443785765,
              34.96692539702905
            ],
            [
              127.47942782068543,
              34.967022463092775
            ],
            [
              127.47973926100202,
              34.96695307599046
            ],
            [
              127.47974029267704,
              34.96695315787382
            ]
          ]
        ]
      }
    },
    {
      "type": "Feature",
      "id": "RZ-078",
      "properties": {
        "FEATURE_ID": "RZ-078",
        "ZONE_NAME": "정문앞길",
        "SOURCE": "road_zone_sketchup.dxf",
        "CRS_SOURCE": "EPSG:5179",
        "CRS_OUTPUT": "EPSG:4326"
      },
      "geometry": {
        "type": "Polygon",
        "coordinates": [
          [
            [
              127.48357847905811,
              34.968699021848316
            ],
            [
              127.48353183559713,
              34.968553020546025
            ],
            [
              127.48261406237712,
              34.96875469732922
            ],
            [
              127.48266021413907,
              34.96889544147177
            ],
            [
              127.48357847905811,
              34.968699021848316
            ]
          ]
        ]
      }
    },
    {
      "type": "Feature",
      "id": "RZ-079",
      "properties": {
        "FEATURE_ID": "RZ-079",
        "ZONE_NAME": "중앙교차로",
        "SOURCE": "road_zone_sketchup.dxf",
        "CRS_SOURCE": "EPSG:5179",
        "CRS_OUTPUT": "EPSG:4326"
      },
      "geometry": {
        "type": "Polygon",
        "coordinates": [
          [
            [
              127.48101479238298,
              34.96923902295029
            ],
            [
              127.48096888472794,
              34.96911627483945
            ],
            [
              127.48090255663655,
              34.96913102569193
            ],
            [
              127.48091933907814,
              34.969179944444654
            ],
            [
              127.4809023070903,
              34.96913128848497
            ],
            [
              127.48089162095475,
              34.96913340999966
            ],
            [
              127.48088167171257,
              34.969135733838485
            ],
            [
              127.4808688975061,
              34.9691381583361
            ],
            [
              127.48084384010248,
              34.96914422065934
            ],
            [
              127.48081816914326,
              34.96914785637126
            ],
            [
              127.4808022018757,
              34.96914876378917
            ],
            [
              127.48077911115152,
              34.9691483557186
            ],
            [
              127.48075159911257,
              34.969146531479225
            ],
            [
              127.48073778198945,
              34.96914430498834
            ],
            [
              127.48071358713493,
              34.96913843708438
            ],
            [
              127.4807093499853,
              34.96913732426135
            ],
            [
              127.48068632221892,
              34.96913034438723
            ],
            [
              127.48065046080691,
              34.96911739729608
            ],
            [
              127.48061539867545,
              34.96910055779662
            ],
            [
              127.48058457469344,
              34.96908063527575
            ],
            [
              127.48056566347117,
              34.96906546656795
            ],
            [
              127.48054036783218,
              34.96904018637896
            ],
            [
              127.48038633550637,
              34.96908990504008
            ],
            [
              127.48043322025073,
              34.969232065602675
            ],
            [
              127.48052502159469,
              34.9695309454026
            ],
            [
              127.48053778492059,
              34.96957482682129
            ],
            [
              127.4806945137406,
              34.96955260883722
            ],
            [
              127.48069096628925,
              34.96949103560493
            ],
            [
              127.48070719323397,
              34.96943057766494
            ],
            [
              127.48075756385667,
              34.96937578699165
            ],
            [
              127.48081358428173,
              34.96932109829424
            ],
            [
              127.48087242706237,
              34.96927722820187
            ],
            [
              127.48094396220466,
              34.96925171782941
            ],
            [
              127.48094404297052,
              34.96925195325194
            ],
            [
              127.48101479238298,
              34.96923902295029
            ]
          ]
        ]
      }
    },
    {
      "type": "Feature",
      "id": "RZ-080",
      "properties": {
        "FEATURE_ID": "RZ-080",
        "ZONE_NAME": "진리관뒷길",
        "SOURCE": "road_zone_sketchup.dxf",
        "CRS_SOURCE": "EPSG:5179",
        "CRS_OUTPUT": "EPSG:4326"
      },
      "geometry": {
        "type": "Polygon",
        "coordinates": [
          [
            [
              127.4802247585665,
              34.96765775815286
            ],
            [
              127.48020524493938,
              34.967595575658905
            ],
            [
              127.4806676266309,
              34.96750480767923
            ],
            [
              127.48068247570829,
              34.96755708110935
            ],
            [
              127.48060090284883,
              34.96757521637859
            ],
            [
              127.4802247585665,
              34.96765775815286
            ]
          ]
        ]
      }
    },
    {
      "type": "Feature",
      "id": "RZ-081",
      "properties": {
        "FEATURE_ID": "RZ-081",
        "ZONE_NAME": "창조대로",
        "SOURCE": "road_zone_sketchup.dxf",
        "CRS_SOURCE": "EPSG:5179",
        "CRS_OUTPUT": "EPSG:4326"
      },
      "geometry": {
        "type": "Polygon",
        "coordinates": [
          [
            [
              127.47994704820331,
              34.967574770132586
            ],
            [
              127.48005056050371,
              34.96755509706357
            ],
            [
              127.48003381847039,
              34.96750754672462
            ],
            [
              127.48003489362446,
              34.967505610116774
            ],
            [
              127.48003700113333,
              34.96750412548971
            ],
            [
              127.48005765178797,
              34.96749849230215
            ],
            [
              127.48004822749479,
              34.96746557963385
            ],
            [
              127.48003081875261,
              34.96746881527869
            ],
            [
              127.48002750262253,
              34.96746866307652
            ],
            [
              127.48002484678416,
              34.96746798018381
            ],
            [
              127.48002372642604,
              34.967466400240475
            ],
            [
              127.4799684374053,
              34.96729451334552
            ],
            [
              127.47987696034002,
              34.96732035571972
            ],
            [
              127.47994670641877,
              34.96757554257833
            ],
            [
              127.47994704820331,
              34.967574770132586
            ]
          ]
        ]
      }
    },
    {
      "type": "Feature",
      "id": "RZ-082",
      "properties": {
        "FEATURE_ID": "RZ-082",
        "ZONE_NAME": "창조삼거리",
        "SOURCE": "road_zone_sketchup.dxf",
        "CRS_SOURCE": "EPSG:5179",
        "CRS_OUTPUT": "EPSG:4326"
      },
      "geometry": {
        "type": "Polygon",
        "coordinates": [
          [
            [
              127.47989684139512,
              34.96702017831564
            ],
            [
              127.47986542694721,
              34.966907542600346
            ],
            [
              127.47987464570325,
              34.966877920483675
            ],
            [
              127.47974001631596,
              34.966953221018066
            ],
            [
              127.4797432094303,
              34.9669540809397
            ],
            [
              127.479770942857,
              34.96705149983238
            ],
            [
              127.47977139794702,
              34.967051386613356
            ],
            [
              127.47980969578951,
              34.9671835626926
            ],
            [
              127.47985845947426,
              34.96732438419804
            ],
            [
              127.47987691428533,
              34.96732034307402
            ],
            [
              127.4799685448827,
              34.96729447544903
            ],
            [
              127.4799552708258,
              34.96725434737751
            ],
            [
              127.47995408116117,
              34.96723793032441
            ],
            [
              127.47995543563587,
              34.96722377590625
            ],
            [
              127.47996785347463,
              34.96720209102188
            ],
            [
              127.4799807439148,
              34.967194061652
            ],
            [
              127.47998612631481,
              34.96718862184866
            ],
            [
              127.47999426454214,
              34.96718301188509
            ],
            [
              127.48000697782193,
              34.96717745322651
            ],
            [
              127.48006206751575,
              34.96715817658352
            ],
            [
              127.48003996500407,
              34.96707349786246
            ],
            [
              127.47995914513938,
              34.96709006570484
            ],
            [
              127.4799525949187,
              34.96706822603314
            ],
            [
              127.47994381286603,
              34.96706984225653
            ],
            [
              127.4799065557448,
              34.96705542869449
            ],
            [
              127.47989675613346,
              34.96702019952736
            ],
            [
              127.47989684139512,
              34.96702017831564
            ]
          ]
        ]
      }
    },
    {
      "type": "Feature",
      "id": "RZ-083",
      "properties": {
        "FEATURE_ID": "RZ-083",
        "ZONE_NAME": "청운대로",
        "SOURCE": "road_zone_sketchup.dxf",
        "CRS_SOURCE": "EPSG:5179",
        "CRS_OUTPUT": "EPSG:4326"
      },
      "geometry": {
        "type": "Polygon",
        "coordinates": [
          [
            [
              127.48034499080441,
              34.966983639172135
            ],
            [
              127.48040345546866,
              34.966974346997866
            ],
            [
              127.48030920179144,
              34.96667223123597
            ],
            [
              127.48023403293713,
              34.96668526151779
            ],
            [
              127.48024703873475,
              34.96673986011374
            ],
            [
              127.4802778639634,
              34.96675058221017
            ],
            [
              127.48034499080441,
              34.966983639172135
            ]
          ]
        ]
      }
    },
    {
      "type": "Feature",
      "id": "RZ-084",
      "properties": {
        "FEATURE_ID": "RZ-084",
        "ZONE_NAME": "청운인재삼거리",
        "SOURCE": "road_zone_sketchup.dxf",
        "CRS_SOURCE": "EPSG:5179",
        "CRS_OUTPUT": "EPSG:4326"
      },
      "geometry": {
        "type": "Polygon",
        "coordinates": [
          [
            [
              127.48005424969689,
              34.966835524099906
            ],
            [
              127.4801630732819,
              34.96681471437797
            ],
            [
              127.48015031428976,
              34.966755465002834
            ],
            [
              127.48024710013259,
              34.96673991067602
            ],
            [
              127.48023403298568,
              34.966685059308624
            ],
            [
              127.48011532267705,
              34.966705513610194
            ],
            [
              127.48010813701899,
              34.96670839391435
            ],
            [
              127.48008911447015,
              34.966648334668946
            ],
            [
              127.48001197697482,
              34.966675822447435
            ],
            [
              127.48005424969689,
              34.966835524099906
            ]
          ]
        ]
      }
    },
    {
      "type": "Feature",
      "id": "RZ-085",
      "properties": {
        "FEATURE_ID": "RZ-085",
        "ZONE_NAME": "학군단앞길",
        "SOURCE": "road_zone_sketchup.dxf",
        "CRS_SOURCE": "EPSG:5179",
        "CRS_OUTPUT": "EPSG:4326"
      },
      "geometry": {
        "type": "Polygon",
        "coordinates": [
          [
            [
              127.47771057650976,
              34.97066613710965
            ],
            [
              127.47778108289474,
              34.97064987220124
            ],
            [
              127.47765570961955,
              34.970306548769955
            ],
            [
              127.47759312567784,
              34.97032301727762
            ],
            [
              127.47771057650976,
              34.97066613710965
            ]
          ]
        ]
      }
    },
    {
      "type": "Feature",
      "id": "RZ-086",
      "properties": {
        "FEATURE_ID": "RZ-086",
        "ZONE_NAME": "학생생활관길",
        "SOURCE": "road_zone_sketchup.dxf",
        "CRS_SOURCE": "EPSG:5179",
        "CRS_OUTPUT": "EPSG:4326"
      },
      "geometry": {
        "type": "Polygon",
        "coordinates": [
          [
            [
              127.48006172972255,
              34.96715832818496
            ],
            [
              127.4800399496454,
              34.967073523136094
            ],
            [
              127.48016046930718,
              34.96704875014355
            ],
            [
              127.48015433359157,
              34.9670267588934
            ],
            [
              127.48034564813341,
              34.966983435094406
            ],
            [
              127.48040360218808,
              34.96697472102931
            ],
            [
              127.480544175334,
              34.9669520709265
            ],
            [
              127.48056490202367,
              34.96694878518649
            ],
            [
              127.48062035387187,
              34.966938784693454
            ],
            [
              127.48062804923997,
              34.966922842991316
            ],
            [
              127.48068328540678,
              34.967063083852764
            ],
            [
              127.48053277794037,
              34.96709024431632
            ],
            [
              127.48052956767167,
              34.967064496886856
            ],
            [
              127.48021522377812,
              34.96713018618194
            ],
            [
              127.48006172972255,
              34.96715832818496
            ]
          ]
        ]
      }
    },
    {
      "type": "Feature",
      "id": "RZ-087",
      "properties": {
        "FEATURE_ID": "RZ-087",
        "ZONE_NAME": "학생회관대로",
        "SOURCE": "road_zone_sketchup.dxf",
        "CRS_SOURCE": "EPSG:5179",
        "CRS_OUTPUT": "EPSG:4326"
      },
      "geometry": {
        "type": "MultiPolygon",
        "coordinates": [
          [
            [
              [
                127.47971618217699,
                34.96851554694205
              ],
              [
                127.47973542601416,
                34.96855046914273
              ],
              [
                127.47997428246107,
                34.96849902126567
              ],
              [
                127.48004939108729,
                34.96848811433473
              ],
              [
                127.48007536830666,
                34.96848705700149
              ],
              [
                127.48005131685119,
                34.968397297476876
              ],
              [
                127.4798459173095,
                34.96843733888561
              ],
              [
                127.47981398191246,
                34.968443703169164
              ],
              [
                127.47967764157714,
                34.96847370848607
              ],
              [
                127.47938555388029,
                34.968536748504405
              ],
              [
                127.47940052634127,
                34.96858427018883
              ],
              [
                127.47971618217699,
                34.96851554694205
              ]
            ]
          ],
          [
            [
              [
                127.48054072913817,
                34.969040052356064
              ],
              [
                127.48053090580639,
                34.96902933369896
              ],
              [
                127.48052028532233,
                34.96901355968547
              ],
              [
                127.48051586595763,
                34.96900395404388
              ],
              [
                127.48040059229957,
                34.96863396864363
              ],
              [
                127.48024557935372,
                34.968678328429725
              ],
              [
                127.48034830658797,
                34.96899429683679
              ],
              [
                127.48037899500122,
                34.96906729928666
              ],
              [
                127.48038611340762,
                34.96908974564728
              ],
              [
                127.48054072913817,
                34.969040052356064
              ]
            ]
          ]
        ]
      }
    },
    {
      "type": "Feature",
      "id": "RZ-088",
      "properties": {
        "FEATURE_ID": "RZ-088",
        "ZONE_NAME": "학생회관삼거리",
        "SOURCE": "road_zone_sketchup.dxf",
        "CRS_SOURCE": "EPSG:5179",
        "CRS_OUTPUT": "EPSG:4326"
      },
      "geometry": {
        "type": "Polygon",
        "coordinates": [
          [
            [
              127.47903825223185,
              34.968663467855656
            ],
            [
              127.47902524579904,
              34.96861331774823
            ],
            [
              127.47917677182069,
              34.96857831109346
            ],
            [
              127.47918194652412,
              34.968575152463075
            ],
            [
              127.47919199087684,
              34.9685609110794
            ],
            [
              127.47918879612757,
              34.96853593770526
            ],
            [
              127.47917609816328,
              34.96847992360116
            ],
            [
              127.47917465598391,
              34.96847603082819
            ],
            [
              127.47926401007744,
              34.96847316463768
            ],
            [
              127.47927241108022,
              34.96852215123232
            ],
            [
              127.47928462503488,
              34.968549527376425
            ],
            [
              127.47929171676202,
              34.96855460909011
            ],
            [
              127.47929801112856,
              34.968555772865685
            ],
            [
              127.47938546559355,
              34.968536780084435
            ],
            [
              127.47940092939574,
              34.968584099643074
            ],
            [
              127.47903825223185,
              34.968663467855656
            ]
          ]
        ]
      }
    },
    {
      "type": "Feature",
      "id": "RZ-089",
      "properties": {
        "FEATURE_ID": "RZ-089",
        "ZONE_NAME": "향림관뒷길",
        "SOURCE": "road_zone_sketchup.dxf",
        "CRS_SOURCE": "EPSG:5179",
        "CRS_OUTPUT": "EPSG:4326"
      },
      "geometry": {
        "type": "Polygon",
        "coordinates": [
          [
            [
              127.4809215142454,
              34.966696897385035
            ],
            [
              127.48058067159556,
              34.966771357447506
            ],
            [
              127.48053679675718,
              34.96663056227872
            ],
            [
              127.48079055511755,
              34.96657590509529
            ],
            [
              127.48080295556422,
              34.966594510301455
            ],
            [
              127.48087922992815,
              34.96658016548161
            ],
            [
              127.4809215142454,
              34.966696897385035
            ]
          ]
        ]
      }
    },
    {
      "type": "Feature",
      "id": "RZ-090",
      "properties": {
        "FEATURE_ID": "RZ-090",
        "ZONE_NAME": "향림삼거리",
        "SOURCE": "road_zone_sketchup.dxf",
        "CRS_SOURCE": "EPSG:5179",
        "CRS_OUTPUT": "EPSG:4326"
      },
      "geometry": {
        "type": "Polygon",
        "coordinates": [
          [
            [
              127.48073073508354,
              34.9671297465639
            ],
            [
              127.48070960958006,
              34.967131360883585
            ],
            [
              127.48062810570332,
              34.96692347687893
            ],
            [
              127.4805819609069,
              34.96677262146105
            ],
            [
              127.48064730454765,
              34.96675807282993
            ],
            [
              127.48069246822273,
              34.96690326621041
            ],
            [
              127.48073124994289,
              34.96702904647753
            ],
            [
              127.480820666072,
              34.96701652366248
            ],
            [
              127.48085994261541,
              34.967128149322356
            ],
            [
              127.4808083556528,
              34.96713825163986
            ],
            [
              127.4808088447068,
              34.967147806100456
            ],
            [
              127.48081737841146,
              34.9671577662503
            ],
            [
              127.4808245017432,
              34.96715887952566
            ],
            [
              127.48084193165592,
              34.96720442989187
            ],
            [
              127.48076866580034,
              34.967218825715456
            ],
            [
              127.48073073508354,
              34.9671297465639
            ]
          ]
        ]
      }
    },
    {
      "type": "Feature",
      "id": "RZ-091",
      "properties": {
        "FEATURE_ID": "RZ-091",
        "ZONE_NAME": "후문삼거리",
        "SOURCE": "road_zone_sketchup.dxf",
        "CRS_SOURCE": "EPSG:5179",
        "CRS_OUTPUT": "EPSG:4326"
      },
      "geometry": {
        "type": "Polygon",
        "coordinates": [
          [
            [
              127.47902267978246,
              34.970750167539485
            ],
            [
              127.47891299304783,
              34.970762685504184
            ],
            [
              127.47884941727672,
              34.97057573217948
            ],
            [
              127.47882928979246,
              34.97051385270111
            ],
            [
              127.4787870714813,
              34.97038321828145
            ],
            [
              127.47889246086564,
              34.97036281352936
            ],
            [
              127.4788994571123,
              34.970381519083396
            ],
            [
              127.4789312624819,
              34.970406497424506
            ],
            [
              127.47896650936008,
              34.97042217473651
            ],
            [
              127.47901514785863,
              34.97042359861427
            ],
            [
              127.47905697038506,
              34.97042173540007
            ],
            [
              127.47910462807884,
              34.97041608175573
            ],
            [
              127.47913813934116,
              34.97049525236386
            ],
            [
              127.47908323016931,
              34.970519508005836
            ],
            [
              127.47908266972154,
              34.97051972907546
            ],
            [
              127.47905189505589,
              34.970546693403854
            ],
            [
              127.47903125085014,
              34.97058399741187
            ],
            [
              127.47901865147698,
              34.97062221274706
            ],
            [
              127.47901249985131,
              34.97066275459926
            ],
            [
              127.47901408651715,
              34.970702236190846
            ],
            [
              127.47902267978246,
              34.970750167539485
            ]
          ]
        ]
      }
    },
    {
      "type": "Feature",
      "id": "RZ-092",
      "properties": {
        "FEATURE_ID": "RZ-092",
        "ZONE_NAME": "후문초입로",
        "SOURCE": "road_zone_sketchup.dxf",
        "CRS_SOURCE": "EPSG:5179",
        "CRS_OUTPUT": "EPSG:4326"
      },
      "geometry": {
        "type": "Polygon",
        "coordinates": [
          [
            [
              127.47910559074535,
              34.97097831155076
            ],
            [
              127.47910595969897,
              34.9709764411806
            ],
            [
              127.47910884669614,
              34.97097415418749
            ],
            [
              127.47912518330247,
              34.97097132607014
            ],
            [
              127.47909193117808,
              34.97083836790304
            ],
            [
              127.47907442904814,
              34.97083609003674
            ],
            [
              127.47905614460778,
              34.970831044296666
            ],
            [
              127.47905362727933,
              34.97082866790619
            ],
            [
              127.47902269511957,
              34.97075023073243
            ],
            [
              127.47891300838486,
              34.97076274869714
            ],
            [
              127.47892209071698,
              34.970789239659226
            ],
            [
              127.47893902863927,
              34.97083635730593
            ],
            [
              127.47895866932375,
              34.97088125111873
            ],
            [
              127.47896782137906,
              34.97087533808953
            ],
            [
              127.47897322497732,
              34.9708782710564
            ],
            [
              127.47897991741695,
              34.970884464866984
            ],
            [
              127.47898568727399,
              34.970896092885624
            ],
            [
              127.47901513957592,
              34.97099791023168
            ],
            [
              127.47901771266268,
              34.971022479074776
            ],
            [
              127.47901586704529,
              34.97103511682089
            ],
            [
              127.47901070431678,
              34.97105088823381
            ],
            [
              127.47900505197049,
              34.971060037215786
            ],
            [
              127.47900075186116,
              34.9710646872802
            ],
            [
              127.47898742662093,
              34.97105912422674
            ],
            [
              127.47916198769741,
              34.97114299522742
            ],
            [
              127.47915554667064,
              34.97111392657295
            ],
            [
              127.47913454625915,
              34.97111758800536
            ],
            [
              127.4791337290001,
              34.9711163872488
            ],
            [
              127.4791332378578,
              34.9711157426231
            ],
            [
              127.47910559074535,
              34.97097831155076
            ]
          ]
        ]
      }
    }
  ]
}