{
  "type": "FeatureCollection",
  "metadata": {
    "schema_version": 1,
    "coordinate_system": "local meters, x=east, z=north",
    "source_of_truth": true,
    "authoritative_geometry_available": false,
    "status": "Legacy derived network imported for traceability. Replace with surveyed/CAD/GIS or GLB-digitized features.",
    "generated_from": "mobility_graph.json"
  },
  "features": [
    {
      "type": "Feature",
      "id": "ROAD_NODE_001",
      "properties": {
        "id": "ROAD_NODE_001",
        "kind": "intersection",
        "source_route_id": "campus_rz-001",
        "road_id": "RD_060",
        "feature_type": "node",
        "source": "derived",
        "confidence": 0.35,
        "derived": true
      },
      "geometry": {
        "type": "Point",
        "coordinates": [
          140.532,
          22.547
        ]
      }
    },
    {
      "type": "Feature",
      "id": "ROAD_NODE_002",
      "properties": {
        "id": "ROAD_NODE_002",
        "kind": "intersection",
        "source_route_id": "campus_rz-002",
        "road_id": "RD_061",
        "feature_type": "node",
        "source": "derived",
        "confidence": 0.35,
        "derived": true
      },
      "geometry": {
        "type": "Point",
        "coordinates": [
          162.106,
          38.411
        ]
      }
    },
    {
      "type": "Feature",
      "id": "ROAD_NODE_003",
      "properties": {
        "id": "ROAD_NODE_003",
        "kind": "intersection",
        "source_route_id": "campus_rz-003",
        "road_id": "RD_062",
        "feature_type": "node",
        "source": "derived",
        "confidence": 0.35,
        "derived": true
      },
      "geometry": {
        "type": "Point",
        "coordinates": [
          153.584,
          61.053
        ]
      }
    },
    {
      "type": "Feature",
      "id": "ROAD_NODE_004",
      "properties": {
        "id": "ROAD_NODE_004",
        "kind": "intersection",
        "source_route_id": "campus_rz-004",
        "road_id": "RD_063",
        "feature_type": "node",
        "source": "derived",
        "confidence": 0.35,
        "derived": true
      },
      "geometry": {
        "type": "Point",
        "coordinates": [
          130.929,
          44.982
        ]
      }
    },
    {
      "type": "Feature",
      "id": "ROAD_NODE_005",
      "properties": {
        "id": "ROAD_NODE_005",
        "kind": "intersection",
        "source_route_id": "campus_rz-005",
        "road_id": "RD_064",
        "feature_type": "node",
        "source": "derived",
        "confidence": 0.35,
        "derived": true
      },
      "geometry": {
        "type": "Point",
        "coordinates": [
          168.404,
          88.748
        ]
      }
    },
    {
      "type": "Feature",
      "id": "ROAD_NODE_006",
      "properties": {
        "id": "ROAD_NODE_006",
        "kind": "intersection",
        "source_route_id": "campus_rz-006",
        "road_id": "RD_073",
        "feature_type": "node",
        "source": "derived",
        "confidence": 0.35,
        "derived": true
      },
      "geometry": {
        "type": "Point",
        "coordinates": [
          197.395,
          37.323
        ]
      }
    },
    {
      "type": "Feature",
      "id": "ROAD_NODE_007",
      "properties": {
        "id": "ROAD_NODE_007",
        "kind": "intersection",
        "source_route_id": "campus_rz-007",
        "road_id": "RD_071",
        "feature_type": "node",
        "source": "derived",
        "confidence": 0.35,
        "derived": true
      },
      "geometry": {
        "type": "Point",
        "coordinates": [
          119.442,
          -55.322
        ]
      }
    },
    {
      "type": "Feature",
      "id": "ROAD_NODE_008",
      "properties": {
        "id": "ROAD_NODE_008",
        "kind": "intersection",
        "source_route_id": "campus_rz-008",
        "road_id": "RD_067",
        "feature_type": "node",
        "source": "derived",
        "confidence": 0.35,
        "derived": true
      },
      "geometry": {
        "type": "Point",
        "coordinates": [
          121.609,
          -27.641
        ]
      }
    },
    {
      "type": "Feature",
      "id": "ROAD_NODE_009",
      "properties": {
        "id": "ROAD_NODE_009",
        "kind": "intersection",
        "source_route_id": "campus_rz-009",
        "road_id": "RD_068",
        "feature_type": "node",
        "source": "derived",
        "confidence": 0.35,
        "derived": true
      },
      "geometry": {
        "type": "Point",
        "coordinates": [
          106.183,
          -34.169
        ]
      }
    },
    {
      "type": "Feature",
      "id": "ROAD_NODE_010",
      "properties": {
        "id": "ROAD_NODE_010",
        "kind": "intersection",
        "source_route_id": "campus_rz-010",
        "road_id": "RD_070",
        "feature_type": "node",
        "source": "derived",
        "confidence": 0.35,
        "derived": true
      },
      "geometry": {
        "type": "Point",
        "coordinates": [
          103.061,
          -54.426
        ]
      }
    },
    {
      "type": "Feature",
      "id": "ROAD_NODE_011",
      "properties": {
        "id": "ROAD_NODE_011",
        "kind": "intersection",
        "source_route_id": "campus_rz-011",
        "road_id": "RD_066",
        "feature_type": "node",
        "source": "derived",
        "confidence": 0.35,
        "derived": true
      },
      "geometry": {
        "type": "Point",
        "coordinates": [
          47.477,
          12.358
        ]
      }
    },
    {
      "type": "Feature",
      "id": "ROAD_NODE_012",
      "properties": {
        "id": "ROAD_NODE_012",
        "kind": "intersection",
        "source_route_id": "campus_rz-012",
        "road_id": "RD_058",
        "feature_type": "node",
        "source": "derived",
        "confidence": 0.35,
        "derived": true
      },
      "geometry": {
        "type": "Point",
        "coordinates": [
          22.593,
          54.405
        ]
      }
    },
    {
      "type": "Feature",
      "id": "ROAD_NODE_013",
      "properties": {
        "id": "ROAD_NODE_013",
        "kind": "intersection",
        "source_route_id": "campus_rz-013",
        "road_id": "RD_057",
        "feature_type": "node",
        "source": "derived",
        "confidence": 0.35,
        "derived": true
      },
      "geometry": {
        "type": "Point",
        "coordinates": [
          -22.461,
          13.058
        ]
      }
    },
    {
      "type": "Feature",
      "id": "ROAD_NODE_014",
      "properties": {
        "id": "ROAD_NODE_014",
        "kind": "intersection",
        "source_route_id": "campus_rz-014",
        "road_id": "RD_069",
        "feature_type": "node",
        "source": "derived",
        "confidence": 0.35,
        "derived": true
      },
      "geometry": {
        "type": "Point",
        "coordinates": [
          1.037,
          -54.558
        ]
      }
    },
    {
      "type": "Feature",
      "id": "ROAD_NODE_015",
      "properties": {
        "id": "ROAD_NODE_015",
        "kind": "crosswalk",
        "source_route_id": "campus_rz-015",
        "road_id": "CW_019",
        "feature_type": "node",
        "source": "derived",
        "confidence": 0.35,
        "derived": true
      },
      "geometry": {
        "type": "Point",
        "coordinates": [
          51.403,
          -54.581
        ]
      }
    },
    {
      "type": "Feature",
      "id": "ROAD_NODE_016",
      "properties": {
        "id": "ROAD_NODE_016",
        "kind": "crosswalk",
        "source_route_id": "campus_rz-016",
        "road_id": "CW_022",
        "feature_type": "node",
        "source": "derived",
        "confidence": 0.35,
        "derived": true
      },
      "geometry": {
        "type": "Point",
        "coordinates": [
          189.524,
          -18.578
        ]
      }
    },
    {
      "type": "Feature",
      "id": "ROAD_NODE_017",
      "properties": {
        "id": "ROAD_NODE_017",
        "kind": "intersection",
        "source_route_id": "campus_rz-017",
        "road_id": "RD_076",
        "feature_type": "node",
        "source": "derived",
        "confidence": 0.35,
        "derived": true
      },
      "geometry": {
        "type": "Point",
        "coordinates": [
          217.377,
          19.428
        ]
      }
    },
    {
      "type": "Feature",
      "id": "ROAD_NODE_018",
      "properties": {
        "id": "ROAD_NODE_018",
        "kind": "intersection",
        "source_route_id": "campus_rz-018",
        "road_id": "RD_074",
        "feature_type": "node",
        "source": "derived",
        "confidence": 0.35,
        "derived": true
      },
      "geometry": {
        "type": "Point",
        "coordinates": [
          149.883,
          -62.656
        ]
      }
    },
    {
      "type": "Feature",
      "id": "ROAD_NODE_019",
      "properties": {
        "id": "ROAD_NODE_019",
        "kind": "intersection",
        "source_route_id": "campus_rz-019",
        "road_id": "RD_075",
        "feature_type": "node",
        "source": "derived",
        "confidence": 0.35,
        "derived": true
      },
      "geometry": {
        "type": "Point",
        "coordinates": [
          79.007,
          -88.01
        ]
      }
    },
    {
      "type": "Feature",
      "id": "ROAD_NODE_020",
      "properties": {
        "id": "ROAD_NODE_020",
        "kind": "intersection",
        "source_route_id": "campus_rz-020",
        "road_id": null,
        "feature_type": "node",
        "source": "derived",
        "confidence": 0.35,
        "derived": true
      },
      "geometry": {
        "type": "Point",
        "coordinates": [
          112.222,
          -106.317
        ]
      }
    },
    {
      "type": "Feature",
      "id": "ROAD_NODE_021",
      "properties": {
        "id": "ROAD_NODE_021",
        "kind": "intersection",
        "source_route_id": "campus_rz-021",
        "road_id": "RD_029",
        "feature_type": "node",
        "source": "derived",
        "confidence": 0.35,
        "derived": true
      },
      "geometry": {
        "type": "Point",
        "coordinates": [
          475.262,
          -221.364
        ]
      }
    },
    {
      "type": "Feature",
      "id": "ROAD_NODE_022",
      "properties": {
        "id": "ROAD_NODE_022",
        "kind": "intersection",
        "source_route_id": "campus_rz-022",
        "road_id": "RD_025",
        "feature_type": "node",
        "source": "derived",
        "confidence": 0.35,
        "derived": true
      },
      "geometry": {
        "type": "Point",
        "coordinates": [
          461.603,
          -279.956
        ]
      }
    },
    {
      "type": "Feature",
      "id": "ROAD_NODE_023",
      "properties": {
        "id": "ROAD_NODE_023",
        "kind": "intersection",
        "source_route_id": "campus_rz-023",
        "road_id": null,
        "feature_type": "node",
        "source": "derived",
        "confidence": 0.35,
        "derived": true
      },
      "geometry": {
        "type": "Point",
        "coordinates": [
          466.01,
          -246.725
        ]
      }
    },
    {
      "type": "Feature",
      "id": "ROAD_NODE_024",
      "properties": {
        "id": "ROAD_NODE_024",
        "kind": "intersection",
        "source_route_id": "campus_rz-024",
        "road_id": null,
        "feature_type": "node",
        "source": "derived",
        "confidence": 0.35,
        "derived": true
      },
      "geometry": {
        "type": "Point",
        "coordinates": [
          333.63,
          -264.21
        ]
      }
    },
    {
      "type": "Feature",
      "id": "ROAD_NODE_025",
      "properties": {
        "id": "ROAD_NODE_025",
        "kind": "intersection",
        "source_route_id": "campus_rz-025",
        "road_id": "RD_023",
        "feature_type": "node",
        "source": "derived",
        "confidence": 0.35,
        "derived": true
      },
      "geometry": {
        "type": "Point",
        "coordinates": [
          307.853,
          -264.866
        ]
      }
    },
    {
      "type": "Feature",
      "id": "ROAD_NODE_026",
      "properties": {
        "id": "ROAD_NODE_026",
        "kind": "intersection",
        "source_route_id": "campus_rz-026",
        "road_id": "RD_047",
        "feature_type": "node",
        "source": "derived",
        "confidence": 0.35,
        "derived": true
      },
      "geometry": {
        "type": "Point",
        "coordinates": [
          245.31,
          -205.21
        ]
      }
    },
    {
      "type": "Feature",
      "id": "ROAD_NODE_027",
      "properties": {
        "id": "ROAD_NODE_027",
        "kind": "intersection",
        "source_route_id": "campus_rz-027",
        "road_id": "RD_048",
        "feature_type": "node",
        "source": "derived",
        "confidence": 0.35,
        "derived": true
      },
      "geometry": {
        "type": "Point",
        "coordinates": [
          257.459,
          -237.944
        ]
      }
    },
    {
      "type": "Feature",
      "id": "ROAD_NODE_028",
      "properties": {
        "id": "ROAD_NODE_028",
        "kind": "intersection",
        "source_route_id": "campus_rz-028",
        "road_id": "RD_031",
        "feature_type": "node",
        "source": "derived",
        "confidence": 0.35,
        "derived": true
      },
      "geometry": {
        "type": "Point",
        "coordinates": [
          456.494,
          -187.799
        ]
      }
    },
    {
      "type": "Feature",
      "id": "ROAD_NODE_029",
      "properties": {
        "id": "ROAD_NODE_029",
        "kind": "intersection",
        "source_route_id": "campus_rz-029",
        "road_id": null,
        "feature_type": "node",
        "source": "derived",
        "confidence": 0.35,
        "derived": true
      },
      "geometry": {
        "type": "Point",
        "coordinates": [
          426.091,
          -181.996
        ]
      }
    },
    {
      "type": "Feature",
      "id": "ROAD_NODE_030",
      "properties": {
        "id": "ROAD_NODE_030",
        "kind": "intersection",
        "source_route_id": "campus_rz-030",
        "road_id": "RD_088",
        "feature_type": "node",
        "source": "derived",
        "confidence": 0.35,
        "derived": true
      },
      "geometry": {
        "type": "Point",
        "coordinates": [
          348.289,
          13.596
        ]
      }
    },
    {
      "type": "Feature",
      "id": "ROAD_NODE_031",
      "properties": {
        "id": "ROAD_NODE_031",
        "kind": "intersection",
        "source_route_id": "campus_rz-031",
        "road_id": "RD_032",
        "feature_type": "node",
        "source": "derived",
        "confidence": 0.35,
        "derived": true
      },
      "geometry": {
        "type": "Point",
        "coordinates": [
          492.14,
          -160.695
        ]
      }
    },
    {
      "type": "Feature",
      "id": "ROAD_NODE_032",
      "properties": {
        "id": "ROAD_NODE_032",
        "kind": "intersection",
        "source_route_id": "campus_rz-032",
        "road_id": null,
        "feature_type": "node",
        "source": "derived",
        "confidence": 0.35,
        "derived": true
      },
      "geometry": {
        "type": "Point",
        "coordinates": [
          506.411,
          -123.355
        ]
      }
    },
    {
      "type": "Feature",
      "id": "ROAD_NODE_033",
      "properties": {
        "id": "ROAD_NODE_033",
        "kind": "intersection",
        "source_route_id": "campus_rz-033",
        "road_id": "RD_028",
        "feature_type": "node",
        "source": "derived",
        "confidence": 0.35,
        "derived": true
      },
      "geometry": {
        "type": "Point",
        "coordinates": [
          341.505,
          -225.801
        ]
      }
    },
    {
      "type": "Feature",
      "id": "ROAD_NODE_034",
      "properties": {
        "id": "ROAD_NODE_034",
        "kind": "intersection",
        "source_route_id": "campus_rz-034",
        "road_id": "RD_026",
        "feature_type": "node",
        "source": "derived",
        "confidence": 0.35,
        "derived": true
      },
      "geometry": {
        "type": "Point",
        "coordinates": [
          402.803,
          -229.036
        ]
      }
    },
    {
      "type": "Feature",
      "id": "ROAD_NODE_035",
      "properties": {
        "id": "ROAD_NODE_035",
        "kind": "crosswalk",
        "source_route_id": "campus_rz-035",
        "road_id": "CW_012",
        "feature_type": "node",
        "source": "derived",
        "confidence": 0.35,
        "derived": true
      },
      "geometry": {
        "type": "Point",
        "coordinates": [
          352.859,
          -177.574
        ]
      }
    },
    {
      "type": "Feature",
      "id": "ROAD_NODE_036",
      "properties": {
        "id": "ROAD_NODE_036",
        "kind": "intersection",
        "source_route_id": "campus_rz-036",
        "road_id": "RD_030",
        "feature_type": "node",
        "source": "derived",
        "confidence": 0.35,
        "derived": true
      },
      "geometry": {
        "type": "Point",
        "coordinates": [
          389.187,
          -179.589
        ]
      }
    },
    {
      "type": "Feature",
      "id": "ROAD_NODE_037",
      "properties": {
        "id": "ROAD_NODE_037",
        "kind": "intersection",
        "source_route_id": "campus_rz-037",
        "road_id": null,
        "feature_type": "node",
        "source": "derived",
        "confidence": 0.35,
        "derived": true
      },
      "geometry": {
        "type": "Point",
        "coordinates": [
          481.062,
          -196.654
        ]
      }
    },
    {
      "type": "Feature",
      "id": "ROAD_NODE_038",
      "properties": {
        "id": "ROAD_NODE_038",
        "kind": "intersection",
        "source_route_id": "campus_rz-038",
        "road_id": "RD_050",
        "feature_type": "node",
        "source": "derived",
        "confidence": 0.35,
        "derived": true
      },
      "geometry": {
        "type": "Point",
        "coordinates": [
          233.776,
          -273.195
        ]
      }
    },
    {
      "type": "Feature",
      "id": "ROAD_NODE_039",
      "properties": {
        "id": "ROAD_NODE_039",
        "kind": "intersection",
        "source_route_id": "campus_rz-039",
        "road_id": null,
        "feature_type": "node",
        "source": "derived",
        "confidence": 0.35,
        "derived": true
      },
      "geometry": {
        "type": "Point",
        "coordinates": [
          276.567,
          -263.554
        ]
      }
    },
    {
      "type": "Feature",
      "id": "ROAD_NODE_040",
      "properties": {
        "id": "ROAD_NODE_040",
        "kind": "intersection",
        "source_route_id": "campus_rz-040",
        "road_id": "RD_056",
        "feature_type": "node",
        "source": "derived",
        "confidence": 0.35,
        "derived": true
      },
      "geometry": {
        "type": "Point",
        "coordinates": [
          265.405,
          -309.077
        ]
      }
    },
    {
      "type": "Feature",
      "id": "ROAD_NODE_041",
      "properties": {
        "id": "ROAD_NODE_041",
        "kind": "intersection",
        "source_route_id": "campus_rz-041",
        "road_id": "RD_008",
        "feature_type": "node",
        "source": "derived",
        "confidence": 0.35,
        "derived": true
      },
      "geometry": {
        "type": "Point",
        "coordinates": [
          603.223,
          -14.416
        ]
      }
    },
    {
      "type": "Feature",
      "id": "ROAD_NODE_042",
      "properties": {
        "id": "ROAD_NODE_042",
        "kind": "crosswalk",
        "source_route_id": "campus_rz-042",
        "road_id": "CW_006",
        "feature_type": "node",
        "source": "derived",
        "confidence": 0.35,
        "derived": true
      },
      "geometry": {
        "type": "Point",
        "coordinates": [
          547.172,
          -130.31
        ]
      }
    },
    {
      "type": "Feature",
      "id": "ROAD_NODE_043",
      "properties": {
        "id": "ROAD_NODE_043",
        "kind": "intersection",
        "source_route_id": "campus_rz-043",
        "road_id": "RD_010",
        "feature_type": "node",
        "source": "derived",
        "confidence": 0.35,
        "derived": true
      },
      "geometry": {
        "type": "Point",
        "coordinates": [
          563.575,
          -87.673
        ]
      }
    },
    {
      "type": "Feature",
      "id": "ROAD_NODE_044",
      "properties": {
        "id": "ROAD_NODE_044",
        "kind": "intersection",
        "source_route_id": "campus_rz-044",
        "road_id": "RD_046",
        "feature_type": "node",
        "source": "derived",
        "confidence": 0.35,
        "derived": true
      },
      "geometry": {
        "type": "Point",
        "coordinates": [
          146.648,
          -242.428
        ]
      }
    },
    {
      "type": "Feature",
      "id": "ROAD_NODE_045",
      "properties": {
        "id": "ROAD_NODE_045",
        "kind": "crosswalk",
        "source_route_id": "campus_rz-045",
        "road_id": "CW_018",
        "feature_type": "node",
        "source": "derived",
        "confidence": 0.35,
        "derived": true
      },
      "geometry": {
        "type": "Point",
        "coordinates": [
          192.097,
          -263.4
        ]
      }
    },
    {
      "type": "Feature",
      "id": "ROAD_NODE_046",
      "properties": {
        "id": "ROAD_NODE_046",
        "kind": "intersection",
        "source_route_id": "campus_rz-046",
        "road_id": "RD_049",
        "feature_type": "node",
        "source": "derived",
        "confidence": 0.35,
        "derived": true
      },
      "geometry": {
        "type": "Point",
        "coordinates": [
          162.967,
          -271.476
        ]
      }
    },
    {
      "type": "Feature",
      "id": "ROAD_NODE_047",
      "properties": {
        "id": "ROAD_NODE_047",
        "kind": "intersection",
        "source_route_id": "campus_rz-047",
        "road_id": "RD_053",
        "feature_type": "node",
        "source": "derived",
        "confidence": 0.35,
        "derived": true
      },
      "geometry": {
        "type": "Point",
        "coordinates": [
          155.649,
          -292.496
        ]
      }
    },
    {
      "type": "Feature",
      "id": "ROAD_NODE_048",
      "properties": {
        "id": "ROAD_NODE_048",
        "kind": "intersection",
        "source_route_id": "campus_rz-048",
        "road_id": "RD_052",
        "feature_type": "node",
        "source": "derived",
        "confidence": 0.35,
        "derived": true
      },
      "geometry": {
        "type": "Point",
        "coordinates": [
          130.881,
          -307.947
        ]
      }
    },
    {
      "type": "Feature",
      "id": "ROAD_NODE_049",
      "properties": {
        "id": "ROAD_NODE_049",
        "kind": "intersection",
        "source_route_id": "campus_rz-049",
        "road_id": "RD_092",
        "feature_type": "node",
        "source": "derived",
        "confidence": 0.35,
        "derived": true
      },
      "geometry": {
        "type": "Point",
        "coordinates": [
          93.405,
          -250.161
        ]
      }
    },
    {
      "type": "Feature",
      "id": "ROAD_NODE_050",
      "properties": {
        "id": "ROAD_NODE_050",
        "kind": "intersection",
        "source_route_id": "campus_rz-050",
        "road_id": "RD_043",
        "feature_type": "node",
        "source": "derived",
        "confidence": 0.35,
        "derived": true
      },
      "geometry": {
        "type": "Point",
        "coordinates": [
          175.341,
          -136.608
        ]
      }
    },
    {
      "type": "Feature",
      "id": "ROAD_NODE_051",
      "properties": {
        "id": "ROAD_NODE_051",
        "kind": "intersection",
        "source_route_id": "campus_rz-051",
        "road_id": "RD_044",
        "feature_type": "node",
        "source": "derived",
        "confidence": 0.35,
        "derived": true
      },
      "geometry": {
        "type": "Point",
        "coordinates": [
          180.803,
          -172.834
        ]
      }
    },
    {
      "type": "Feature",
      "id": "ROAD_NODE_052",
      "properties": {
        "id": "ROAD_NODE_052",
        "kind": "intersection",
        "source_route_id": "campus_rz-052",
        "road_id": "RD_078",
        "feature_type": "node",
        "source": "derived",
        "confidence": 0.35,
        "derived": true
      },
      "geometry": {
        "type": "Point",
        "coordinates": [
          228.441,
          -63.778
        ]
      }
    },
    {
      "type": "Feature",
      "id": "ROAD_NODE_053",
      "properties": {
        "id": "ROAD_NODE_053",
        "kind": "intersection",
        "source_route_id": "campus_rz-053",
        "road_id": "RD_039",
        "feature_type": "node",
        "source": "derived",
        "confidence": 0.35,
        "derived": true
      },
      "geometry": {
        "type": "Point",
        "coordinates": [
          208.897,
          -128.707
        ]
      }
    },
    {
      "type": "Feature",
      "id": "ROAD_NODE_054",
      "properties": {
        "id": "ROAD_NODE_054",
        "kind": "intersection",
        "source_route_id": "campus_rz-054",
        "road_id": null,
        "feature_type": "node",
        "source": "derived",
        "confidence": 0.35,
        "derived": true
      },
      "geometry": {
        "type": "Point",
        "coordinates": [
          221.487,
          -151.334
        ]
      }
    },
    {
      "type": "Feature",
      "id": "ROAD_NODE_055",
      "properties": {
        "id": "ROAD_NODE_055",
        "kind": "crosswalk",
        "source_route_id": "campus_rz-055",
        "road_id": "CW_023",
        "feature_type": "node",
        "source": "derived",
        "confidence": 0.35,
        "derived": true
      },
      "geometry": {
        "type": "Point",
        "coordinates": [
          210.454,
          -103.42
        ]
      }
    },
    {
      "type": "Feature",
      "id": "ROAD_NODE_056",
      "properties": {
        "id": "ROAD_NODE_056",
        "kind": "intersection",
        "source_route_id": "campus_rz-056",
        "road_id": "RD_045",
        "feature_type": "node",
        "source": "derived",
        "confidence": 0.35,
        "derived": true
      },
      "geometry": {
        "type": "Point",
        "coordinates": [
          194.53,
          -227.633
        ]
      }
    },
    {
      "type": "Feature",
      "id": "ROAD_NODE_057",
      "properties": {
        "id": "ROAD_NODE_057",
        "kind": "intersection",
        "source_route_id": "campus_rz-057",
        "road_id": null,
        "feature_type": "node",
        "source": "derived",
        "confidence": 0.35,
        "derived": true
      },
      "geometry": {
        "type": "Point",
        "coordinates": [
          206.118,
          -174.264
        ]
      }
    },
    {
      "type": "Feature",
      "id": "ROAD_NODE_058",
      "properties": {
        "id": "ROAD_NODE_058",
        "kind": "crosswalk",
        "source_route_id": "campus_rz-058",
        "road_id": "CW_003",
        "feature_type": "node",
        "source": "derived",
        "confidence": 0.35,
        "derived": true
      },
      "geometry": {
        "type": "Point",
        "coordinates": [
          610.477,
          1.332
        ]
      }
    },
    {
      "type": "Feature",
      "id": "ROAD_NODE_059",
      "properties": {
        "id": "ROAD_NODE_059",
        "kind": "crosswalk",
        "source_route_id": "campus_rz-059",
        "road_id": "CW_002",
        "feature_type": "node",
        "source": "derived",
        "confidence": 0.35,
        "derived": true
      },
      "geometry": {
        "type": "Point",
        "coordinates": [
          598.907,
          24.417
        ]
      }
    },
    {
      "type": "Feature",
      "id": "ROAD_NODE_060",
      "properties": {
        "id": "ROAD_NODE_060",
        "kind": "crosswalk",
        "source_route_id": "campus_rz-060",
        "road_id": "CW_001",
        "feature_type": "node",
        "source": "derived",
        "confidence": 0.35,
        "derived": true
      },
      "geometry": {
        "type": "Point",
        "coordinates": [
          549.067,
          50.087
        ]
      }
    },
    {
      "type": "Feature",
      "id": "ROAD_NODE_061",
      "properties": {
        "id": "ROAD_NODE_061",
        "kind": "intersection",
        "source_route_id": "campus_rz-061",
        "road_id": "RD_006",
        "feature_type": "node",
        "source": "derived",
        "confidence": 0.35,
        "derived": true
      },
      "geometry": {
        "type": "Point",
        "coordinates": [
          578.546,
          24.422
        ]
      }
    },
    {
      "type": "Feature",
      "id": "ROAD_NODE_062",
      "properties": {
        "id": "ROAD_NODE_062",
        "kind": "intersection",
        "source_route_id": "campus_rz-062",
        "road_id": "RD_004",
        "feature_type": "node",
        "source": "derived",
        "confidence": 0.35,
        "derived": true
      },
      "geometry": {
        "type": "Point",
        "coordinates": [
          525.597,
          -18.83
        ]
      }
    },
    {
      "type": "Feature",
      "id": "ROAD_NODE_063",
      "properties": {
        "id": "ROAD_NODE_063",
        "kind": "intersection",
        "source_route_id": "campus_rz-063",
        "road_id": "RD_003",
        "feature_type": "node",
        "source": "derived",
        "confidence": 0.35,
        "derived": true
      },
      "geometry": {
        "type": "Point",
        "coordinates": [
          565.976,
          -7.023
        ]
      }
    },
    {
      "type": "Feature",
      "id": "ROAD_NODE_064",
      "properties": {
        "id": "ROAD_NODE_064",
        "kind": "intersection",
        "source_route_id": "campus_rz-064",
        "road_id": "RD_002",
        "feature_type": "node",
        "source": "derived",
        "confidence": 0.35,
        "derived": true
      },
      "geometry": {
        "type": "Point",
        "coordinates": [
          536.387,
          19.047
        ]
      }
    },
    {
      "type": "Feature",
      "id": "ROAD_NODE_065",
      "properties": {
        "id": "ROAD_NODE_065",
        "kind": "intersection",
        "source_route_id": "campus_rz-065",
        "road_id": "RD_001",
        "feature_type": "node",
        "source": "derived",
        "confidence": 0.35,
        "derived": true
      },
      "geometry": {
        "type": "Point",
        "coordinates": [
          493.659,
          23.231
        ]
      }
    },
    {
      "type": "Feature",
      "id": "ROAD_NODE_066",
      "properties": {
        "id": "ROAD_NODE_066",
        "kind": "intersection",
        "source_route_id": "campus_rz-066",
        "road_id": "RD_091",
        "feature_type": "node",
        "source": "derived",
        "confidence": 0.35,
        "derived": true
      },
      "geometry": {
        "type": "Point",
        "coordinates": [
          478.537,
          -48.075
        ]
      }
    },
    {
      "type": "Feature",
      "id": "ROAD_NODE_067",
      "properties": {
        "id": "ROAD_NODE_067",
        "kind": "intersection",
        "source_route_id": "campus_rz-067",
        "road_id": "RD_005",
        "feature_type": "node",
        "source": "derived",
        "confidence": 0.35,
        "derived": true
      },
      "geometry": {
        "type": "Point",
        "coordinates": [
          505.442,
          -33.827
        ]
      }
    },
    {
      "type": "Feature",
      "id": "ROAD_NODE_068",
      "properties": {
        "id": "ROAD_NODE_068",
        "kind": "intersection",
        "source_route_id": "campus_rz-068",
        "road_id": null,
        "feature_type": "node",
        "source": "derived",
        "confidence": 0.35,
        "derived": true
      },
      "geometry": {
        "type": "Point",
        "coordinates": [
          388.615,
          -34.699
        ]
      }
    },
    {
      "type": "Feature",
      "id": "ROAD_NODE_069",
      "properties": {
        "id": "ROAD_NODE_069",
        "kind": "intersection",
        "source_route_id": "campus_rz-069",
        "road_id": "RD_086",
        "feature_type": "node",
        "source": "derived",
        "confidence": 0.35,
        "derived": true
      },
      "geometry": {
        "type": "Point",
        "coordinates": [
          279.837,
          35.108
        ]
      }
    },
    {
      "type": "Feature",
      "id": "ROAD_NODE_070",
      "properties": {
        "id": "ROAD_NODE_070",
        "kind": "crosswalk",
        "source_route_id": "campus_rz-070",
        "road_id": "CW_016",
        "feature_type": "node",
        "source": "derived",
        "confidence": 0.35,
        "derived": true
      },
      "geometry": {
        "type": "Point",
        "coordinates": [
          456.389,
          -108.72
        ]
      }
    },
    {
      "type": "Feature",
      "id": "ROAD_NODE_071",
      "properties": {
        "id": "ROAD_NODE_071",
        "kind": "intersection",
        "source_route_id": "campus_rz-071",
        "road_id": "RD_035",
        "feature_type": "node",
        "source": "derived",
        "confidence": 0.35,
        "derived": true
      },
      "geometry": {
        "type": "Point",
        "coordinates": [
          431.096,
          -145.159
        ]
      }
    },
    {
      "type": "Feature",
      "id": "ROAD_NODE_072",
      "properties": {
        "id": "ROAD_NODE_072",
        "kind": "intersection",
        "source_route_id": "campus_rz-072",
        "road_id": "RD_065",
        "feature_type": "node",
        "source": "derived",
        "confidence": 0.35,
        "derived": true
      },
      "geometry": {
        "type": "Point",
        "coordinates": [
          133.844,
          -6.94
        ]
      }
    },
    {
      "type": "Feature",
      "id": "ROAD_NODE_073",
      "properties": {
        "id": "ROAD_NODE_073",
        "kind": "intersection",
        "source_route_id": "campus_rz-073",
        "road_id": "RD_037",
        "feature_type": "node",
        "source": "derived",
        "confidence": 0.35,
        "derived": true
      },
      "geometry": {
        "type": "Point",
        "coordinates": [
          465.751,
          -333.927
        ]
      }
    },
    {
      "type": "Feature",
      "id": "ROAD_NODE_074",
      "properties": {
        "id": "ROAD_NODE_074",
        "kind": "crosswalk",
        "source_route_id": "campus_rz-074",
        "road_id": "CW_017",
        "feature_type": "node",
        "source": "derived",
        "confidence": 0.35,
        "derived": true
      },
      "geometry": {
        "type": "Point",
        "coordinates": [
          108.79,
          -211.774
        ]
      }
    },
    {
      "type": "Feature",
      "id": "ROAD_NODE_075",
      "properties": {
        "id": "ROAD_NODE_075",
        "kind": "intersection",
        "source_route_id": "campus_rz-075",
        "road_id": "RD_042",
        "feature_type": "node",
        "source": "derived",
        "confidence": 0.35,
        "derived": true
      },
      "geometry": {
        "type": "Point",
        "coordinates": [
          73.222,
          -207.506
        ]
      }
    },
    {
      "type": "Feature",
      "id": "ROAD_NODE_076",
      "properties": {
        "id": "ROAD_NODE_076",
        "kind": "intersection",
        "source_route_id": "campus_rz-076",
        "road_id": "RD_041",
        "feature_type": "node",
        "source": "derived",
        "confidence": 0.35,
        "derived": true
      },
      "geometry": {
        "type": "Point",
        "coordinates": [
          103.15,
          -163.496
        ]
      }
    },
    {
      "type": "Feature",
      "id": "ROAD_NODE_077",
      "properties": {
        "id": "ROAD_NODE_077",
        "kind": "intersection",
        "source_route_id": "campus_rz-077",
        "road_id": "RD_015",
        "feature_type": "node",
        "source": "derived",
        "confidence": 0.35,
        "derived": true
      },
      "geometry": {
        "type": "Point",
        "coordinates": [
          303.417,
          -351.487
        ]
      }
    },
    {
      "type": "Feature",
      "id": "ROAD_NODE_078",
      "properties": {
        "id": "ROAD_NODE_078",
        "kind": "crosswalk",
        "source_route_id": "campus_rz-078",
        "road_id": "CW_007",
        "feature_type": "node",
        "source": "derived",
        "confidence": 0.35,
        "derived": true
      },
      "geometry": {
        "type": "Point",
        "coordinates": [
          610.437,
          -147.974
        ]
      }
    },
    {
      "type": "Feature",
      "id": "ROAD_NODE_079",
      "properties": {
        "id": "ROAD_NODE_079",
        "kind": "crosswalk",
        "source_route_id": "campus_rz-079",
        "road_id": "CW_014",
        "feature_type": "node",
        "source": "derived",
        "confidence": 0.35,
        "derived": true
      },
      "geometry": {
        "type": "Point",
        "coordinates": [
          386.377,
          -85.663
        ]
      }
    },
    {
      "type": "Feature",
      "id": "ROAD_NODE_080",
      "properties": {
        "id": "ROAD_NODE_080",
        "kind": "intersection",
        "source_route_id": "campus_rz-080",
        "road_id": "RD_024",
        "feature_type": "node",
        "source": "derived",
        "confidence": 0.35,
        "derived": true
      },
      "geometry": {
        "type": "Point",
        "coordinates": [
          368.598,
          -275.608
        ]
      }
    },
    {
      "type": "Feature",
      "id": "ROAD_NODE_081",
      "properties": {
        "id": "ROAD_NODE_081",
        "kind": "intersection",
        "source_route_id": "campus_rz-081",
        "road_id": "RD_036",
        "feature_type": "node",
        "source": "derived",
        "confidence": 0.35,
        "derived": true
      },
      "geometry": {
        "type": "Point",
        "coordinates": [
          324.597,
          -291.404
        ]
      }
    },
    {
      "type": "Feature",
      "id": "ROAD_NODE_082",
      "properties": {
        "id": "ROAD_NODE_082",
        "kind": "intersection",
        "source_route_id": "campus_rz-082",
        "road_id": null,
        "feature_type": "node",
        "source": "derived",
        "confidence": 0.35,
        "derived": true
      },
      "geometry": {
        "type": "Point",
        "coordinates": [
          317.117,
          -327.972
        ]
      }
    },
    {
      "type": "Feature",
      "id": "ROAD_NODE_083",
      "properties": {
        "id": "ROAD_NODE_083",
        "kind": "intersection",
        "source_route_id": "campus_rz-083",
        "road_id": "RD_019",
        "feature_type": "node",
        "source": "derived",
        "confidence": 0.35,
        "derived": true
      },
      "geometry": {
        "type": "Point",
        "coordinates": [
          357.775,
          -359.165
        ]
      }
    },
    {
      "type": "Feature",
      "id": "ROAD_NODE_084",
      "properties": {
        "id": "ROAD_NODE_084",
        "kind": "intersection",
        "source_route_id": "campus_rz-084",
        "road_id": null,
        "feature_type": "node",
        "source": "derived",
        "confidence": 0.35,
        "derived": true
      },
      "geometry": {
        "type": "Point",
        "coordinates": [
          337.254,
          -369.025
        ]
      }
    },
    {
      "type": "Feature",
      "id": "ROAD_NODE_085",
      "properties": {
        "id": "ROAD_NODE_085",
        "kind": "intersection",
        "source_route_id": "campus_rz-085",
        "road_id": "RD_059",
        "feature_type": "node",
        "source": "derived",
        "confidence": 0.35,
        "derived": true
      },
      "geometry": {
        "type": "Point",
        "coordinates": [
          116.841,
          48.043
        ]
      }
    },
    {
      "type": "Feature",
      "id": "ROAD_NODE_086",
      "properties": {
        "id": "ROAD_NODE_086",
        "kind": "intersection",
        "source_route_id": "campus_rz-086",
        "road_id": "RD_017",
        "feature_type": "node",
        "source": "derived",
        "confidence": 0.35,
        "derived": true
      },
      "geometry": {
        "type": "Point",
        "coordinates": [
          360.078,
          -334.437
        ]
      }
    },
    {
      "type": "Feature",
      "id": "ROAD_NODE_087",
      "properties": {
        "id": "ROAD_NODE_087",
        "kind": "intersection",
        "source_route_id": "campus_rz-087",
        "road_id": "RD_033",
        "feature_type": "node",
        "source": "derived",
        "confidence": 0.35,
        "derived": true
      },
      "geometry": {
        "type": "Point",
        "coordinates": [
          303.12,
          -173.23
        ]
      }
    },
    {
      "type": "Feature",
      "id": "ROAD_NODE_088",
      "properties": {
        "id": "ROAD_NODE_088",
        "kind": "crosswalk",
        "source_route_id": "campus_rz-088",
        "road_id": "CW_015",
        "feature_type": "node",
        "source": "derived",
        "confidence": 0.35,
        "derived": true
      },
      "geometry": {
        "type": "Point",
        "coordinates": [
          251.382,
          -162.788
        ]
      }
    },
    {
      "type": "Feature",
      "id": "ROAD_NODE_089",
      "properties": {
        "id": "ROAD_NODE_089",
        "kind": "intersection",
        "source_route_id": "campus_rz-089",
        "road_id": "RD_021",
        "feature_type": "node",
        "source": "derived",
        "confidence": 0.35,
        "derived": true
      },
      "geometry": {
        "type": "Point",
        "coordinates": [
          394.407,
          -377.196
        ]
      }
    },
    {
      "type": "Feature",
      "id": "ROAD_NODE_090",
      "properties": {
        "id": "ROAD_NODE_090",
        "kind": "intersection",
        "source_route_id": "campus_rz-090",
        "road_id": null,
        "feature_type": "node",
        "source": "derived",
        "confidence": 0.35,
        "derived": true
      },
      "geometry": {
        "type": "Point",
        "coordinates": [
          392.7,
          -341.297
        ]
      }
    },
    {
      "type": "Feature",
      "id": "ROAD_NODE_091",
      "properties": {
        "id": "ROAD_NODE_091",
        "kind": "intersection",
        "source_route_id": "campus_rz-091",
        "road_id": null,
        "feature_type": "node",
        "source": "derived",
        "confidence": 0.35,
        "derived": true
      },
      "geometry": {
        "type": "Point",
        "coordinates": [
          232.621,
          58.438
        ]
      }
    },
    {
      "type": "Feature",
      "id": "ROAD_NODE_092",
      "properties": {
        "id": "ROAD_NODE_092",
        "kind": "intersection",
        "source_route_id": "campus_rz-092",
        "road_id": "RD_072",
        "feature_type": "node",
        "source": "derived",
        "confidence": 0.35,
        "derived": true
      },
      "geometry": {
        "type": "Point",
        "coordinates": [
          240.859,
          98.363
        ]
      }
    },
    {
      "type": "Feature",
      "id": "POI_ENT_D4_MAIN",
      "properties": {
        "id": "POI_ENT_D4_MAIN",
        "kind": "building_entrance",
        "poi_id": "BLD_D4",
        "feature_type": "node",
        "source": "derived",
        "confidence": 0.35,
        "derived": true
      },
      "geometry": {
        "type": "Point",
        "coordinates": [
          -24.137,
          5.053
        ]
      }
    },
    {
      "type": "Feature",
      "id": "POI_ENT_D3_MAIN",
      "properties": {
        "id": "POI_ENT_D3_MAIN",
        "kind": "building_entrance",
        "poi_id": "BLD_D3",
        "feature_type": "node",
        "source": "derived",
        "confidence": 0.35,
        "derived": true
      },
      "geometry": {
        "type": "Point",
        "coordinates": [
          93.848,
          -50.941
        ]
      }
    },
    {
      "type": "Feature",
      "id": "POI_ENT_D2_MAIN",
      "properties": {
        "id": "POI_ENT_D2_MAIN",
        "kind": "building_entrance",
        "poi_id": "BLD_D2",
        "feature_type": "node",
        "source": "derived",
        "confidence": 0.35,
        "derived": true
      },
      "geometry": {
        "type": "Point",
        "coordinates": [
          130.494,
          43.46
        ]
      }
    },
    {
      "type": "Feature",
      "id": "POI_ENT_C1_MAIN",
      "properties": {
        "id": "POI_ENT_C1_MAIN",
        "kind": "building_entrance",
        "poi_id": "BLD_C1",
        "feature_type": "node",
        "source": "derived",
        "confidence": 0.35,
        "derived": true
      },
      "geometry": {
        "type": "Point",
        "coordinates": [
          213.914,
          6.114
        ]
      }
    },
    {
      "type": "Feature",
      "id": "POI_ENT_E1_MAIN",
      "properties": {
        "id": "POI_ENT_E1_MAIN",
        "kind": "building_entrance",
        "poi_id": "BLD_E1",
        "feature_type": "node",
        "source": "derived",
        "confidence": 0.35,
        "derived": true
      },
      "geometry": {
        "type": "Point",
        "coordinates": [
          289.081,
          -170.624
        ]
      }
    },
    {
      "type": "Feature",
      "id": "POI_ENT_A1_MAIN",
      "properties": {
        "id": "POI_ENT_A1_MAIN",
        "kind": "building_entrance",
        "poi_id": "BLD_A1",
        "feature_type": "node",
        "source": "derived",
        "confidence": 0.35,
        "derived": true
      },
      "geometry": {
        "type": "Point",
        "coordinates": [
          406.385,
          -229.926
        ]
      }
    },
    {
      "type": "Feature",
      "id": "POI_GATE_MAIN",
      "properties": {
        "id": "POI_GATE_MAIN",
        "kind": "gate",
        "poi_id": "GATE_MAIN",
        "feature_type": "node",
        "source": "derived",
        "confidence": 0.35,
        "derived": true
      },
      "geometry": {
        "type": "Point",
        "coordinates": [
          610.437,
          -147.974
        ]
      }
    },
    {
      "type": "Feature",
      "id": "POI_EXTERNAL_MAIN_ROAD_SOUTH",
      "properties": {
        "id": "POI_EXTERNAL_MAIN_ROAD_SOUTH",
        "kind": "external",
        "poi_id": "EXTERNAL_MAIN_ROAD_SOUTH",
        "feature_type": "node",
        "source": "derived",
        "confidence": 0.35,
        "derived": true
      },
      "geometry": {
        "type": "Point",
        "coordinates": [
          664.431,
          -158.447
        ]
      }
    },
    {
      "type": "Feature",
      "id": "POI_GATE_BACK",
      "properties": {
        "id": "POI_GATE_BACK",
        "kind": "gate",
        "poi_id": "GATE_BACK",
        "feature_type": "node",
        "source": "derived",
        "confidence": 0.35,
        "derived": true
      },
      "geometry": {
        "type": "Point",
        "coordinates": [
          240.859,
          98.363
        ]
      }
    },
    {
      "type": "Feature",
      "id": "POI_EXTERNAL_BACK_GATE",
      "properties": {
        "id": "POI_EXTERNAL_BACK_GATE",
        "kind": "external",
        "poi_id": "EXTERNAL_BACK_GATE",
        "feature_type": "node",
        "source": "derived",
        "confidence": 0.35,
        "derived": true
      },
      "geometry": {
        "type": "Point",
        "coordinates": [
          236.057,
          143.106
        ]
      }
    },
    {
      "type": "Feature",
      "id": "POI_PARKING_A",
      "properties": {
        "id": "POI_PARKING_A",
        "kind": "parking",
        "poi_id": "PARKING_A",
        "feature_type": "node",
        "source": "derived",
        "confidence": 0.35,
        "derived": true
      },
      "geometry": {
        "type": "Point",
        "coordinates": [
          610.477,
          1.332
        ]
      }
    },
    {
      "type": "Feature",
      "id": "POI_PARKING_B",
      "properties": {
        "id": "POI_PARKING_B",
        "kind": "parking",
        "poi_id": "PARKING_B",
        "feature_type": "node",
        "source": "derived",
        "confidence": 0.35,
        "derived": true
      },
      "geometry": {
        "type": "Point",
        "coordinates": [
          155.649,
          -292.496
        ]
      }
    },
    {
      "type": "Feature",
      "id": "POI_SCOOTER_PARKING_01",
      "properties": {
        "id": "POI_SCOOTER_PARKING_01",
        "kind": "scooter_parking",
        "poi_id": "SCOOTER_PARKING_01",
        "feature_type": "node",
        "source": "derived",
        "confidence": 0.35,
        "derived": true
      },
      "geometry": {
        "type": "Point",
        "coordinates": [
          386.377,
          -85.663
        ]
      }
    },
    {
      "type": "Feature",
      "id": "POI_SCOOTER_PARKING_02",
      "properties": {
        "id": "POI_SCOOTER_PARKING_02",
        "kind": "scooter_parking",
        "poi_id": "SCOOTER_PARKING_02",
        "feature_type": "node",
        "source": "derived",
        "confidence": 0.35,
        "derived": true
      },
      "geometry": {
        "type": "Point",
        "coordinates": [
          251.382,
          -162.788
        ]
      }
    },
    {
      "type": "Feature",
      "id": "EDGE_0001_vehicle",
      "properties": {
        "id": "EDGE_0001_vehicle",
        "feature_type": "edge",
        "kind": "allowed_road",
        "legacy_kind": "road",
        "allowed_types": [
          "car",
          "scooter"
        ],
        "from_node": "ROAD_NODE_001",
        "to_node": "ROAD_NODE_002",
        "bidirectional": true,
        "speed_limit": 25,
        "road_ids": [
          "RD_060",
          "RD_061"
        ],
        "crosswalk_id": null,
        "source_id": "EDGE_0001_vehicle",
        "source": "derived_from_vehicle_network",
        "confidence": 0.35,
        "derived": true,
        "authoritative": false
      },
      "geometry": {
        "type": "LineString",
        "coordinates": [
          [
            140.532,
            22.547
          ],
          [
            162.106,
            38.411
          ]
        ]
      }
    },
    {
      "type": "Feature",
      "id": "EDGE_0002_walk",
      "properties": {
        "id": "EDGE_0002_walk",
        "feature_type": "edge",
        "kind": "shared_path",
        "legacy_kind": "shared_path_derived",
        "allowed_types": [
          "person",
          "scooter"
        ],
        "from_node": "ROAD_NODE_001",
        "to_node": "ROAD_NODE_002",
        "bidirectional": true,
        "speed_limit": 12,
        "road_ids": [
          "RD_060",
          "RD_061"
        ],
        "crosswalk_id": null,
        "source_id": "EDGE_0002_walk",
        "source": "derived_from_vehicle_network",
        "confidence": 0.2,
        "derived": true,
        "authoritative": false
      },
      "geometry": {
        "type": "LineString",
        "coordinates": [
          [
            140.532,
            22.547
          ],
          [
            162.106,
            38.411
          ]
        ]
      }
    },
    {
      "type": "Feature",
      "id": "EDGE_0003_vehicle",
      "properties": {
        "id": "EDGE_0003_vehicle",
        "feature_type": "edge",
        "kind": "allowed_road",
        "legacy_kind": "road",
        "allowed_types": [
          "car",
          "scooter"
        ],
        "from_node": "ROAD_NODE_001",
        "to_node": "ROAD_NODE_004",
        "bidirectional": true,
        "speed_limit": 25,
        "road_ids": [
          "RD_060",
          "RD_063"
        ],
        "crosswalk_id": null,
        "source_id": "EDGE_0003_vehicle",
        "source": "derived_from_vehicle_network",
        "confidence": 0.35,
        "derived": true,
        "authoritative": false
      },
      "geometry": {
        "type": "LineString",
        "coordinates": [
          [
            140.532,
            22.547
          ],
          [
            130.929,
            44.982
          ]
        ]
      }
    },
    {
      "type": "Feature",
      "id": "EDGE_0004_walk",
      "properties": {
        "id": "EDGE_0004_walk",
        "feature_type": "edge",
        "kind": "shared_path",
        "legacy_kind": "shared_path_derived",
        "allowed_types": [
          "person",
          "scooter"
        ],
        "from_node": "ROAD_NODE_001",
        "to_node": "ROAD_NODE_004",
        "bidirectional": true,
        "speed_limit": 12,
        "road_ids": [
          "RD_060",
          "RD_063"
        ],
        "crosswalk_id": null,
        "source_id": "EDGE_0004_walk",
        "source": "derived_from_vehicle_network",
        "confidence": 0.2,
        "derived": true,
        "authoritative": false
      },
      "geometry": {
        "type": "LineString",
        "coordinates": [
          [
            140.532,
            22.547
          ],
          [
            130.929,
            44.982
          ]
        ]
      }
    },
    {
      "type": "Feature",
      "id": "EDGE_0005_vehicle",
      "properties": {
        "id": "EDGE_0005_vehicle",
        "feature_type": "edge",
        "kind": "allowed_road",
        "legacy_kind": "road",
        "allowed_types": [
          "car",
          "scooter"
        ],
        "from_node": "ROAD_NODE_001",
        "to_node": "ROAD_NODE_072",
        "bidirectional": true,
        "speed_limit": 25,
        "road_ids": [
          "RD_060",
          "RD_065"
        ],
        "crosswalk_id": null,
        "source_id": "EDGE_0005_vehicle",
        "source": "derived_from_vehicle_network",
        "confidence": 0.35,
        "derived": true,
        "authoritative": false
      },
      "geometry": {
        "type": "LineString",
        "coordinates": [
          [
            140.532,
            22.547
          ],
          [
            133.844,
            -6.94
          ]
        ]
      }
    },
    {
      "type": "Feature",
      "id": "EDGE_0006_walk",
      "properties": {
        "id": "EDGE_0006_walk",
        "feature_type": "edge",
        "kind": "shared_path",
        "legacy_kind": "shared_path_derived",
        "allowed_types": [
          "person",
          "scooter"
        ],
        "from_node": "ROAD_NODE_001",
        "to_node": "ROAD_NODE_072",
        "bidirectional": true,
        "speed_limit": 12,
        "road_ids": [
          "RD_060",
          "RD_065"
        ],
        "crosswalk_id": null,
        "source_id": "EDGE_0006_walk",
        "source": "derived_from_vehicle_network",
        "confidence": 0.2,
        "derived": true,
        "authoritative": false
      },
      "geometry": {
        "type": "LineString",
        "coordinates": [
          [
            140.532,
            22.547
          ],
          [
            133.844,
            -6.94
          ]
        ]
      }
    },
    {
      "type": "Feature",
      "id": "EDGE_0007_vehicle",
      "properties": {
        "id": "EDGE_0007_vehicle",
        "feature_type": "edge",
        "kind": "allowed_road",
        "legacy_kind": "road",
        "allowed_types": [
          "car",
          "scooter"
        ],
        "from_node": "ROAD_NODE_001",
        "to_node": "ROAD_NODE_085",
        "bidirectional": true,
        "speed_limit": 25,
        "road_ids": [
          "RD_060",
          "RD_059"
        ],
        "crosswalk_id": null,
        "source_id": "EDGE_0007_vehicle",
        "source": "derived_from_vehicle_network",
        "confidence": 0.35,
        "derived": true,
        "authoritative": false
      },
      "geometry": {
        "type": "LineString",
        "coordinates": [
          [
            140.532,
            22.547
          ],
          [
            116.841,
            48.043
          ]
        ]
      }
    },
    {
      "type": "Feature",
      "id": "EDGE_0008_walk",
      "properties": {
        "id": "EDGE_0008_walk",
        "feature_type": "edge",
        "kind": "shared_path",
        "legacy_kind": "shared_path_derived",
        "allowed_types": [
          "person",
          "scooter"
        ],
        "from_node": "ROAD_NODE_001",
        "to_node": "ROAD_NODE_085",
        "bidirectional": true,
        "speed_limit": 12,
        "road_ids": [
          "RD_060",
          "RD_059"
        ],
        "crosswalk_id": null,
        "source_id": "EDGE_0008_walk",
        "source": "derived_from_vehicle_network",
        "confidence": 0.2,
        "derived": true,
        "authoritative": false
      },
      "geometry": {
        "type": "LineString",
        "coordinates": [
          [
            140.532,
            22.547
          ],
          [
            116.841,
            48.043
          ]
        ]
      }
    },
    {
      "type": "Feature",
      "id": "EDGE_0009_vehicle",
      "properties": {
        "id": "EDGE_0009_vehicle",
        "feature_type": "edge",
        "kind": "allowed_road",
        "legacy_kind": "road",
        "allowed_types": [
          "car",
          "scooter"
        ],
        "from_node": "ROAD_NODE_002",
        "to_node": "ROAD_NODE_003",
        "bidirectional": true,
        "speed_limit": 25,
        "road_ids": [
          "RD_061",
          "RD_062"
        ],
        "crosswalk_id": null,
        "source_id": "EDGE_0009_vehicle",
        "source": "derived_from_vehicle_network",
        "confidence": 0.35,
        "derived": true,
        "authoritative": false
      },
      "geometry": {
        "type": "LineString",
        "coordinates": [
          [
            162.106,
            38.411
          ],
          [
            153.584,
            61.053
          ]
        ]
      }
    },
    {
      "type": "Feature",
      "id": "EDGE_0010_walk",
      "properties": {
        "id": "EDGE_0010_walk",
        "feature_type": "edge",
        "kind": "shared_path",
        "legacy_kind": "shared_path_derived",
        "allowed_types": [
          "person",
          "scooter"
        ],
        "from_node": "ROAD_NODE_002",
        "to_node": "ROAD_NODE_003",
        "bidirectional": true,
        "speed_limit": 12,
        "road_ids": [
          "RD_061",
          "RD_062"
        ],
        "crosswalk_id": null,
        "source_id": "EDGE_0010_walk",
        "source": "derived_from_vehicle_network",
        "confidence": 0.2,
        "derived": true,
        "authoritative": false
      },
      "geometry": {
        "type": "LineString",
        "coordinates": [
          [
            162.106,
            38.411
          ],
          [
            153.584,
            61.053
          ]
        ]
      }
    },
    {
      "type": "Feature",
      "id": "EDGE_0011_vehicle",
      "properties": {
        "id": "EDGE_0011_vehicle",
        "feature_type": "edge",
        "kind": "allowed_road",
        "legacy_kind": "road",
        "allowed_types": [
          "car",
          "scooter"
        ],
        "from_node": "ROAD_NODE_002",
        "to_node": "ROAD_NODE_004",
        "bidirectional": true,
        "speed_limit": 25,
        "road_ids": [
          "RD_061",
          "RD_063"
        ],
        "crosswalk_id": null,
        "source_id": "EDGE_0011_vehicle",
        "source": "derived_from_vehicle_network",
        "confidence": 0.35,
        "derived": true,
        "authoritative": false
      },
      "geometry": {
        "type": "LineString",
        "coordinates": [
          [
            162.106,
            38.411
          ],
          [
            130.929,
            44.982
          ]
        ]
      }
    },
    {
      "type": "Feature",
      "id": "EDGE_0012_walk",
      "properties": {
        "id": "EDGE_0012_walk",
        "feature_type": "edge",
        "kind": "shared_path",
        "legacy_kind": "shared_path_derived",
        "allowed_types": [
          "person",
          "scooter"
        ],
        "from_node": "ROAD_NODE_002",
        "to_node": "ROAD_NODE_004",
        "bidirectional": true,
        "speed_limit": 12,
        "road_ids": [
          "RD_061",
          "RD_063"
        ],
        "crosswalk_id": null,
        "source_id": "EDGE_0012_walk",
        "source": "derived_from_vehicle_network",
        "confidence": 0.2,
        "derived": true,
        "authoritative": false
      },
      "geometry": {
        "type": "LineString",
        "coordinates": [
          [
            162.106,
            38.411
          ],
          [
            130.929,
            44.982
          ]
        ]
      }
    },
    {
      "type": "Feature",
      "id": "EDGE_0013_vehicle",
      "properties": {
        "id": "EDGE_0013_vehicle",
        "feature_type": "edge",
        "kind": "allowed_road",
        "legacy_kind": "road",
        "allowed_types": [
          "car",
          "scooter"
        ],
        "from_node": "ROAD_NODE_002",
        "to_node": "ROAD_NODE_005",
        "bidirectional": true,
        "speed_limit": 25,
        "road_ids": [
          "RD_061",
          "RD_064"
        ],
        "crosswalk_id": null,
        "source_id": "EDGE_0013_vehicle",
        "source": "derived_from_vehicle_network",
        "confidence": 0.35,
        "derived": true,
        "authoritative": false
      },
      "geometry": {
        "type": "LineString",
        "coordinates": [
          [
            162.106,
            38.411
          ],
          [
            168.404,
            88.748
          ]
        ]
      }
    },
    {
      "type": "Feature",
      "id": "EDGE_0014_walk",
      "properties": {
        "id": "EDGE_0014_walk",
        "feature_type": "edge",
        "kind": "shared_path",
        "legacy_kind": "shared_path_derived",
        "allowed_types": [
          "person",
          "scooter"
        ],
        "from_node": "ROAD_NODE_002",
        "to_node": "ROAD_NODE_005",
        "bidirectional": true,
        "speed_limit": 12,
        "road_ids": [
          "RD_061",
          "RD_064"
        ],
        "crosswalk_id": null,
        "source_id": "EDGE_0014_walk",
        "source": "derived_from_vehicle_network",
        "confidence": 0.2,
        "derived": true,
        "authoritative": false
      },
      "geometry": {
        "type": "LineString",
        "coordinates": [
          [
            162.106,
            38.411
          ],
          [
            168.404,
            88.748
          ]
        ]
      }
    },
    {
      "type": "Feature",
      "id": "EDGE_0015_vehicle",
      "properties": {
        "id": "EDGE_0015_vehicle",
        "feature_type": "edge",
        "kind": "allowed_road",
        "legacy_kind": "road",
        "allowed_types": [
          "car",
          "scooter"
        ],
        "from_node": "ROAD_NODE_002",
        "to_node": "ROAD_NODE_006",
        "bidirectional": true,
        "speed_limit": 25,
        "road_ids": [
          "RD_061",
          "RD_073"
        ],
        "crosswalk_id": null,
        "source_id": "EDGE_0015_vehicle",
        "source": "derived_from_vehicle_network",
        "confidence": 0.35,
        "derived": true,
        "authoritative": false
      },
      "geometry": {
        "type": "LineString",
        "coordinates": [
          [
            162.106,
            38.411
          ],
          [
            197.395,
            37.323
          ]
        ]
      }
    },
    {
      "type": "Feature",
      "id": "EDGE_0016_walk",
      "properties": {
        "id": "EDGE_0016_walk",
        "feature_type": "edge",
        "kind": "shared_path",
        "legacy_kind": "shared_path_derived",
        "allowed_types": [
          "person",
          "scooter"
        ],
        "from_node": "ROAD_NODE_002",
        "to_node": "ROAD_NODE_006",
        "bidirectional": true,
        "speed_limit": 12,
        "road_ids": [
          "RD_061",
          "RD_073"
        ],
        "crosswalk_id": null,
        "source_id": "EDGE_0016_walk",
        "source": "derived_from_vehicle_network",
        "confidence": 0.2,
        "derived": true,
        "authoritative": false
      },
      "geometry": {
        "type": "LineString",
        "coordinates": [
          [
            162.106,
            38.411
          ],
          [
            197.395,
            37.323
          ]
        ]
      }
    },
    {
      "type": "Feature",
      "id": "EDGE_0017_vehicle",
      "properties": {
        "id": "EDGE_0017_vehicle",
        "feature_type": "edge",
        "kind": "allowed_road",
        "legacy_kind": "road",
        "allowed_types": [
          "car",
          "scooter"
        ],
        "from_node": "ROAD_NODE_003",
        "to_node": "ROAD_NODE_004",
        "bidirectional": true,
        "speed_limit": 25,
        "road_ids": [
          "RD_062",
          "RD_063"
        ],
        "crosswalk_id": null,
        "source_id": "EDGE_0017_vehicle",
        "source": "derived_from_vehicle_network",
        "confidence": 0.35,
        "derived": true,
        "authoritative": false
      },
      "geometry": {
        "type": "LineString",
        "coordinates": [
          [
            153.584,
            61.053
          ],
          [
            130.929,
            44.982
          ]
        ]
      }
    },
    {
      "type": "Feature",
      "id": "EDGE_0018_walk",
      "properties": {
        "id": "EDGE_0018_walk",
        "feature_type": "edge",
        "kind": "shared_path",
        "legacy_kind": "shared_path_derived",
        "allowed_types": [
          "person",
          "scooter"
        ],
        "from_node": "ROAD_NODE_003",
        "to_node": "ROAD_NODE_004",
        "bidirectional": true,
        "speed_limit": 12,
        "road_ids": [
          "RD_062",
          "RD_063"
        ],
        "crosswalk_id": null,
        "source_id": "EDGE_0018_walk",
        "source": "derived_from_vehicle_network",
        "confidence": 0.2,
        "derived": true,
        "authoritative": false
      },
      "geometry": {
        "type": "LineString",
        "coordinates": [
          [
            153.584,
            61.053
          ],
          [
            130.929,
            44.982
          ]
        ]
      }
    },
    {
      "type": "Feature",
      "id": "EDGE_0019_vehicle",
      "properties": {
        "id": "EDGE_0019_vehicle",
        "feature_type": "edge",
        "kind": "allowed_road",
        "legacy_kind": "road",
        "allowed_types": [
          "car",
          "scooter"
        ],
        "from_node": "ROAD_NODE_003",
        "to_node": "ROAD_NODE_005",
        "bidirectional": true,
        "speed_limit": 25,
        "road_ids": [
          "RD_062",
          "RD_064"
        ],
        "crosswalk_id": null,
        "source_id": "EDGE_0019_vehicle",
        "source": "derived_from_vehicle_network",
        "confidence": 0.35,
        "derived": true,
        "authoritative": false
      },
      "geometry": {
        "type": "LineString",
        "coordinates": [
          [
            153.584,
            61.053
          ],
          [
            168.404,
            88.748
          ]
        ]
      }
    },
    {
      "type": "Feature",
      "id": "EDGE_0020_walk",
      "properties": {
        "id": "EDGE_0020_walk",
        "feature_type": "edge",
        "kind": "shared_path",
        "legacy_kind": "shared_path_derived",
        "allowed_types": [
          "person",
          "scooter"
        ],
        "from_node": "ROAD_NODE_003",
        "to_node": "ROAD_NODE_005",
        "bidirectional": true,
        "speed_limit": 12,
        "road_ids": [
          "RD_062",
          "RD_064"
        ],
        "crosswalk_id": null,
        "source_id": "EDGE_0020_walk",
        "source": "derived_from_vehicle_network",
        "confidence": 0.2,
        "derived": true,
        "authoritative": false
      },
      "geometry": {
        "type": "LineString",
        "coordinates": [
          [
            153.584,
            61.053
          ],
          [
            168.404,
            88.748
          ]
        ]
      }
    },
    {
      "type": "Feature",
      "id": "EDGE_0021_vehicle",
      "properties": {
        "id": "EDGE_0021_vehicle",
        "feature_type": "edge",
        "kind": "allowed_road",
        "legacy_kind": "road",
        "allowed_types": [
          "car",
          "scooter"
        ],
        "from_node": "ROAD_NODE_003",
        "to_node": "ROAD_NODE_085",
        "bidirectional": true,
        "speed_limit": 25,
        "road_ids": [
          "RD_062",
          "RD_059"
        ],
        "crosswalk_id": null,
        "source_id": "EDGE_0021_vehicle",
        "source": "derived_from_vehicle_network",
        "confidence": 0.35,
        "derived": true,
        "authoritative": false
      },
      "geometry": {
        "type": "LineString",
        "coordinates": [
          [
            153.584,
            61.053
          ],
          [
            116.841,
            48.043
          ]
        ]
      }
    },
    {
      "type": "Feature",
      "id": "EDGE_0022_walk",
      "properties": {
        "id": "EDGE_0022_walk",
        "feature_type": "edge",
        "kind": "shared_path",
        "legacy_kind": "shared_path_derived",
        "allowed_types": [
          "person",
          "scooter"
        ],
        "from_node": "ROAD_NODE_003",
        "to_node": "ROAD_NODE_085",
        "bidirectional": true,
        "speed_limit": 12,
        "road_ids": [
          "RD_062",
          "RD_059"
        ],
        "crosswalk_id": null,
        "source_id": "EDGE_0022_walk",
        "source": "derived_from_vehicle_network",
        "confidence": 0.2,
        "derived": true,
        "authoritative": false
      },
      "geometry": {
        "type": "LineString",
        "coordinates": [
          [
            153.584,
            61.053
          ],
          [
            116.841,
            48.043
          ]
        ]
      }
    },
    {
      "type": "Feature",
      "id": "EDGE_0023_vehicle",
      "properties": {
        "id": "EDGE_0023_vehicle",
        "feature_type": "edge",
        "kind": "allowed_road",
        "legacy_kind": "road",
        "allowed_types": [
          "car",
          "scooter"
        ],
        "from_node": "ROAD_NODE_004",
        "to_node": "ROAD_NODE_005",
        "bidirectional": true,
        "speed_limit": 25,
        "road_ids": [
          "RD_063",
          "RD_064"
        ],
        "crosswalk_id": null,
        "source_id": "EDGE_0023_vehicle",
        "source": "derived_from_vehicle_network",
        "confidence": 0.35,
        "derived": true,
        "authoritative": false
      },
      "geometry": {
        "type": "LineString",
        "coordinates": [
          [
            130.929,
            44.982
          ],
          [
            168.404,
            88.748
          ]
        ]
      }
    },
    {
      "type": "Feature",
      "id": "EDGE_0024_walk",
      "properties": {
        "id": "EDGE_0024_walk",
        "feature_type": "edge",
        "kind": "shared_path",
        "legacy_kind": "shared_path_derived",
        "allowed_types": [
          "person",
          "scooter"
        ],
        "from_node": "ROAD_NODE_004",
        "to_node": "ROAD_NODE_005",
        "bidirectional": true,
        "speed_limit": 12,
        "road_ids": [
          "RD_063",
          "RD_064"
        ],
        "crosswalk_id": null,
        "source_id": "EDGE_0024_walk",
        "source": "derived_from_vehicle_network",
        "confidence": 0.2,
        "derived": true,
        "authoritative": false
      },
      "geometry": {
        "type": "LineString",
        "coordinates": [
          [
            130.929,
            44.982
          ],
          [
            168.404,
            88.748
          ]
        ]
      }
    },
    {
      "type": "Feature",
      "id": "EDGE_0025_vehicle",
      "properties": {
        "id": "EDGE_0025_vehicle",
        "feature_type": "edge",
        "kind": "allowed_road",
        "legacy_kind": "road",
        "allowed_types": [
          "car",
          "scooter"
        ],
        "from_node": "ROAD_NODE_004",
        "to_node": "ROAD_NODE_085",
        "bidirectional": true,
        "speed_limit": 25,
        "road_ids": [
          "RD_063",
          "RD_059"
        ],
        "crosswalk_id": null,
        "source_id": "EDGE_0025_vehicle",
        "source": "derived_from_vehicle_network",
        "confidence": 0.35,
        "derived": true,
        "authoritative": false
      },
      "geometry": {
        "type": "LineString",
        "coordinates": [
          [
            130.929,
            44.982
          ],
          [
            116.841,
            48.043
          ]
        ]
      }
    },
    {
      "type": "Feature",
      "id": "EDGE_0026_walk",
      "properties": {
        "id": "EDGE_0026_walk",
        "feature_type": "edge",
        "kind": "shared_path",
        "legacy_kind": "shared_path_derived",
        "allowed_types": [
          "person",
          "scooter"
        ],
        "from_node": "ROAD_NODE_004",
        "to_node": "ROAD_NODE_085",
        "bidirectional": true,
        "speed_limit": 12,
        "road_ids": [
          "RD_063",
          "RD_059"
        ],
        "crosswalk_id": null,
        "source_id": "EDGE_0026_walk",
        "source": "derived_from_vehicle_network",
        "confidence": 0.2,
        "derived": true,
        "authoritative": false
      },
      "geometry": {
        "type": "LineString",
        "coordinates": [
          [
            130.929,
            44.982
          ],
          [
            116.841,
            48.043
          ]
        ]
      }
    },
    {
      "type": "Feature",
      "id": "EDGE_0027_vehicle",
      "properties": {
        "id": "EDGE_0027_vehicle",
        "feature_type": "edge",
        "kind": "allowed_road",
        "legacy_kind": "road",
        "allowed_types": [
          "car",
          "scooter"
        ],
        "from_node": "ROAD_NODE_005",
        "to_node": "ROAD_NODE_092",
        "bidirectional": true,
        "speed_limit": 25,
        "road_ids": [
          "RD_064",
          "RD_072"
        ],
        "crosswalk_id": null,
        "source_id": "EDGE_0027_vehicle",
        "source": "derived_from_vehicle_network",
        "confidence": 0.35,
        "derived": true,
        "authoritative": false
      },
      "geometry": {
        "type": "LineString",
        "coordinates": [
          [
            168.404,
            88.748
          ],
          [
            240.859,
            98.363
          ]
        ]
      }
    },
    {
      "type": "Feature",
      "id": "EDGE_0028_walk",
      "properties": {
        "id": "EDGE_0028_walk",
        "feature_type": "edge",
        "kind": "shared_path",
        "legacy_kind": "shared_path_derived",
        "allowed_types": [
          "person",
          "scooter"
        ],
        "from_node": "ROAD_NODE_005",
        "to_node": "ROAD_NODE_092",
        "bidirectional": true,
        "speed_limit": 12,
        "road_ids": [
          "RD_064",
          "RD_072"
        ],
        "crosswalk_id": null,
        "source_id": "EDGE_0028_walk",
        "source": "derived_from_vehicle_network",
        "confidence": 0.2,
        "derived": true,
        "authoritative": false
      },
      "geometry": {
        "type": "LineString",
        "coordinates": [
          [
            168.404,
            88.748
          ],
          [
            240.859,
            98.363
          ]
        ]
      }
    },
    {
      "type": "Feature",
      "id": "EDGE_0029_vehicle",
      "properties": {
        "id": "EDGE_0029_vehicle",
        "feature_type": "edge",
        "kind": "allowed_road",
        "legacy_kind": "crosswalk",
        "allowed_types": [
          "car",
          "scooter"
        ],
        "from_node": "ROAD_NODE_006",
        "to_node": "ROAD_NODE_016",
        "bidirectional": true,
        "speed_limit": 10,
        "road_ids": [
          "RD_073",
          "CW_022"
        ],
        "crosswalk_id": "CW_022",
        "source_id": "EDGE_0029_vehicle",
        "source": "derived_from_vehicle_network",
        "confidence": 0.35,
        "derived": true,
        "authoritative": false
      },
      "geometry": {
        "type": "LineString",
        "coordinates": [
          [
            197.395,
            37.323
          ],
          [
            189.524,
            -18.578
          ]
        ]
      }
    },
    {
      "type": "Feature",
      "id": "EDGE_0030_walk",
      "properties": {
        "id": "EDGE_0030_walk",
        "feature_type": "edge",
        "kind": "crosswalk",
        "legacy_kind": "crosswalk",
        "allowed_types": [
          "person",
          "scooter"
        ],
        "from_node": "ROAD_NODE_006",
        "to_node": "ROAD_NODE_016",
        "bidirectional": true,
        "speed_limit": 10,
        "road_ids": [
          "RD_073",
          "CW_022"
        ],
        "crosswalk_id": "CW_022",
        "source_id": "EDGE_0030_walk",
        "source": "derived_from_vehicle_network",
        "confidence": 0.35,
        "derived": true,
        "authoritative": false
      },
      "geometry": {
        "type": "LineString",
        "coordinates": [
          [
            197.395,
            37.323
          ],
          [
            189.524,
            -18.578
          ]
        ]
      }
    },
    {
      "type": "Feature",
      "id": "EDGE_0031_vehicle",
      "properties": {
        "id": "EDGE_0031_vehicle",
        "feature_type": "edge",
        "kind": "allowed_road",
        "legacy_kind": "road",
        "allowed_types": [
          "car",
          "scooter"
        ],
        "from_node": "ROAD_NODE_006",
        "to_node": "ROAD_NODE_017",
        "bidirectional": true,
        "speed_limit": 25,
        "road_ids": [
          "RD_073",
          "RD_076"
        ],
        "crosswalk_id": null,
        "source_id": "EDGE_0031_vehicle",
        "source": "derived_from_vehicle_network",
        "confidence": 0.35,
        "derived": true,
        "authoritative": false
      },
      "geometry": {
        "type": "LineString",
        "coordinates": [
          [
            197.395,
            37.323
          ],
          [
            217.377,
            19.428
          ]
        ]
      }
    },
    {
      "type": "Feature",
      "id": "EDGE_0032_walk",
      "properties": {
        "id": "EDGE_0032_walk",
        "feature_type": "edge",
        "kind": "shared_path",
        "legacy_kind": "shared_path_derived",
        "allowed_types": [
          "person",
          "scooter"
        ],
        "from_node": "ROAD_NODE_006",
        "to_node": "ROAD_NODE_017",
        "bidirectional": true,
        "speed_limit": 12,
        "road_ids": [
          "RD_073",
          "RD_076"
        ],
        "crosswalk_id": null,
        "source_id": "EDGE_0032_walk",
        "source": "derived_from_vehicle_network",
        "confidence": 0.2,
        "derived": true,
        "authoritative": false
      },
      "geometry": {
        "type": "LineString",
        "coordinates": [
          [
            197.395,
            37.323
          ],
          [
            217.377,
            19.428
          ]
        ]
      }
    },
    {
      "type": "Feature",
      "id": "EDGE_0033_vehicle",
      "properties": {
        "id": "EDGE_0033_vehicle",
        "feature_type": "edge",
        "kind": "allowed_road",
        "legacy_kind": "road",
        "allowed_types": [
          "car",
          "scooter"
        ],
        "from_node": "ROAD_NODE_006",
        "to_node": "ROAD_NODE_091",
        "bidirectional": true,
        "speed_limit": 25,
        "road_ids": [
          "RD_073"
        ],
        "crosswalk_id": null,
        "source_id": "EDGE_0033_vehicle",
        "source": "derived_from_vehicle_network",
        "confidence": 0.35,
        "derived": true,
        "authoritative": false
      },
      "geometry": {
        "type": "LineString",
        "coordinates": [
          [
            197.395,
            37.323
          ],
          [
            232.621,
            58.438
          ]
        ]
      }
    },
    {
      "type": "Feature",
      "id": "EDGE_0034_walk",
      "properties": {
        "id": "EDGE_0034_walk",
        "feature_type": "edge",
        "kind": "shared_path",
        "legacy_kind": "shared_path_derived",
        "allowed_types": [
          "person",
          "scooter"
        ],
        "from_node": "ROAD_NODE_006",
        "to_node": "ROAD_NODE_091",
        "bidirectional": true,
        "speed_limit": 12,
        "road_ids": [
          "RD_073"
        ],
        "crosswalk_id": null,
        "source_id": "EDGE_0034_walk",
        "source": "derived_from_vehicle_network",
        "confidence": 0.2,
        "derived": true,
        "authoritative": false
      },
      "geometry": {
        "type": "LineString",
        "coordinates": [
          [
            197.395,
            37.323
          ],
          [
            232.621,
            58.438
          ]
        ]
      }
    },
    {
      "type": "Feature",
      "id": "EDGE_0035_vehicle",
      "properties": {
        "id": "EDGE_0035_vehicle",
        "feature_type": "edge",
        "kind": "allowed_road",
        "legacy_kind": "road",
        "allowed_types": [
          "car",
          "scooter"
        ],
        "from_node": "ROAD_NODE_007",
        "to_node": "ROAD_NODE_008",
        "bidirectional": true,
        "speed_limit": 25,
        "road_ids": [
          "RD_071",
          "RD_067"
        ],
        "crosswalk_id": null,
        "source_id": "EDGE_0035_vehicle",
        "source": "derived_from_vehicle_network",
        "confidence": 0.35,
        "derived": true,
        "authoritative": false
      },
      "geometry": {
        "type": "LineString",
        "coordinates": [
          [
            119.442,
            -55.322
          ],
          [
            121.609,
            -27.641
          ]
        ]
      }
    },
    {
      "type": "Feature",
      "id": "EDGE_0036_walk",
      "properties": {
        "id": "EDGE_0036_walk",
        "feature_type": "edge",
        "kind": "shared_path",
        "legacy_kind": "shared_path_derived",
        "allowed_types": [
          "person",
          "scooter"
        ],
        "from_node": "ROAD_NODE_007",
        "to_node": "ROAD_NODE_008",
        "bidirectional": true,
        "speed_limit": 12,
        "road_ids": [
          "RD_071",
          "RD_067"
        ],
        "crosswalk_id": null,
        "source_id": "EDGE_0036_walk",
        "source": "derived_from_vehicle_network",
        "confidence": 0.2,
        "derived": true,
        "authoritative": false
      },
      "geometry": {
        "type": "LineString",
        "coordinates": [
          [
            119.442,
            -55.322
          ],
          [
            121.609,
            -27.641
          ]
        ]
      }
    },
    {
      "type": "Feature",
      "id": "EDGE_0037_vehicle",
      "properties": {
        "id": "EDGE_0037_vehicle",
        "feature_type": "edge",
        "kind": "allowed_road",
        "legacy_kind": "road",
        "allowed_types": [
          "car",
          "scooter"
        ],
        "from_node": "ROAD_NODE_007",
        "to_node": "ROAD_NODE_009",
        "bidirectional": true,
        "speed_limit": 25,
        "road_ids": [
          "RD_071",
          "RD_068"
        ],
        "crosswalk_id": null,
        "source_id": "EDGE_0037_vehicle",
        "source": "derived_from_vehicle_network",
        "confidence": 0.35,
        "derived": true,
        "authoritative": false
      },
      "geometry": {
        "type": "LineString",
        "coordinates": [
          [
            119.442,
            -55.322
          ],
          [
            106.183,
            -34.169
          ]
        ]
      }
    },
    {
      "type": "Feature",
      "id": "EDGE_0038_walk",
      "properties": {
        "id": "EDGE_0038_walk",
        "feature_type": "edge",
        "kind": "shared_path",
        "legacy_kind": "shared_path_derived",
        "allowed_types": [
          "person",
          "scooter"
        ],
        "from_node": "ROAD_NODE_007",
        "to_node": "ROAD_NODE_009",
        "bidirectional": true,
        "speed_limit": 12,
        "road_ids": [
          "RD_071",
          "RD_068"
        ],
        "crosswalk_id": null,
        "source_id": "EDGE_0038_walk",
        "source": "derived_from_vehicle_network",
        "confidence": 0.2,
        "derived": true,
        "authoritative": false
      },
      "geometry": {
        "type": "LineString",
        "coordinates": [
          [
            119.442,
            -55.322
          ],
          [
            106.183,
            -34.169
          ]
        ]
      }
    },
    {
      "type": "Feature",
      "id": "EDGE_0039_vehicle",
      "properties": {
        "id": "EDGE_0039_vehicle",
        "feature_type": "edge",
        "kind": "allowed_road",
        "legacy_kind": "road",
        "allowed_types": [
          "car",
          "scooter"
        ],
        "from_node": "ROAD_NODE_007",
        "to_node": "ROAD_NODE_010",
        "bidirectional": true,
        "speed_limit": 25,
        "road_ids": [
          "RD_071",
          "RD_070"
        ],
        "crosswalk_id": null,
        "source_id": "EDGE_0039_vehicle",
        "source": "derived_from_vehicle_network",
        "confidence": 0.35,
        "derived": true,
        "authoritative": false
      },
      "geometry": {
        "type": "LineString",
        "coordinates": [
          [
            119.442,
            -55.322
          ],
          [
            103.061,
            -54.426
          ]
        ]
      }
    },
    {
      "type": "Feature",
      "id": "EDGE_0040_walk",
      "properties": {
        "id": "EDGE_0040_walk",
        "feature_type": "edge",
        "kind": "shared_path",
        "legacy_kind": "shared_path_derived",
        "allowed_types": [
          "person",
          "scooter"
        ],
        "from_node": "ROAD_NODE_007",
        "to_node": "ROAD_NODE_010",
        "bidirectional": true,
        "speed_limit": 12,
        "road_ids": [
          "RD_071",
          "RD_070"
        ],
        "crosswalk_id": null,
        "source_id": "EDGE_0040_walk",
        "source": "derived_from_vehicle_network",
        "confidence": 0.2,
        "derived": true,
        "authoritative": false
      },
      "geometry": {
        "type": "LineString",
        "coordinates": [
          [
            119.442,
            -55.322
          ],
          [
            103.061,
            -54.426
          ]
        ]
      }
    },
    {
      "type": "Feature",
      "id": "EDGE_0041_vehicle",
      "properties": {
        "id": "EDGE_0041_vehicle",
        "feature_type": "edge",
        "kind": "allowed_road",
        "legacy_kind": "road",
        "allowed_types": [
          "car",
          "scooter"
        ],
        "from_node": "ROAD_NODE_007",
        "to_node": "ROAD_NODE_018",
        "bidirectional": true,
        "speed_limit": 25,
        "road_ids": [
          "RD_071",
          "RD_074"
        ],
        "crosswalk_id": null,
        "source_id": "EDGE_0041_vehicle",
        "source": "derived_from_vehicle_network",
        "confidence": 0.35,
        "derived": true,
        "authoritative": false
      },
      "geometry": {
        "type": "LineString",
        "coordinates": [
          [
            119.442,
            -55.322
          ],
          [
            149.883,
            -62.656
          ]
        ]
      }
    },
    {
      "type": "Feature",
      "id": "EDGE_0042_walk",
      "properties": {
        "id": "EDGE_0042_walk",
        "feature_type": "edge",
        "kind": "shared_path",
        "legacy_kind": "shared_path_derived",
        "allowed_types": [
          "person",
          "scooter"
        ],
        "from_node": "ROAD_NODE_007",
        "to_node": "ROAD_NODE_018",
        "bidirectional": true,
        "speed_limit": 12,
        "road_ids": [
          "RD_071",
          "RD_074"
        ],
        "crosswalk_id": null,
        "source_id": "EDGE_0042_walk",
        "source": "derived_from_vehicle_network",
        "confidence": 0.2,
        "derived": true,
        "authoritative": false
      },
      "geometry": {
        "type": "LineString",
        "coordinates": [
          [
            119.442,
            -55.322
          ],
          [
            149.883,
            -62.656
          ]
        ]
      }
    },
    {
      "type": "Feature",
      "id": "EDGE_0043_vehicle",
      "properties": {
        "id": "EDGE_0043_vehicle",
        "feature_type": "edge",
        "kind": "allowed_road",
        "legacy_kind": "road",
        "allowed_types": [
          "car",
          "scooter"
        ],
        "from_node": "ROAD_NODE_007",
        "to_node": "ROAD_NODE_020",
        "bidirectional": true,
        "speed_limit": 25,
        "road_ids": [
          "RD_071"
        ],
        "crosswalk_id": null,
        "source_id": "EDGE_0043_vehicle",
        "source": "derived_from_vehicle_network",
        "confidence": 0.35,
        "derived": true,
        "authoritative": false
      },
      "geometry": {
        "type": "LineString",
        "coordinates": [
          [
            119.442,
            -55.322
          ],
          [
            112.222,
            -106.317
          ]
        ]
      }
    },
    {
      "type": "Feature",
      "id": "EDGE_0044_walk",
      "properties": {
        "id": "EDGE_0044_walk",
        "feature_type": "edge",
        "kind": "shared_path",
        "legacy_kind": "shared_path_derived",
        "allowed_types": [
          "person",
          "scooter"
        ],
        "from_node": "ROAD_NODE_007",
        "to_node": "ROAD_NODE_020",
        "bidirectional": true,
        "speed_limit": 12,
        "road_ids": [
          "RD_071"
        ],
        "crosswalk_id": null,
        "source_id": "EDGE_0044_walk",
        "source": "derived_from_vehicle_network",
        "confidence": 0.2,
        "derived": true,
        "authoritative": false
      },
      "geometry": {
        "type": "LineString",
        "coordinates": [
          [
            119.442,
            -55.322
          ],
          [
            112.222,
            -106.317
          ]
        ]
      }
    },
    {
      "type": "Feature",
      "id": "EDGE_0045_vehicle",
      "properties": {
        "id": "EDGE_0045_vehicle",
        "feature_type": "edge",
        "kind": "allowed_road",
        "legacy_kind": "road",
        "allowed_types": [
          "car",
          "scooter"
        ],
        "from_node": "ROAD_NODE_008",
        "to_node": "ROAD_NODE_009",
        "bidirectional": true,
        "speed_limit": 25,
        "road_ids": [
          "RD_067",
          "RD_068"
        ],
        "crosswalk_id": null,
        "source_id": "EDGE_0045_vehicle",
        "source": "derived_from_vehicle_network",
        "confidence": 0.35,
        "derived": true,
        "authoritative": false
      },
      "geometry": {
        "type": "LineString",
        "coordinates": [
          [
            121.609,
            -27.641
          ],
          [
            106.183,
            -34.169
          ]
        ]
      }
    },
    {
      "type": "Feature",
      "id": "EDGE_0046_walk",
      "properties": {
        "id": "EDGE_0046_walk",
        "feature_type": "edge",
        "kind": "shared_path",
        "legacy_kind": "shared_path_derived",
        "allowed_types": [
          "person",
          "scooter"
        ],
        "from_node": "ROAD_NODE_008",
        "to_node": "ROAD_NODE_009",
        "bidirectional": true,
        "speed_limit": 12,
        "road_ids": [
          "RD_067",
          "RD_068"
        ],
        "crosswalk_id": null,
        "source_id": "EDGE_0046_walk",
        "source": "derived_from_vehicle_network",
        "confidence": 0.2,
        "derived": true,
        "authoritative": false
      },
      "geometry": {
        "type": "LineString",
        "coordinates": [
          [
            121.609,
            -27.641
          ],
          [
            106.183,
            -34.169
          ]
        ]
      }
    },
    {
      "type": "Feature",
      "id": "EDGE_0047_vehicle",
      "properties": {
        "id": "EDGE_0047_vehicle",
        "feature_type": "edge",
        "kind": "allowed_road",
        "legacy_kind": "road",
        "allowed_types": [
          "car",
          "scooter"
        ],
        "from_node": "ROAD_NODE_008",
        "to_node": "ROAD_NODE_010",
        "bidirectional": true,
        "speed_limit": 25,
        "road_ids": [
          "RD_067",
          "RD_070"
        ],
        "crosswalk_id": null,
        "source_id": "EDGE_0047_vehicle",
        "source": "derived_from_vehicle_network",
        "confidence": 0.35,
        "derived": true,
        "authoritative": false
      },
      "geometry": {
        "type": "LineString",
        "coordinates": [
          [
            121.609,
            -27.641
          ],
          [
            103.061,
            -54.426
          ]
        ]
      }
    },
    {
      "type": "Feature",
      "id": "EDGE_0048_walk",
      "properties": {
        "id": "EDGE_0048_walk",
        "feature_type": "edge",
        "kind": "shared_path",
        "legacy_kind": "shared_path_derived",
        "allowed_types": [
          "person",
          "scooter"
        ],
        "from_node": "ROAD_NODE_008",
        "to_node": "ROAD_NODE_010",
        "bidirectional": true,
        "speed_limit": 12,
        "road_ids": [
          "RD_067",
          "RD_070"
        ],
        "crosswalk_id": null,
        "source_id": "EDGE_0048_walk",
        "source": "derived_from_vehicle_network",
        "confidence": 0.2,
        "derived": true,
        "authoritative": false
      },
      "geometry": {
        "type": "LineString",
        "coordinates": [
          [
            121.609,
            -27.641
          ],
          [
            103.061,
            -54.426
          ]
        ]
      }
    },
    {
      "type": "Feature",
      "id": "EDGE_0049_vehicle",
      "properties": {
        "id": "EDGE_0049_vehicle",
        "feature_type": "edge",
        "kind": "allowed_road",
        "legacy_kind": "road",
        "allowed_types": [
          "car",
          "scooter"
        ],
        "from_node": "ROAD_NODE_008",
        "to_node": "ROAD_NODE_018",
        "bidirectional": true,
        "speed_limit": 25,
        "road_ids": [
          "RD_067",
          "RD_074"
        ],
        "crosswalk_id": null,
        "source_id": "EDGE_0049_vehicle",
        "source": "derived_from_vehicle_network",
        "confidence": 0.35,
        "derived": true,
        "authoritative": false
      },
      "geometry": {
        "type": "LineString",
        "coordinates": [
          [
            121.609,
            -27.641
          ],
          [
            149.883,
            -62.656
          ]
        ]
      }
    },
    {
      "type": "Feature",
      "id": "EDGE_0050_walk",
      "properties": {
        "id": "EDGE_0050_walk",
        "feature_type": "edge",
        "kind": "shared_path",
        "legacy_kind": "shared_path_derived",
        "allowed_types": [
          "person",
          "scooter"
        ],
        "from_node": "ROAD_NODE_008",
        "to_node": "ROAD_NODE_018",
        "bidirectional": true,
        "speed_limit": 12,
        "road_ids": [
          "RD_067",
          "RD_074"
        ],
        "crosswalk_id": null,
        "source_id": "EDGE_0050_walk",
        "source": "derived_from_vehicle_network",
        "confidence": 0.2,
        "derived": true,
        "authoritative": false
      },
      "geometry": {
        "type": "LineString",
        "coordinates": [
          [
            121.609,
            -27.641
          ],
          [
            149.883,
            -62.656
          ]
        ]
      }
    },
    {
      "type": "Feature",
      "id": "EDGE_0051_vehicle",
      "properties": {
        "id": "EDGE_0051_vehicle",
        "feature_type": "edge",
        "kind": "allowed_road",
        "legacy_kind": "road",
        "allowed_types": [
          "car",
          "scooter"
        ],
        "from_node": "ROAD_NODE_008",
        "to_node": "ROAD_NODE_072",
        "bidirectional": true,
        "speed_limit": 25,
        "road_ids": [
          "RD_067",
          "RD_065"
        ],
        "crosswalk_id": null,
        "source_id": "EDGE_0051_vehicle",
        "source": "derived_from_vehicle_network",
        "confidence": 0.35,
        "derived": true,
        "authoritative": false
      },
      "geometry": {
        "type": "LineString",
        "coordinates": [
          [
            121.609,
            -27.641
          ],
          [
            133.844,
            -6.94
          ]
        ]
      }
    },
    {
      "type": "Feature",
      "id": "EDGE_0052_walk",
      "properties": {
        "id": "EDGE_0052_walk",
        "feature_type": "edge",
        "kind": "shared_path",
        "legacy_kind": "shared_path_derived",
        "allowed_types": [
          "person",
          "scooter"
        ],
        "from_node": "ROAD_NODE_008",
        "to_node": "ROAD_NODE_072",
        "bidirectional": true,
        "speed_limit": 12,
        "road_ids": [
          "RD_067",
          "RD_065"
        ],
        "crosswalk_id": null,
        "source_id": "EDGE_0052_walk",
        "source": "derived_from_vehicle_network",
        "confidence": 0.2,
        "derived": true,
        "authoritative": false
      },
      "geometry": {
        "type": "LineString",
        "coordinates": [
          [
            121.609,
            -27.641
          ],
          [
            133.844,
            -6.94
          ]
        ]
      }
    },
    {
      "type": "Feature",
      "id": "EDGE_0053_vehicle",
      "properties": {
        "id": "EDGE_0053_vehicle",
        "feature_type": "edge",
        "kind": "allowed_road",
        "legacy_kind": "road",
        "allowed_types": [
          "car",
          "scooter"
        ],
        "from_node": "ROAD_NODE_009",
        "to_node": "ROAD_NODE_010",
        "bidirectional": true,
        "speed_limit": 25,
        "road_ids": [
          "RD_068",
          "RD_070"
        ],
        "crosswalk_id": null,
        "source_id": "EDGE_0053_vehicle",
        "source": "derived_from_vehicle_network",
        "confidence": 0.35,
        "derived": true,
        "authoritative": false
      },
      "geometry": {
        "type": "LineString",
        "coordinates": [
          [
            106.183,
            -34.169
          ],
          [
            103.061,
            -54.426
          ]
        ]
      }
    },
    {
      "type": "Feature",
      "id": "EDGE_0054_walk",
      "properties": {
        "id": "EDGE_0054_walk",
        "feature_type": "edge",
        "kind": "shared_path",
        "legacy_kind": "shared_path_derived",
        "allowed_types": [
          "person",
          "scooter"
        ],
        "from_node": "ROAD_NODE_009",
        "to_node": "ROAD_NODE_010",
        "bidirectional": true,
        "speed_limit": 12,
        "road_ids": [
          "RD_068",
          "RD_070"
        ],
        "crosswalk_id": null,
        "source_id": "EDGE_0054_walk",
        "source": "derived_from_vehicle_network",
        "confidence": 0.2,
        "derived": true,
        "authoritative": false
      },
      "geometry": {
        "type": "LineString",
        "coordinates": [
          [
            106.183,
            -34.169
          ],
          [
            103.061,
            -54.426
          ]
        ]
      }
    },
    {
      "type": "Feature",
      "id": "EDGE_0055_vehicle",
      "properties": {
        "id": "EDGE_0055_vehicle",
        "feature_type": "edge",
        "kind": "allowed_road",
        "legacy_kind": "road",
        "allowed_types": [
          "car",
          "scooter"
        ],
        "from_node": "ROAD_NODE_009",
        "to_node": "ROAD_NODE_072",
        "bidirectional": true,
        "speed_limit": 25,
        "road_ids": [
          "RD_068",
          "RD_065"
        ],
        "crosswalk_id": null,
        "source_id": "EDGE_0055_vehicle",
        "source": "derived_from_vehicle_network",
        "confidence": 0.35,
        "derived": true,
        "authoritative": false
      },
      "geometry": {
        "type": "LineString",
        "coordinates": [
          [
            106.183,
            -34.169
          ],
          [
            133.844,
            -6.94
          ]
        ]
      }
    },
    {
      "type": "Feature",
      "id": "EDGE_0056_walk",
      "properties": {
        "id": "EDGE_0056_walk",
        "feature_type": "edge",
        "kind": "shared_path",
        "legacy_kind": "shared_path_derived",
        "allowed_types": [
          "person",
          "scooter"
        ],
        "from_node": "ROAD_NODE_009",
        "to_node": "ROAD_NODE_072",
        "bidirectional": true,
        "speed_limit": 12,
        "road_ids": [
          "RD_068",
          "RD_065"
        ],
        "crosswalk_id": null,
        "source_id": "EDGE_0056_walk",
        "source": "derived_from_vehicle_network",
        "confidence": 0.2,
        "derived": true,
        "authoritative": false
      },
      "geometry": {
        "type": "LineString",
        "coordinates": [
          [
            106.183,
            -34.169
          ],
          [
            133.844,
            -6.94
          ]
        ]
      }
    },
    {
      "type": "Feature",
      "id": "EDGE_0057_vehicle",
      "properties": {
        "id": "EDGE_0057_vehicle",
        "feature_type": "edge",
        "kind": "allowed_road",
        "legacy_kind": "crosswalk",
        "allowed_types": [
          "car",
          "scooter"
        ],
        "from_node": "ROAD_NODE_010",
        "to_node": "ROAD_NODE_015",
        "bidirectional": true,
        "speed_limit": 10,
        "road_ids": [
          "RD_070",
          "CW_019"
        ],
        "crosswalk_id": "CW_019",
        "source_id": "EDGE_0057_vehicle",
        "source": "derived_from_vehicle_network",
        "confidence": 0.35,
        "derived": true,
        "authoritative": false
      },
      "geometry": {
        "type": "LineString",
        "coordinates": [
          [
            103.061,
            -54.426
          ],
          [
            51.403,
            -54.581
          ]
        ]
      }
    },
    {
      "type": "Feature",
      "id": "EDGE_0058_walk",
      "properties": {
        "id": "EDGE_0058_walk",
        "feature_type": "edge",
        "kind": "crosswalk",
        "legacy_kind": "crosswalk",
        "allowed_types": [
          "person",
          "scooter"
        ],
        "from_node": "ROAD_NODE_010",
        "to_node": "ROAD_NODE_015",
        "bidirectional": true,
        "speed_limit": 10,
        "road_ids": [
          "RD_070",
          "CW_019"
        ],
        "crosswalk_id": "CW_019",
        "source_id": "EDGE_0058_walk",
        "source": "derived_from_vehicle_network",
        "confidence": 0.35,
        "derived": true,
        "authoritative": false
      },
      "geometry": {
        "type": "LineString",
        "coordinates": [
          [
            103.061,
            -54.426
          ],
          [
            51.403,
            -54.581
          ]
        ]
      }
    },
    {
      "type": "Feature",
      "id": "EDGE_0059_vehicle",
      "properties": {
        "id": "EDGE_0059_vehicle",
        "feature_type": "edge",
        "kind": "allowed_road",
        "legacy_kind": "road",
        "allowed_types": [
          "car",
          "scooter"
        ],
        "from_node": "ROAD_NODE_010",
        "to_node": "ROAD_NODE_018",
        "bidirectional": true,
        "speed_limit": 25,
        "road_ids": [
          "RD_070",
          "RD_074"
        ],
        "crosswalk_id": null,
        "source_id": "EDGE_0059_vehicle",
        "source": "derived_from_vehicle_network",
        "confidence": 0.35,
        "derived": true,
        "authoritative": false
      },
      "geometry": {
        "type": "LineString",
        "coordinates": [
          [
            103.061,
            -54.426
          ],
          [
            149.883,
            -62.656
          ]
        ]
      }
    },
    {
      "type": "Feature",
      "id": "EDGE_0060_walk",
      "properties": {
        "id": "EDGE_0060_walk",
        "feature_type": "edge",
        "kind": "shared_path",
        "legacy_kind": "shared_path_derived",
        "allowed_types": [
          "person",
          "scooter"
        ],
        "from_node": "ROAD_NODE_010",
        "to_node": "ROAD_NODE_018",
        "bidirectional": true,
        "speed_limit": 12,
        "road_ids": [
          "RD_070",
          "RD_074"
        ],
        "crosswalk_id": null,
        "source_id": "EDGE_0060_walk",
        "source": "derived_from_vehicle_network",
        "confidence": 0.2,
        "derived": true,
        "authoritative": false
      },
      "geometry": {
        "type": "LineString",
        "coordinates": [
          [
            103.061,
            -54.426
          ],
          [
            149.883,
            -62.656
          ]
        ]
      }
    },
    {
      "type": "Feature",
      "id": "EDGE_0061_vehicle",
      "properties": {
        "id": "EDGE_0061_vehicle",
        "feature_type": "edge",
        "kind": "allowed_road",
        "legacy_kind": "road",
        "allowed_types": [
          "car",
          "scooter"
        ],
        "from_node": "ROAD_NODE_010",
        "to_node": "ROAD_NODE_019",
        "bidirectional": true,
        "speed_limit": 25,
        "road_ids": [
          "RD_070",
          "RD_075"
        ],
        "crosswalk_id": null,
        "source_id": "EDGE_0061_vehicle",
        "source": "derived_from_vehicle_network",
        "confidence": 0.35,
        "derived": true,
        "authoritative": false
      },
      "geometry": {
        "type": "LineString",
        "coordinates": [
          [
            103.061,
            -54.426
          ],
          [
            79.007,
            -88.01
          ]
        ]
      }
    },
    {
      "type": "Feature",
      "id": "EDGE_0062_walk",
      "properties": {
        "id": "EDGE_0062_walk",
        "feature_type": "edge",
        "kind": "shared_path",
        "legacy_kind": "shared_path_derived",
        "allowed_types": [
          "person",
          "scooter"
        ],
        "from_node": "ROAD_NODE_010",
        "to_node": "ROAD_NODE_019",
        "bidirectional": true,
        "speed_limit": 12,
        "road_ids": [
          "RD_070",
          "RD_075"
        ],
        "crosswalk_id": null,
        "source_id": "EDGE_0062_walk",
        "source": "derived_from_vehicle_network",
        "confidence": 0.2,
        "derived": true,
        "authoritative": false
      },
      "geometry": {
        "type": "LineString",
        "coordinates": [
          [
            103.061,
            -54.426
          ],
          [
            79.007,
            -88.01
          ]
        ]
      }
    },
    {
      "type": "Feature",
      "id": "EDGE_0063_vehicle",
      "properties": {
        "id": "EDGE_0063_vehicle",
        "feature_type": "edge",
        "kind": "allowed_road",
        "legacy_kind": "road",
        "allowed_types": [
          "car",
          "scooter"
        ],
        "from_node": "ROAD_NODE_010",
        "to_node": "ROAD_NODE_020",
        "bidirectional": true,
        "speed_limit": 25,
        "road_ids": [
          "RD_070"
        ],
        "crosswalk_id": null,
        "source_id": "EDGE_0063_vehicle",
        "source": "derived_from_vehicle_network",
        "confidence": 0.35,
        "derived": true,
        "authoritative": false
      },
      "geometry": {
        "type": "LineString",
        "coordinates": [
          [
            103.061,
            -54.426
          ],
          [
            112.222,
            -106.317
          ]
        ]
      }
    },
    {
      "type": "Feature",
      "id": "EDGE_0064_walk",
      "properties": {
        "id": "EDGE_0064_walk",
        "feature_type": "edge",
        "kind": "shared_path",
        "legacy_kind": "shared_path_derived",
        "allowed_types": [
          "person",
          "scooter"
        ],
        "from_node": "ROAD_NODE_010",
        "to_node": "ROAD_NODE_020",
        "bidirectional": true,
        "speed_limit": 12,
        "road_ids": [
          "RD_070"
        ],
        "crosswalk_id": null,
        "source_id": "EDGE_0064_walk",
        "source": "derived_from_vehicle_network",
        "confidence": 0.2,
        "derived": true,
        "authoritative": false
      },
      "geometry": {
        "type": "LineString",
        "coordinates": [
          [
            103.061,
            -54.426
          ],
          [
            112.222,
            -106.317
          ]
        ]
      }
    },
    {
      "type": "Feature",
      "id": "EDGE_0065_vehicle",
      "properties": {
        "id": "EDGE_0065_vehicle",
        "feature_type": "edge",
        "kind": "allowed_road",
        "legacy_kind": "road",
        "allowed_types": [
          "car",
          "scooter"
        ],
        "from_node": "ROAD_NODE_011",
        "to_node": "ROAD_NODE_012",
        "bidirectional": true,
        "speed_limit": 25,
        "road_ids": [
          "RD_066",
          "RD_058"
        ],
        "crosswalk_id": null,
        "source_id": "EDGE_0065_vehicle",
        "source": "derived_from_vehicle_network",
        "confidence": 0.35,
        "derived": true,
        "authoritative": false
      },
      "geometry": {
        "type": "LineString",
        "coordinates": [
          [
            47.477,
            12.358
          ],
          [
            22.593,
            54.405
          ]
        ]
      }
    },
    {
      "type": "Feature",
      "id": "EDGE_0066_walk",
      "properties": {
        "id": "EDGE_0066_walk",
        "feature_type": "edge",
        "kind": "shared_path",
        "legacy_kind": "shared_path_derived",
        "allowed_types": [
          "person",
          "scooter"
        ],
        "from_node": "ROAD_NODE_011",
        "to_node": "ROAD_NODE_012",
        "bidirectional": true,
        "speed_limit": 12,
        "road_ids": [
          "RD_066",
          "RD_058"
        ],
        "crosswalk_id": null,
        "source_id": "EDGE_0066_walk",
        "source": "derived_from_vehicle_network",
        "confidence": 0.2,
        "derived": true,
        "authoritative": false
      },
      "geometry": {
        "type": "LineString",
        "coordinates": [
          [
            47.477,
            12.358
          ],
          [
            22.593,
            54.405
          ]
        ]
      }
    },
    {
      "type": "Feature",
      "id": "EDGE_0067_vehicle",
      "properties": {
        "id": "EDGE_0067_vehicle",
        "feature_type": "edge",
        "kind": "allowed_road",
        "legacy_kind": "road",
        "allowed_types": [
          "car",
          "scooter"
        ],
        "from_node": "ROAD_NODE_011",
        "to_node": "ROAD_NODE_013",
        "bidirectional": true,
        "speed_limit": 25,
        "road_ids": [
          "RD_066",
          "RD_057"
        ],
        "crosswalk_id": null,
        "source_id": "EDGE_0067_vehicle",
        "source": "derived_from_vehicle_network",
        "confidence": 0.35,
        "derived": true,
        "authoritative": false
      },
      "geometry": {
        "type": "LineString",
        "coordinates": [
          [
            47.477,
            12.358
          ],
          [
            -22.461,
            13.058
          ]
        ]
      }
    },
    {
      "type": "Feature",
      "id": "EDGE_0068_walk",
      "properties": {
        "id": "EDGE_0068_walk",
        "feature_type": "edge",
        "kind": "shared_path",
        "legacy_kind": "shared_path_derived",
        "allowed_types": [
          "person",
          "scooter"
        ],
        "from_node": "ROAD_NODE_011",
        "to_node": "ROAD_NODE_013",
        "bidirectional": true,
        "speed_limit": 12,
        "road_ids": [
          "RD_066",
          "RD_057"
        ],
        "crosswalk_id": null,
        "source_id": "EDGE_0068_walk",
        "source": "derived_from_vehicle_network",
        "confidence": 0.2,
        "derived": true,
        "authoritative": false
      },
      "geometry": {
        "type": "LineString",
        "coordinates": [
          [
            47.477,
            12.358
          ],
          [
            -22.461,
            13.058
          ]
        ]
      }
    },
    {
      "type": "Feature",
      "id": "EDGE_0069_vehicle",
      "properties": {
        "id": "EDGE_0069_vehicle",
        "feature_type": "edge",
        "kind": "allowed_road",
        "legacy_kind": "road",
        "allowed_types": [
          "car",
          "scooter"
        ],
        "from_node": "ROAD_NODE_011",
        "to_node": "ROAD_NODE_014",
        "bidirectional": true,
        "speed_limit": 25,
        "road_ids": [
          "RD_066",
          "RD_069"
        ],
        "crosswalk_id": null,
        "source_id": "EDGE_0069_vehicle",
        "source": "derived_from_vehicle_network",
        "confidence": 0.35,
        "derived": true,
        "authoritative": false
      },
      "geometry": {
        "type": "LineString",
        "coordinates": [
          [
            47.477,
            12.358
          ],
          [
            1.037,
            -54.558
          ]
        ]
      }
    },
    {
      "type": "Feature",
      "id": "EDGE_0070_walk",
      "properties": {
        "id": "EDGE_0070_walk",
        "feature_type": "edge",
        "kind": "shared_path",
        "legacy_kind": "shared_path_derived",
        "allowed_types": [
          "person",
          "scooter"
        ],
        "from_node": "ROAD_NODE_011",
        "to_node": "ROAD_NODE_014",
        "bidirectional": true,
        "speed_limit": 12,
        "road_ids": [
          "RD_066",
          "RD_069"
        ],
        "crosswalk_id": null,
        "source_id": "EDGE_0070_walk",
        "source": "derived_from_vehicle_network",
        "confidence": 0.2,
        "derived": true,
        "authoritative": false
      },
      "geometry": {
        "type": "LineString",
        "coordinates": [
          [
            47.477,
            12.358
          ],
          [
            1.037,
            -54.558
          ]
        ]
      }
    },
    {
      "type": "Feature",
      "id": "EDGE_0071_vehicle",
      "properties": {
        "id": "EDGE_0071_vehicle",
        "feature_type": "edge",
        "kind": "allowed_road",
        "legacy_kind": "crosswalk",
        "allowed_types": [
          "car",
          "scooter"
        ],
        "from_node": "ROAD_NODE_011",
        "to_node": "ROAD_NODE_015",
        "bidirectional": true,
        "speed_limit": 10,
        "road_ids": [
          "RD_066",
          "CW_019"
        ],
        "crosswalk_id": "CW_019",
        "source_id": "EDGE_0071_vehicle",
        "source": "derived_from_vehicle_network",
        "confidence": 0.35,
        "derived": true,
        "authoritative": false
      },
      "geometry": {
        "type": "LineString",
        "coordinates": [
          [
            47.477,
            12.358
          ],
          [
            51.403,
            -54.581
          ]
        ]
      }
    },
    {
      "type": "Feature",
      "id": "EDGE_0072_walk",
      "properties": {
        "id": "EDGE_0072_walk",
        "feature_type": "edge",
        "kind": "crosswalk",
        "legacy_kind": "crosswalk",
        "allowed_types": [
          "person",
          "scooter"
        ],
        "from_node": "ROAD_NODE_011",
        "to_node": "ROAD_NODE_015",
        "bidirectional": true,
        "speed_limit": 10,
        "road_ids": [
          "RD_066",
          "CW_019"
        ],
        "crosswalk_id": "CW_019",
        "source_id": "EDGE_0072_walk",
        "source": "derived_from_vehicle_network",
        "confidence": 0.35,
        "derived": true,
        "authoritative": false
      },
      "geometry": {
        "type": "LineString",
        "coordinates": [
          [
            47.477,
            12.358
          ],
          [
            51.403,
            -54.581
          ]
        ]
      }
    },
    {
      "type": "Feature",
      "id": "EDGE_0073_vehicle",
      "properties": {
        "id": "EDGE_0073_vehicle",
        "feature_type": "edge",
        "kind": "allowed_road",
        "legacy_kind": "road",
        "allowed_types": [
          "car",
          "scooter"
        ],
        "from_node": "ROAD_NODE_012",
        "to_node": "ROAD_NODE_013",
        "bidirectional": true,
        "speed_limit": 25,
        "road_ids": [
          "RD_058",
          "RD_057"
        ],
        "crosswalk_id": null,
        "source_id": "EDGE_0073_vehicle",
        "source": "derived_from_vehicle_network",
        "confidence": 0.35,
        "derived": true,
        "authoritative": false
      },
      "geometry": {
        "type": "LineString",
        "coordinates": [
          [
            22.593,
            54.405
          ],
          [
            -22.461,
            13.058
          ]
        ]
      }
    },
    {
      "type": "Feature",
      "id": "EDGE_0074_walk",
      "properties": {
        "id": "EDGE_0074_walk",
        "feature_type": "edge",
        "kind": "shared_path",
        "legacy_kind": "shared_path_derived",
        "allowed_types": [
          "person",
          "scooter"
        ],
        "from_node": "ROAD_NODE_012",
        "to_node": "ROAD_NODE_013",
        "bidirectional": true,
        "speed_limit": 12,
        "road_ids": [
          "RD_058",
          "RD_057"
        ],
        "crosswalk_id": null,
        "source_id": "EDGE_0074_walk",
        "source": "derived_from_vehicle_network",
        "confidence": 0.2,
        "derived": true,
        "authoritative": false
      },
      "geometry": {
        "type": "LineString",
        "coordinates": [
          [
            22.593,
            54.405
          ],
          [
            -22.461,
            13.058
          ]
        ]
      }
    },
    {
      "type": "Feature",
      "id": "EDGE_0075_vehicle",
      "properties": {
        "id": "EDGE_0075_vehicle",
        "feature_type": "edge",
        "kind": "allowed_road",
        "legacy_kind": "road",
        "allowed_types": [
          "car",
          "scooter"
        ],
        "from_node": "ROAD_NODE_013",
        "to_node": "ROAD_NODE_014",
        "bidirectional": true,
        "speed_limit": 25,
        "road_ids": [
          "RD_057",
          "RD_069"
        ],
        "crosswalk_id": null,
        "source_id": "EDGE_0075_vehicle",
        "source": "derived_from_vehicle_network",
        "confidence": 0.35,
        "derived": true,
        "authoritative": false
      },
      "geometry": {
        "type": "LineString",
        "coordinates": [
          [
            -22.461,
            13.058
          ],
          [
            1.037,
            -54.558
          ]
        ]
      }
    },
    {
      "type": "Feature",
      "id": "EDGE_0076_walk",
      "properties": {
        "id": "EDGE_0076_walk",
        "feature_type": "edge",
        "kind": "shared_path",
        "legacy_kind": "shared_path_derived",
        "allowed_types": [
          "person",
          "scooter"
        ],
        "from_node": "ROAD_NODE_013",
        "to_node": "ROAD_NODE_014",
        "bidirectional": true,
        "speed_limit": 12,
        "road_ids": [
          "RD_057",
          "RD_069"
        ],
        "crosswalk_id": null,
        "source_id": "EDGE_0076_walk",
        "source": "derived_from_vehicle_network",
        "confidence": 0.2,
        "derived": true,
        "authoritative": false
      },
      "geometry": {
        "type": "LineString",
        "coordinates": [
          [
            -22.461,
            13.058
          ],
          [
            1.037,
            -54.558
          ]
        ]
      }
    },
    {
      "type": "Feature",
      "id": "EDGE_0077_vehicle",
      "properties": {
        "id": "EDGE_0077_vehicle",
        "feature_type": "edge",
        "kind": "allowed_road",
        "legacy_kind": "crosswalk",
        "allowed_types": [
          "car",
          "scooter"
        ],
        "from_node": "ROAD_NODE_014",
        "to_node": "ROAD_NODE_015",
        "bidirectional": true,
        "speed_limit": 10,
        "road_ids": [
          "RD_069",
          "CW_019"
        ],
        "crosswalk_id": "CW_019",
        "source_id": "EDGE_0077_vehicle",
        "source": "derived_from_vehicle_network",
        "confidence": 0.35,
        "derived": true,
        "authoritative": false
      },
      "geometry": {
        "type": "LineString",
        "coordinates": [
          [
            1.037,
            -54.558
          ],
          [
            51.403,
            -54.581
          ]
        ]
      }
    },
    {
      "type": "Feature",
      "id": "EDGE_0078_walk",
      "properties": {
        "id": "EDGE_0078_walk",
        "feature_type": "edge",
        "kind": "crosswalk",
        "legacy_kind": "crosswalk",
        "allowed_types": [
          "person",
          "scooter"
        ],
        "from_node": "ROAD_NODE_014",
        "to_node": "ROAD_NODE_015",
        "bidirectional": true,
        "speed_limit": 10,
        "road_ids": [
          "RD_069",
          "CW_019"
        ],
        "crosswalk_id": "CW_019",
        "source_id": "EDGE_0078_walk",
        "source": "derived_from_vehicle_network",
        "confidence": 0.35,
        "derived": true,
        "authoritative": false
      },
      "geometry": {
        "type": "LineString",
        "coordinates": [
          [
            1.037,
            -54.558
          ],
          [
            51.403,
            -54.581
          ]
        ]
      }
    },
    {
      "type": "Feature",
      "id": "EDGE_0079_vehicle",
      "properties": {
        "id": "EDGE_0079_vehicle",
        "feature_type": "edge",
        "kind": "allowed_road",
        "legacy_kind": "crosswalk",
        "allowed_types": [
          "car",
          "scooter"
        ],
        "from_node": "ROAD_NODE_015",
        "to_node": "ROAD_NODE_019",
        "bidirectional": true,
        "speed_limit": 10,
        "road_ids": [
          "CW_019",
          "RD_075"
        ],
        "crosswalk_id": "CW_019",
        "source_id": "EDGE_0079_vehicle",
        "source": "derived_from_vehicle_network",
        "confidence": 0.35,
        "derived": true,
        "authoritative": false
      },
      "geometry": {
        "type": "LineString",
        "coordinates": [
          [
            51.403,
            -54.581
          ],
          [
            79.007,
            -88.01
          ]
        ]
      }
    },
    {
      "type": "Feature",
      "id": "EDGE_0080_walk",
      "properties": {
        "id": "EDGE_0080_walk",
        "feature_type": "edge",
        "kind": "crosswalk",
        "legacy_kind": "crosswalk",
        "allowed_types": [
          "person",
          "scooter"
        ],
        "from_node": "ROAD_NODE_015",
        "to_node": "ROAD_NODE_019",
        "bidirectional": true,
        "speed_limit": 10,
        "road_ids": [
          "CW_019",
          "RD_075"
        ],
        "crosswalk_id": "CW_019",
        "source_id": "EDGE_0080_walk",
        "source": "derived_from_vehicle_network",
        "confidence": 0.35,
        "derived": true,
        "authoritative": false
      },
      "geometry": {
        "type": "LineString",
        "coordinates": [
          [
            51.403,
            -54.581
          ],
          [
            79.007,
            -88.01
          ]
        ]
      }
    },
    {
      "type": "Feature",
      "id": "EDGE_0081_vehicle",
      "properties": {
        "id": "EDGE_0081_vehicle",
        "feature_type": "edge",
        "kind": "allowed_road",
        "legacy_kind": "crosswalk",
        "allowed_types": [
          "car",
          "scooter"
        ],
        "from_node": "ROAD_NODE_016",
        "to_node": "ROAD_NODE_017",
        "bidirectional": true,
        "speed_limit": 10,
        "road_ids": [
          "CW_022",
          "RD_076"
        ],
        "crosswalk_id": "CW_022",
        "source_id": "EDGE_0081_vehicle",
        "source": "derived_from_vehicle_network",
        "confidence": 0.35,
        "derived": true,
        "authoritative": false
      },
      "geometry": {
        "type": "LineString",
        "coordinates": [
          [
            189.524,
            -18.578
          ],
          [
            217.377,
            19.428
          ]
        ]
      }
    },
    {
      "type": "Feature",
      "id": "EDGE_0082_walk",
      "properties": {
        "id": "EDGE_0082_walk",
        "feature_type": "edge",
        "kind": "crosswalk",
        "legacy_kind": "crosswalk",
        "allowed_types": [
          "person",
          "scooter"
        ],
        "from_node": "ROAD_NODE_016",
        "to_node": "ROAD_NODE_017",
        "bidirectional": true,
        "speed_limit": 10,
        "road_ids": [
          "CW_022",
          "RD_076"
        ],
        "crosswalk_id": "CW_022",
        "source_id": "EDGE_0082_walk",
        "source": "derived_from_vehicle_network",
        "confidence": 0.35,
        "derived": true,
        "authoritative": false
      },
      "geometry": {
        "type": "LineString",
        "coordinates": [
          [
            189.524,
            -18.578
          ],
          [
            217.377,
            19.428
          ]
        ]
      }
    },
    {
      "type": "Feature",
      "id": "EDGE_0083_vehicle",
      "properties": {
        "id": "EDGE_0083_vehicle",
        "feature_type": "edge",
        "kind": "allowed_road",
        "legacy_kind": "crosswalk",
        "allowed_types": [
          "car",
          "scooter"
        ],
        "from_node": "ROAD_NODE_016",
        "to_node": "ROAD_NODE_052",
        "bidirectional": true,
        "speed_limit": 10,
        "road_ids": [
          "CW_022",
          "RD_078"
        ],
        "crosswalk_id": "CW_022",
        "source_id": "EDGE_0083_vehicle",
        "source": "derived_from_vehicle_network",
        "confidence": 0.35,
        "derived": true,
        "authoritative": false
      },
      "geometry": {
        "type": "LineString",
        "coordinates": [
          [
            189.524,
            -18.578
          ],
          [
            228.441,
            -63.778
          ]
        ]
      }
    },
    {
      "type": "Feature",
      "id": "EDGE_0084_walk",
      "properties": {
        "id": "EDGE_0084_walk",
        "feature_type": "edge",
        "kind": "crosswalk",
        "legacy_kind": "crosswalk",
        "allowed_types": [
          "person",
          "scooter"
        ],
        "from_node": "ROAD_NODE_016",
        "to_node": "ROAD_NODE_052",
        "bidirectional": true,
        "speed_limit": 10,
        "road_ids": [
          "CW_022",
          "RD_078"
        ],
        "crosswalk_id": "CW_022",
        "source_id": "EDGE_0084_walk",
        "source": "derived_from_vehicle_network",
        "confidence": 0.35,
        "derived": true,
        "authoritative": false
      },
      "geometry": {
        "type": "LineString",
        "coordinates": [
          [
            189.524,
            -18.578
          ],
          [
            228.441,
            -63.778
          ]
        ]
      }
    },
    {
      "type": "Feature",
      "id": "EDGE_0085_vehicle",
      "properties": {
        "id": "EDGE_0085_vehicle",
        "feature_type": "edge",
        "kind": "allowed_road",
        "legacy_kind": "crosswalk",
        "allowed_types": [
          "car",
          "scooter"
        ],
        "from_node": "ROAD_NODE_016",
        "to_node": "ROAD_NODE_072",
        "bidirectional": true,
        "speed_limit": 10,
        "road_ids": [
          "CW_022",
          "RD_065"
        ],
        "crosswalk_id": "CW_022",
        "source_id": "EDGE_0085_vehicle",
        "source": "derived_from_vehicle_network",
        "confidence": 0.35,
        "derived": true,
        "authoritative": false
      },
      "geometry": {
        "type": "LineString",
        "coordinates": [
          [
            189.524,
            -18.578
          ],
          [
            133.844,
            -6.94
          ]
        ]
      }
    },
    {
      "type": "Feature",
      "id": "EDGE_0086_walk",
      "properties": {
        "id": "EDGE_0086_walk",
        "feature_type": "edge",
        "kind": "crosswalk",
        "legacy_kind": "crosswalk",
        "allowed_types": [
          "person",
          "scooter"
        ],
        "from_node": "ROAD_NODE_016",
        "to_node": "ROAD_NODE_072",
        "bidirectional": true,
        "speed_limit": 10,
        "road_ids": [
          "CW_022",
          "RD_065"
        ],
        "crosswalk_id": "CW_022",
        "source_id": "EDGE_0086_walk",
        "source": "derived_from_vehicle_network",
        "confidence": 0.35,
        "derived": true,
        "authoritative": false
      },
      "geometry": {
        "type": "LineString",
        "coordinates": [
          [
            189.524,
            -18.578
          ],
          [
            133.844,
            -6.94
          ]
        ]
      }
    },
    {
      "type": "Feature",
      "id": "EDGE_0087_vehicle",
      "properties": {
        "id": "EDGE_0087_vehicle",
        "feature_type": "edge",
        "kind": "allowed_road",
        "legacy_kind": "road",
        "allowed_types": [
          "car",
          "scooter"
        ],
        "from_node": "ROAD_NODE_017",
        "to_node": "ROAD_NODE_069",
        "bidirectional": true,
        "speed_limit": 25,
        "road_ids": [
          "RD_076",
          "RD_086"
        ],
        "crosswalk_id": null,
        "source_id": "EDGE_0087_vehicle",
        "source": "derived_from_vehicle_network",
        "confidence": 0.35,
        "derived": true,
        "authoritative": false
      },
      "geometry": {
        "type": "LineString",
        "coordinates": [
          [
            217.377,
            19.428
          ],
          [
            279.837,
            35.108
          ]
        ]
      }
    },
    {
      "type": "Feature",
      "id": "EDGE_0088_walk",
      "properties": {
        "id": "EDGE_0088_walk",
        "feature_type": "edge",
        "kind": "shared_path",
        "legacy_kind": "shared_path_derived",
        "allowed_types": [
          "person",
          "scooter"
        ],
        "from_node": "ROAD_NODE_017",
        "to_node": "ROAD_NODE_069",
        "bidirectional": true,
        "speed_limit": 12,
        "road_ids": [
          "RD_076",
          "RD_086"
        ],
        "crosswalk_id": null,
        "source_id": "EDGE_0088_walk",
        "source": "derived_from_vehicle_network",
        "confidence": 0.2,
        "derived": true,
        "authoritative": false
      },
      "geometry": {
        "type": "LineString",
        "coordinates": [
          [
            217.377,
            19.428
          ],
          [
            279.837,
            35.108
          ]
        ]
      }
    },
    {
      "type": "Feature",
      "id": "EDGE_0089_vehicle",
      "properties": {
        "id": "EDGE_0089_vehicle",
        "feature_type": "edge",
        "kind": "allowed_road",
        "legacy_kind": "road",
        "allowed_types": [
          "car",
          "scooter"
        ],
        "from_node": "ROAD_NODE_017",
        "to_node": "ROAD_NODE_091",
        "bidirectional": true,
        "speed_limit": 25,
        "road_ids": [
          "RD_076"
        ],
        "crosswalk_id": null,
        "source_id": "EDGE_0089_vehicle",
        "source": "derived_from_vehicle_network",
        "confidence": 0.35,
        "derived": true,
        "authoritative": false
      },
      "geometry": {
        "type": "LineString",
        "coordinates": [
          [
            217.377,
            19.428
          ],
          [
            232.621,
            58.438
          ]
        ]
      }
    },
    {
      "type": "Feature",
      "id": "EDGE_0090_walk",
      "properties": {
        "id": "EDGE_0090_walk",
        "feature_type": "edge",
        "kind": "shared_path",
        "legacy_kind": "shared_path_derived",
        "allowed_types": [
          "person",
          "scooter"
        ],
        "from_node": "ROAD_NODE_017",
        "to_node": "ROAD_NODE_091",
        "bidirectional": true,
        "speed_limit": 12,
        "road_ids": [
          "RD_076"
        ],
        "crosswalk_id": null,
        "source_id": "EDGE_0090_walk",
        "source": "derived_from_vehicle_network",
        "confidence": 0.2,
        "derived": true,
        "authoritative": false
      },
      "geometry": {
        "type": "LineString",
        "coordinates": [
          [
            217.377,
            19.428
          ],
          [
            232.621,
            58.438
          ]
        ]
      }
    },
    {
      "type": "Feature",
      "id": "EDGE_0091_vehicle",
      "properties": {
        "id": "EDGE_0091_vehicle",
        "feature_type": "edge",
        "kind": "allowed_road",
        "legacy_kind": "road",
        "allowed_types": [
          "car",
          "scooter"
        ],
        "from_node": "ROAD_NODE_019",
        "to_node": "ROAD_NODE_020",
        "bidirectional": true,
        "speed_limit": 25,
        "road_ids": [
          "RD_075"
        ],
        "crosswalk_id": null,
        "source_id": "EDGE_0091_vehicle",
        "source": "derived_from_vehicle_network",
        "confidence": 0.35,
        "derived": true,
        "authoritative": false
      },
      "geometry": {
        "type": "LineString",
        "coordinates": [
          [
            79.007,
            -88.01
          ],
          [
            112.222,
            -106.317
          ]
        ]
      }
    },
    {
      "type": "Feature",
      "id": "EDGE_0092_walk",
      "properties": {
        "id": "EDGE_0092_walk",
        "feature_type": "edge",
        "kind": "shared_path",
        "legacy_kind": "shared_path_derived",
        "allowed_types": [
          "person",
          "scooter"
        ],
        "from_node": "ROAD_NODE_019",
        "to_node": "ROAD_NODE_020",
        "bidirectional": true,
        "speed_limit": 12,
        "road_ids": [
          "RD_075"
        ],
        "crosswalk_id": null,
        "source_id": "EDGE_0092_walk",
        "source": "derived_from_vehicle_network",
        "confidence": 0.2,
        "derived": true,
        "authoritative": false
      },
      "geometry": {
        "type": "LineString",
        "coordinates": [
          [
            79.007,
            -88.01
          ],
          [
            112.222,
            -106.317
          ]
        ]
      }
    },
    {
      "type": "Feature",
      "id": "EDGE_0093_vehicle",
      "properties": {
        "id": "EDGE_0093_vehicle",
        "feature_type": "edge",
        "kind": "allowed_road",
        "legacy_kind": "road",
        "allowed_types": [
          "car",
          "scooter"
        ],
        "from_node": "ROAD_NODE_020",
        "to_node": "ROAD_NODE_076",
        "bidirectional": true,
        "speed_limit": 25,
        "road_ids": [
          "RD_041"
        ],
        "crosswalk_id": null,
        "source_id": "EDGE_0093_vehicle",
        "source": "derived_from_vehicle_network",
        "confidence": 0.35,
        "derived": true,
        "authoritative": false
      },
      "geometry": {
        "type": "LineString",
        "coordinates": [
          [
            112.222,
            -106.317
          ],
          [
            103.15,
            -163.496
          ]
        ]
      }
    },
    {
      "type": "Feature",
      "id": "EDGE_0094_walk",
      "properties": {
        "id": "EDGE_0094_walk",
        "feature_type": "edge",
        "kind": "shared_path",
        "legacy_kind": "shared_path_derived",
        "allowed_types": [
          "person",
          "scooter"
        ],
        "from_node": "ROAD_NODE_020",
        "to_node": "ROAD_NODE_076",
        "bidirectional": true,
        "speed_limit": 12,
        "road_ids": [
          "RD_041"
        ],
        "crosswalk_id": null,
        "source_id": "EDGE_0094_walk",
        "source": "derived_from_vehicle_network",
        "confidence": 0.2,
        "derived": true,
        "authoritative": false
      },
      "geometry": {
        "type": "LineString",
        "coordinates": [
          [
            112.222,
            -106.317
          ],
          [
            103.15,
            -163.496
          ]
        ]
      }
    },
    {
      "type": "Feature",
      "id": "EDGE_0095_vehicle",
      "properties": {
        "id": "EDGE_0095_vehicle",
        "feature_type": "edge",
        "kind": "allowed_road",
        "legacy_kind": "road",
        "allowed_types": [
          "car",
          "scooter"
        ],
        "from_node": "ROAD_NODE_021",
        "to_node": "ROAD_NODE_022",
        "bidirectional": true,
        "speed_limit": 25,
        "road_ids": [
          "RD_029",
          "RD_025"
        ],
        "crosswalk_id": null,
        "source_id": "EDGE_0095_vehicle",
        "source": "derived_from_vehicle_network",
        "confidence": 0.35,
        "derived": true,
        "authoritative": false
      },
      "geometry": {
        "type": "LineString",
        "coordinates": [
          [
            475.262,
            -221.364
          ],
          [
            461.603,
            -279.956
          ]
        ]
      }
    },
    {
      "type": "Feature",
      "id": "EDGE_0096_walk",
      "properties": {
        "id": "EDGE_0096_walk",
        "feature_type": "edge",
        "kind": "shared_path",
        "legacy_kind": "shared_path_derived",
        "allowed_types": [
          "person",
          "scooter"
        ],
        "from_node": "ROAD_NODE_021",
        "to_node": "ROAD_NODE_022",
        "bidirectional": true,
        "speed_limit": 12,
        "road_ids": [
          "RD_029",
          "RD_025"
        ],
        "crosswalk_id": null,
        "source_id": "EDGE_0096_walk",
        "source": "derived_from_vehicle_network",
        "confidence": 0.2,
        "derived": true,
        "authoritative": false
      },
      "geometry": {
        "type": "LineString",
        "coordinates": [
          [
            475.262,
            -221.364
          ],
          [
            461.603,
            -279.956
          ]
        ]
      }
    },
    {
      "type": "Feature",
      "id": "EDGE_0097_vehicle",
      "properties": {
        "id": "EDGE_0097_vehicle",
        "feature_type": "edge",
        "kind": "allowed_road",
        "legacy_kind": "road",
        "allowed_types": [
          "car",
          "scooter"
        ],
        "from_node": "ROAD_NODE_021",
        "to_node": "ROAD_NODE_023",
        "bidirectional": true,
        "speed_limit": 25,
        "road_ids": [
          "RD_029"
        ],
        "crosswalk_id": null,
        "source_id": "EDGE_0097_vehicle",
        "source": "derived_from_vehicle_network",
        "confidence": 0.35,
        "derived": true,
        "authoritative": false
      },
      "geometry": {
        "type": "LineString",
        "coordinates": [
          [
            475.262,
            -221.364
          ],
          [
            466.01,
            -246.725
          ]
        ]
      }
    },
    {
      "type": "Feature",
      "id": "EDGE_0098_walk",
      "properties": {
        "id": "EDGE_0098_walk",
        "feature_type": "edge",
        "kind": "shared_path",
        "legacy_kind": "shared_path_derived",
        "allowed_types": [
          "person",
          "scooter"
        ],
        "from_node": "ROAD_NODE_021",
        "to_node": "ROAD_NODE_023",
        "bidirectional": true,
        "speed_limit": 12,
        "road_ids": [
          "RD_029"
        ],
        "crosswalk_id": null,
        "source_id": "EDGE_0098_walk",
        "source": "derived_from_vehicle_network",
        "confidence": 0.2,
        "derived": true,
        "authoritative": false
      },
      "geometry": {
        "type": "LineString",
        "coordinates": [
          [
            475.262,
            -221.364
          ],
          [
            466.01,
            -246.725
          ]
        ]
      }
    },
    {
      "type": "Feature",
      "id": "EDGE_0099_vehicle",
      "properties": {
        "id": "EDGE_0099_vehicle",
        "feature_type": "edge",
        "kind": "allowed_road",
        "legacy_kind": "road",
        "allowed_types": [
          "car",
          "scooter"
        ],
        "from_node": "ROAD_NODE_021",
        "to_node": "ROAD_NODE_028",
        "bidirectional": true,
        "speed_limit": 25,
        "road_ids": [
          "RD_029",
          "RD_031"
        ],
        "crosswalk_id": null,
        "source_id": "EDGE_0099_vehicle",
        "source": "derived_from_vehicle_network",
        "confidence": 0.35,
        "derived": true,
        "authoritative": false
      },
      "geometry": {
        "type": "LineString",
        "coordinates": [
          [
            475.262,
            -221.364
          ],
          [
            456.494,
            -187.799
          ]
        ]
      }
    },
    {
      "type": "Feature",
      "id": "EDGE_0100_walk",
      "properties": {
        "id": "EDGE_0100_walk",
        "feature_type": "edge",
        "kind": "shared_path",
        "legacy_kind": "shared_path_derived",
        "allowed_types": [
          "person",
          "scooter"
        ],
        "from_node": "ROAD_NODE_021",
        "to_node": "ROAD_NODE_028",
        "bidirectional": true,
        "speed_limit": 12,
        "road_ids": [
          "RD_029",
          "RD_031"
        ],
        "crosswalk_id": null,
        "source_id": "EDGE_0100_walk",
        "source": "derived_from_vehicle_network",
        "confidence": 0.2,
        "derived": true,
        "authoritative": false
      },
      "geometry": {
        "type": "LineString",
        "coordinates": [
          [
            475.262,
            -221.364
          ],
          [
            456.494,
            -187.799
          ]
        ]
      }
    },
    {
      "type": "Feature",
      "id": "EDGE_0101_vehicle",
      "properties": {
        "id": "EDGE_0101_vehicle",
        "feature_type": "edge",
        "kind": "allowed_road",
        "legacy_kind": "road",
        "allowed_types": [
          "car",
          "scooter"
        ],
        "from_node": "ROAD_NODE_021",
        "to_node": "ROAD_NODE_037",
        "bidirectional": true,
        "speed_limit": 25,
        "road_ids": [
          "RD_029"
        ],
        "crosswalk_id": null,
        "source_id": "EDGE_0101_vehicle",
        "source": "derived_from_vehicle_network",
        "confidence": 0.35,
        "derived": true,
        "authoritative": false
      },
      "geometry": {
        "type": "LineString",
        "coordinates": [
          [
            475.262,
            -221.364
          ],
          [
            481.062,
            -196.654
          ]
        ]
      }
    },
    {
      "type": "Feature",
      "id": "EDGE_0102_walk",
      "properties": {
        "id": "EDGE_0102_walk",
        "feature_type": "edge",
        "kind": "shared_path",
        "legacy_kind": "shared_path_derived",
        "allowed_types": [
          "person",
          "scooter"
        ],
        "from_node": "ROAD_NODE_021",
        "to_node": "ROAD_NODE_037",
        "bidirectional": true,
        "speed_limit": 12,
        "road_ids": [
          "RD_029"
        ],
        "crosswalk_id": null,
        "source_id": "EDGE_0102_walk",
        "source": "derived_from_vehicle_network",
        "confidence": 0.2,
        "derived": true,
        "authoritative": false
      },
      "geometry": {
        "type": "LineString",
        "coordinates": [
          [
            475.262,
            -221.364
          ],
          [
            481.062,
            -196.654
          ]
        ]
      }
    },
    {
      "type": "Feature",
      "id": "EDGE_0103_vehicle",
      "properties": {
        "id": "EDGE_0103_vehicle",
        "feature_type": "edge",
        "kind": "allowed_road",
        "legacy_kind": "road",
        "allowed_types": [
          "car",
          "scooter"
        ],
        "from_node": "ROAD_NODE_022",
        "to_node": "ROAD_NODE_023",
        "bidirectional": true,
        "speed_limit": 25,
        "road_ids": [
          "RD_025"
        ],
        "crosswalk_id": null,
        "source_id": "EDGE_0103_vehicle",
        "source": "derived_from_vehicle_network",
        "confidence": 0.35,
        "derived": true,
        "authoritative": false
      },
      "geometry": {
        "type": "LineString",
        "coordinates": [
          [
            461.603,
            -279.956
          ],
          [
            466.01,
            -246.725
          ]
        ]
      }
    },
    {
      "type": "Feature",
      "id": "EDGE_0104_walk",
      "properties": {
        "id": "EDGE_0104_walk",
        "feature_type": "edge",
        "kind": "shared_path",
        "legacy_kind": "shared_path_derived",
        "allowed_types": [
          "person",
          "scooter"
        ],
        "from_node": "ROAD_NODE_022",
        "to_node": "ROAD_NODE_023",
        "bidirectional": true,
        "speed_limit": 12,
        "road_ids": [
          "RD_025"
        ],
        "crosswalk_id": null,
        "source_id": "EDGE_0104_walk",
        "source": "derived_from_vehicle_network",
        "confidence": 0.2,
        "derived": true,
        "authoritative": false
      },
      "geometry": {
        "type": "LineString",
        "coordinates": [
          [
            461.603,
            -279.956
          ],
          [
            466.01,
            -246.725
          ]
        ]
      }
    },
    {
      "type": "Feature",
      "id": "EDGE_0105_vehicle",
      "properties": {
        "id": "EDGE_0105_vehicle",
        "feature_type": "edge",
        "kind": "allowed_road",
        "legacy_kind": "road",
        "allowed_types": [
          "car",
          "scooter"
        ],
        "from_node": "ROAD_NODE_022",
        "to_node": "ROAD_NODE_073",
        "bidirectional": true,
        "speed_limit": 25,
        "road_ids": [
          "RD_025",
          "RD_037"
        ],
        "crosswalk_id": null,
        "source_id": "EDGE_0105_vehicle",
        "source": "derived_from_vehicle_network",
        "confidence": 0.35,
        "derived": true,
        "authoritative": false
      },
      "geometry": {
        "type": "LineString",
        "coordinates": [
          [
            461.603,
            -279.956
          ],
          [
            465.751,
            -333.927
          ]
        ]
      }
    },
    {
      "type": "Feature",
      "id": "EDGE_0106_walk",
      "properties": {
        "id": "EDGE_0106_walk",
        "feature_type": "edge",
        "kind": "shared_path",
        "legacy_kind": "shared_path_derived",
        "allowed_types": [
          "person",
          "scooter"
        ],
        "from_node": "ROAD_NODE_022",
        "to_node": "ROAD_NODE_073",
        "bidirectional": true,
        "speed_limit": 12,
        "road_ids": [
          "RD_025",
          "RD_037"
        ],
        "crosswalk_id": null,
        "source_id": "EDGE_0106_walk",
        "source": "derived_from_vehicle_network",
        "confidence": 0.2,
        "derived": true,
        "authoritative": false
      },
      "geometry": {
        "type": "LineString",
        "coordinates": [
          [
            461.603,
            -279.956
          ],
          [
            465.751,
            -333.927
          ]
        ]
      }
    },
    {
      "type": "Feature",
      "id": "EDGE_0107_vehicle",
      "properties": {
        "id": "EDGE_0107_vehicle",
        "feature_type": "edge",
        "kind": "allowed_road",
        "legacy_kind": "road",
        "allowed_types": [
          "car",
          "scooter"
        ],
        "from_node": "ROAD_NODE_023",
        "to_node": "ROAD_NODE_037",
        "bidirectional": true,
        "speed_limit": 25,
        "road_ids": [],
        "crosswalk_id": null,
        "source_id": "EDGE_0107_vehicle",
        "source": "derived_from_vehicle_network",
        "confidence": 0.35,
        "derived": true,
        "authoritative": false
      },
      "geometry": {
        "type": "LineString",
        "coordinates": [
          [
            466.01,
            -246.725
          ],
          [
            481.062,
            -196.654
          ]
        ]
      }
    },
    {
      "type": "Feature",
      "id": "EDGE_0108_walk",
      "properties": {
        "id": "EDGE_0108_walk",
        "feature_type": "edge",
        "kind": "shared_path",
        "legacy_kind": "shared_path_derived",
        "allowed_types": [
          "person",
          "scooter"
        ],
        "from_node": "ROAD_NODE_023",
        "to_node": "ROAD_NODE_037",
        "bidirectional": true,
        "speed_limit": 12,
        "road_ids": [],
        "crosswalk_id": null,
        "source_id": "EDGE_0108_walk",
        "source": "derived_from_vehicle_network",
        "confidence": 0.2,
        "derived": true,
        "authoritative": false
      },
      "geometry": {
        "type": "LineString",
        "coordinates": [
          [
            466.01,
            -246.725
          ],
          [
            481.062,
            -196.654
          ]
        ]
      }
    },
    {
      "type": "Feature",
      "id": "EDGE_0109_vehicle",
      "properties": {
        "id": "EDGE_0109_vehicle",
        "feature_type": "edge",
        "kind": "allowed_road",
        "legacy_kind": "road",
        "allowed_types": [
          "car",
          "scooter"
        ],
        "from_node": "ROAD_NODE_024",
        "to_node": "ROAD_NODE_025",
        "bidirectional": true,
        "speed_limit": 25,
        "road_ids": [
          "RD_023"
        ],
        "crosswalk_id": null,
        "source_id": "EDGE_0109_vehicle",
        "source": "derived_from_vehicle_network",
        "confidence": 0.35,
        "derived": true,
        "authoritative": false
      },
      "geometry": {
        "type": "LineString",
        "coordinates": [
          [
            333.63,
            -264.21
          ],
          [
            307.853,
            -264.866
          ]
        ]
      }
    },
    {
      "type": "Feature",
      "id": "EDGE_0110_walk",
      "properties": {
        "id": "EDGE_0110_walk",
        "feature_type": "edge",
        "kind": "shared_path",
        "legacy_kind": "shared_path_derived",
        "allowed_types": [
          "person",
          "scooter"
        ],
        "from_node": "ROAD_NODE_024",
        "to_node": "ROAD_NODE_025",
        "bidirectional": true,
        "speed_limit": 12,
        "road_ids": [
          "RD_023"
        ],
        "crosswalk_id": null,
        "source_id": "EDGE_0110_walk",
        "source": "derived_from_vehicle_network",
        "confidence": 0.2,
        "derived": true,
        "authoritative": false
      },
      "geometry": {
        "type": "LineString",
        "coordinates": [
          [
            333.63,
            -264.21
          ],
          [
            307.853,
            -264.866
          ]
        ]
      }
    },
    {
      "type": "Feature",
      "id": "EDGE_0111_vehicle",
      "properties": {
        "id": "EDGE_0111_vehicle",
        "feature_type": "edge",
        "kind": "allowed_road",
        "legacy_kind": "road",
        "allowed_types": [
          "car",
          "scooter"
        ],
        "from_node": "ROAD_NODE_024",
        "to_node": "ROAD_NODE_033",
        "bidirectional": true,
        "speed_limit": 25,
        "road_ids": [
          "RD_028"
        ],
        "crosswalk_id": null,
        "source_id": "EDGE_0111_vehicle",
        "source": "derived_from_vehicle_network",
        "confidence": 0.35,
        "derived": true,
        "authoritative": false
      },
      "geometry": {
        "type": "LineString",
        "coordinates": [
          [
            333.63,
            -264.21
          ],
          [
            341.505,
            -225.801
          ]
        ]
      }
    },
    {
      "type": "Feature",
      "id": "EDGE_0112_walk",
      "properties": {
        "id": "EDGE_0112_walk",
        "feature_type": "edge",
        "kind": "shared_path",
        "legacy_kind": "shared_path_derived",
        "allowed_types": [
          "person",
          "scooter"
        ],
        "from_node": "ROAD_NODE_024",
        "to_node": "ROAD_NODE_033",
        "bidirectional": true,
        "speed_limit": 12,
        "road_ids": [
          "RD_028"
        ],
        "crosswalk_id": null,
        "source_id": "EDGE_0112_walk",
        "source": "derived_from_vehicle_network",
        "confidence": 0.2,
        "derived": true,
        "authoritative": false
      },
      "geometry": {
        "type": "LineString",
        "coordinates": [
          [
            333.63,
            -264.21
          ],
          [
            341.505,
            -225.801
          ]
        ]
      }
    },
    {
      "type": "Feature",
      "id": "EDGE_0113_vehicle",
      "properties": {
        "id": "EDGE_0113_vehicle",
        "feature_type": "edge",
        "kind": "allowed_road",
        "legacy_kind": "road",
        "allowed_types": [
          "car",
          "scooter"
        ],
        "from_node": "ROAD_NODE_024",
        "to_node": "ROAD_NODE_080",
        "bidirectional": true,
        "speed_limit": 25,
        "road_ids": [
          "RD_024"
        ],
        "crosswalk_id": null,
        "source_id": "EDGE_0113_vehicle",
        "source": "derived_from_vehicle_network",
        "confidence": 0.35,
        "derived": true,
        "authoritative": false
      },
      "geometry": {
        "type": "LineString",
        "coordinates": [
          [
            333.63,
            -264.21
          ],
          [
            368.598,
            -275.608
          ]
        ]
      }
    },
    {
      "type": "Feature",
      "id": "EDGE_0114_walk",
      "properties": {
        "id": "EDGE_0114_walk",
        "feature_type": "edge",
        "kind": "shared_path",
        "legacy_kind": "shared_path_derived",
        "allowed_types": [
          "person",
          "scooter"
        ],
        "from_node": "ROAD_NODE_024",
        "to_node": "ROAD_NODE_080",
        "bidirectional": true,
        "speed_limit": 12,
        "road_ids": [
          "RD_024"
        ],
        "crosswalk_id": null,
        "source_id": "EDGE_0114_walk",
        "source": "derived_from_vehicle_network",
        "confidence": 0.2,
        "derived": true,
        "authoritative": false
      },
      "geometry": {
        "type": "LineString",
        "coordinates": [
          [
            333.63,
            -264.21
          ],
          [
            368.598,
            -275.608
          ]
        ]
      }
    },
    {
      "type": "Feature",
      "id": "EDGE_0115_vehicle",
      "properties": {
        "id": "EDGE_0115_vehicle",
        "feature_type": "edge",
        "kind": "allowed_road",
        "legacy_kind": "road",
        "allowed_types": [
          "car",
          "scooter"
        ],
        "from_node": "ROAD_NODE_024",
        "to_node": "ROAD_NODE_081",
        "bidirectional": true,
        "speed_limit": 25,
        "road_ids": [
          "RD_036"
        ],
        "crosswalk_id": null,
        "source_id": "EDGE_0115_vehicle",
        "source": "derived_from_vehicle_network",
        "confidence": 0.35,
        "derived": true,
        "authoritative": false
      },
      "geometry": {
        "type": "LineString",
        "coordinates": [
          [
            333.63,
            -264.21
          ],
          [
            324.597,
            -291.404
          ]
        ]
      }
    },
    {
      "type": "Feature",
      "id": "EDGE_0116_walk",
      "properties": {
        "id": "EDGE_0116_walk",
        "feature_type": "edge",
        "kind": "shared_path",
        "legacy_kind": "shared_path_derived",
        "allowed_types": [
          "person",
          "scooter"
        ],
        "from_node": "ROAD_NODE_024",
        "to_node": "ROAD_NODE_081",
        "bidirectional": true,
        "speed_limit": 12,
        "road_ids": [
          "RD_036"
        ],
        "crosswalk_id": null,
        "source_id": "EDGE_0116_walk",
        "source": "derived_from_vehicle_network",
        "confidence": 0.2,
        "derived": true,
        "authoritative": false
      },
      "geometry": {
        "type": "LineString",
        "coordinates": [
          [
            333.63,
            -264.21
          ],
          [
            324.597,
            -291.404
          ]
        ]
      }
    },
    {
      "type": "Feature",
      "id": "EDGE_0117_vehicle",
      "properties": {
        "id": "EDGE_0117_vehicle",
        "feature_type": "edge",
        "kind": "allowed_road",
        "legacy_kind": "road",
        "allowed_types": [
          "car",
          "scooter"
        ],
        "from_node": "ROAD_NODE_025",
        "to_node": "ROAD_NODE_033",
        "bidirectional": true,
        "speed_limit": 25,
        "road_ids": [
          "RD_023",
          "RD_028"
        ],
        "crosswalk_id": null,
        "source_id": "EDGE_0117_vehicle",
        "source": "derived_from_vehicle_network",
        "confidence": 0.35,
        "derived": true,
        "authoritative": false
      },
      "geometry": {
        "type": "LineString",
        "coordinates": [
          [
            307.853,
            -264.866
          ],
          [
            341.505,
            -225.801
          ]
        ]
      }
    },
    {
      "type": "Feature",
      "id": "EDGE_0118_walk",
      "properties": {
        "id": "EDGE_0118_walk",
        "feature_type": "edge",
        "kind": "shared_path",
        "legacy_kind": "shared_path_derived",
        "allowed_types": [
          "person",
          "scooter"
        ],
        "from_node": "ROAD_NODE_025",
        "to_node": "ROAD_NODE_033",
        "bidirectional": true,
        "speed_limit": 12,
        "road_ids": [
          "RD_023",
          "RD_028"
        ],
        "crosswalk_id": null,
        "source_id": "EDGE_0118_walk",
        "source": "derived_from_vehicle_network",
        "confidence": 0.2,
        "derived": true,
        "authoritative": false
      },
      "geometry": {
        "type": "LineString",
        "coordinates": [
          [
            307.853,
            -264.866
          ],
          [
            341.505,
            -225.801
          ]
        ]
      }
    },
    {
      "type": "Feature",
      "id": "EDGE_0119_vehicle",
      "properties": {
        "id": "EDGE_0119_vehicle",
        "feature_type": "edge",
        "kind": "allowed_road",
        "legacy_kind": "road",
        "allowed_types": [
          "car",
          "scooter"
        ],
        "from_node": "ROAD_NODE_025",
        "to_node": "ROAD_NODE_039",
        "bidirectional": true,
        "speed_limit": 25,
        "road_ids": [
          "RD_023"
        ],
        "crosswalk_id": null,
        "source_id": "EDGE_0119_vehicle",
        "source": "derived_from_vehicle_network",
        "confidence": 0.35,
        "derived": true,
        "authoritative": false
      },
      "geometry": {
        "type": "LineString",
        "coordinates": [
          [
            307.853,
            -264.866
          ],
          [
            276.567,
            -263.554
          ]
        ]
      }
    },
    {
      "type": "Feature",
      "id": "EDGE_0120_walk",
      "properties": {
        "id": "EDGE_0120_walk",
        "feature_type": "edge",
        "kind": "shared_path",
        "legacy_kind": "shared_path_derived",
        "allowed_types": [
          "person",
          "scooter"
        ],
        "from_node": "ROAD_NODE_025",
        "to_node": "ROAD_NODE_039",
        "bidirectional": true,
        "speed_limit": 12,
        "road_ids": [
          "RD_023"
        ],
        "crosswalk_id": null,
        "source_id": "EDGE_0120_walk",
        "source": "derived_from_vehicle_network",
        "confidence": 0.2,
        "derived": true,
        "authoritative": false
      },
      "geometry": {
        "type": "LineString",
        "coordinates": [
          [
            307.853,
            -264.866
          ],
          [
            276.567,
            -263.554
          ]
        ]
      }
    },
    {
      "type": "Feature",
      "id": "EDGE_0121_vehicle",
      "properties": {
        "id": "EDGE_0121_vehicle",
        "feature_type": "edge",
        "kind": "allowed_road",
        "legacy_kind": "road",
        "allowed_types": [
          "car",
          "scooter"
        ],
        "from_node": "ROAD_NODE_025",
        "to_node": "ROAD_NODE_081",
        "bidirectional": true,
        "speed_limit": 25,
        "road_ids": [
          "RD_023",
          "RD_036"
        ],
        "crosswalk_id": null,
        "source_id": "EDGE_0121_vehicle",
        "source": "derived_from_vehicle_network",
        "confidence": 0.35,
        "derived": true,
        "authoritative": false
      },
      "geometry": {
        "type": "LineString",
        "coordinates": [
          [
            307.853,
            -264.866
          ],
          [
            324.597,
            -291.404
          ]
        ]
      }
    },
    {
      "type": "Feature",
      "id": "EDGE_0122_walk",
      "properties": {
        "id": "EDGE_0122_walk",
        "feature_type": "edge",
        "kind": "shared_path",
        "legacy_kind": "shared_path_derived",
        "allowed_types": [
          "person",
          "scooter"
        ],
        "from_node": "ROAD_NODE_025",
        "to_node": "ROAD_NODE_081",
        "bidirectional": true,
        "speed_limit": 12,
        "road_ids": [
          "RD_023",
          "RD_036"
        ],
        "crosswalk_id": null,
        "source_id": "EDGE_0122_walk",
        "source": "derived_from_vehicle_network",
        "confidence": 0.2,
        "derived": true,
        "authoritative": false
      },
      "geometry": {
        "type": "LineString",
        "coordinates": [
          [
            307.853,
            -264.866
          ],
          [
            324.597,
            -291.404
          ]
        ]
      }
    },
    {
      "type": "Feature",
      "id": "EDGE_0123_vehicle",
      "properties": {
        "id": "EDGE_0123_vehicle",
        "feature_type": "edge",
        "kind": "allowed_road",
        "legacy_kind": "road",
        "allowed_types": [
          "car",
          "scooter"
        ],
        "from_node": "ROAD_NODE_026",
        "to_node": "ROAD_NODE_027",
        "bidirectional": true,
        "speed_limit": 25,
        "road_ids": [
          "RD_047",
          "RD_048"
        ],
        "crosswalk_id": null,
        "source_id": "EDGE_0123_vehicle",
        "source": "derived_from_vehicle_network",
        "confidence": 0.35,
        "derived": true,
        "authoritative": false
      },
      "geometry": {
        "type": "LineString",
        "coordinates": [
          [
            245.31,
            -205.21
          ],
          [
            257.459,
            -237.944
          ]
        ]
      }
    },
    {
      "type": "Feature",
      "id": "EDGE_0124_walk",
      "properties": {
        "id": "EDGE_0124_walk",
        "feature_type": "edge",
        "kind": "shared_path",
        "legacy_kind": "shared_path_derived",
        "allowed_types": [
          "person",
          "scooter"
        ],
        "from_node": "ROAD_NODE_026",
        "to_node": "ROAD_NODE_027",
        "bidirectional": true,
        "speed_limit": 12,
        "road_ids": [
          "RD_047",
          "RD_048"
        ],
        "crosswalk_id": null,
        "source_id": "EDGE_0124_walk",
        "source": "derived_from_vehicle_network",
        "confidence": 0.2,
        "derived": true,
        "authoritative": false
      },
      "geometry": {
        "type": "LineString",
        "coordinates": [
          [
            245.31,
            -205.21
          ],
          [
            257.459,
            -237.944
          ]
        ]
      }
    },
    {
      "type": "Feature",
      "id": "EDGE_0125_vehicle",
      "properties": {
        "id": "EDGE_0125_vehicle",
        "feature_type": "edge",
        "kind": "allowed_road",
        "legacy_kind": "road",
        "allowed_types": [
          "car",
          "scooter"
        ],
        "from_node": "ROAD_NODE_026",
        "to_node": "ROAD_NODE_057",
        "bidirectional": true,
        "speed_limit": 25,
        "road_ids": [
          "RD_047"
        ],
        "crosswalk_id": null,
        "source_id": "EDGE_0125_vehicle",
        "source": "derived_from_vehicle_network",
        "confidence": 0.35,
        "derived": true,
        "authoritative": false
      },
      "geometry": {
        "type": "LineString",
        "coordinates": [
          [
            245.31,
            -205.21
          ],
          [
            206.118,
            -174.264
          ]
        ]
      }
    },
    {
      "type": "Feature",
      "id": "EDGE_0126_walk",
      "properties": {
        "id": "EDGE_0126_walk",
        "feature_type": "edge",
        "kind": "shared_path",
        "legacy_kind": "shared_path_derived",
        "allowed_types": [
          "person",
          "scooter"
        ],
        "from_node": "ROAD_NODE_026",
        "to_node": "ROAD_NODE_057",
        "bidirectional": true,
        "speed_limit": 12,
        "road_ids": [
          "RD_047"
        ],
        "crosswalk_id": null,
        "source_id": "EDGE_0126_walk",
        "source": "derived_from_vehicle_network",
        "confidence": 0.2,
        "derived": true,
        "authoritative": false
      },
      "geometry": {
        "type": "LineString",
        "coordinates": [
          [
            245.31,
            -205.21
          ],
          [
            206.118,
            -174.264
          ]
        ]
      }
    },
    {
      "type": "Feature",
      "id": "EDGE_0127_vehicle",
      "properties": {
        "id": "EDGE_0127_vehicle",
        "feature_type": "edge",
        "kind": "allowed_road",
        "legacy_kind": "crosswalk",
        "allowed_types": [
          "car",
          "scooter"
        ],
        "from_node": "ROAD_NODE_026",
        "to_node": "ROAD_NODE_088",
        "bidirectional": true,
        "speed_limit": 10,
        "road_ids": [
          "RD_047",
          "CW_015"
        ],
        "crosswalk_id": "CW_015",
        "source_id": "EDGE_0127_vehicle",
        "source": "derived_from_vehicle_network",
        "confidence": 0.35,
        "derived": true,
        "authoritative": false
      },
      "geometry": {
        "type": "LineString",
        "coordinates": [
          [
            245.31,
            -205.21
          ],
          [
            251.382,
            -162.788
          ]
        ]
      }
    },
    {
      "type": "Feature",
      "id": "EDGE_0128_walk",
      "properties": {
        "id": "EDGE_0128_walk",
        "feature_type": "edge",
        "kind": "crosswalk",
        "legacy_kind": "crosswalk",
        "allowed_types": [
          "person",
          "scooter"
        ],
        "from_node": "ROAD_NODE_026",
        "to_node": "ROAD_NODE_088",
        "bidirectional": true,
        "speed_limit": 10,
        "road_ids": [
          "RD_047",
          "CW_015"
        ],
        "crosswalk_id": "CW_015",
        "source_id": "EDGE_0128_walk",
        "source": "derived_from_vehicle_network",
        "confidence": 0.35,
        "derived": true,
        "authoritative": false
      },
      "geometry": {
        "type": "LineString",
        "coordinates": [
          [
            245.31,
            -205.21
          ],
          [
            251.382,
            -162.788
          ]
        ]
      }
    },
    {
      "type": "Feature",
      "id": "EDGE_0129_vehicle",
      "properties": {
        "id": "EDGE_0129_vehicle",
        "feature_type": "edge",
        "kind": "allowed_road",
        "legacy_kind": "road",
        "allowed_types": [
          "car",
          "scooter"
        ],
        "from_node": "ROAD_NODE_027",
        "to_node": "ROAD_NODE_038",
        "bidirectional": true,
        "speed_limit": 25,
        "road_ids": [
          "RD_048",
          "RD_050"
        ],
        "crosswalk_id": null,
        "source_id": "EDGE_0129_vehicle",
        "source": "derived_from_vehicle_network",
        "confidence": 0.35,
        "derived": true,
        "authoritative": false
      },
      "geometry": {
        "type": "LineString",
        "coordinates": [
          [
            257.459,
            -237.944
          ],
          [
            233.776,
            -273.195
          ]
        ]
      }
    },
    {
      "type": "Feature",
      "id": "EDGE_0130_walk",
      "properties": {
        "id": "EDGE_0130_walk",
        "feature_type": "edge",
        "kind": "shared_path",
        "legacy_kind": "shared_path_derived",
        "allowed_types": [
          "person",
          "scooter"
        ],
        "from_node": "ROAD_NODE_027",
        "to_node": "ROAD_NODE_038",
        "bidirectional": true,
        "speed_limit": 12,
        "road_ids": [
          "RD_048",
          "RD_050"
        ],
        "crosswalk_id": null,
        "source_id": "EDGE_0130_walk",
        "source": "derived_from_vehicle_network",
        "confidence": 0.2,
        "derived": true,
        "authoritative": false
      },
      "geometry": {
        "type": "LineString",
        "coordinates": [
          [
            257.459,
            -237.944
          ],
          [
            233.776,
            -273.195
          ]
        ]
      }
    },
    {
      "type": "Feature",
      "id": "EDGE_0131_vehicle",
      "properties": {
        "id": "EDGE_0131_vehicle",
        "feature_type": "edge",
        "kind": "allowed_road",
        "legacy_kind": "road",
        "allowed_types": [
          "car",
          "scooter"
        ],
        "from_node": "ROAD_NODE_027",
        "to_node": "ROAD_NODE_039",
        "bidirectional": true,
        "speed_limit": 25,
        "road_ids": [
          "RD_048"
        ],
        "crosswalk_id": null,
        "source_id": "EDGE_0131_vehicle",
        "source": "derived_from_vehicle_network",
        "confidence": 0.35,
        "derived": true,
        "authoritative": false
      },
      "geometry": {
        "type": "LineString",
        "coordinates": [
          [
            257.459,
            -237.944
          ],
          [
            276.567,
            -263.554
          ]
        ]
      }
    },
    {
      "type": "Feature",
      "id": "EDGE_0132_walk",
      "properties": {
        "id": "EDGE_0132_walk",
        "feature_type": "edge",
        "kind": "shared_path",
        "legacy_kind": "shared_path_derived",
        "allowed_types": [
          "person",
          "scooter"
        ],
        "from_node": "ROAD_NODE_027",
        "to_node": "ROAD_NODE_039",
        "bidirectional": true,
        "speed_limit": 12,
        "road_ids": [
          "RD_048"
        ],
        "crosswalk_id": null,
        "source_id": "EDGE_0132_walk",
        "source": "derived_from_vehicle_network",
        "confidence": 0.2,
        "derived": true,
        "authoritative": false
      },
      "geometry": {
        "type": "LineString",
        "coordinates": [
          [
            257.459,
            -237.944
          ],
          [
            276.567,
            -263.554
          ]
        ]
      }
    },
    {
      "type": "Feature",
      "id": "EDGE_0133_vehicle",
      "properties": {
        "id": "EDGE_0133_vehicle",
        "feature_type": "edge",
        "kind": "allowed_road",
        "legacy_kind": "road",
        "allowed_types": [
          "car",
          "scooter"
        ],
        "from_node": "ROAD_NODE_028",
        "to_node": "ROAD_NODE_029",
        "bidirectional": true,
        "speed_limit": 25,
        "road_ids": [
          "RD_031"
        ],
        "crosswalk_id": null,
        "source_id": "EDGE_0133_vehicle",
        "source": "derived_from_vehicle_network",
        "confidence": 0.35,
        "derived": true,
        "authoritative": false
      },
      "geometry": {
        "type": "LineString",
        "coordinates": [
          [
            456.494,
            -187.799
          ],
          [
            426.091,
            -181.996
          ]
        ]
      }
    },
    {
      "type": "Feature",
      "id": "EDGE_0134_walk",
      "properties": {
        "id": "EDGE_0134_walk",
        "feature_type": "edge",
        "kind": "shared_path",
        "legacy_kind": "shared_path_derived",
        "allowed_types": [
          "person",
          "scooter"
        ],
        "from_node": "ROAD_NODE_028",
        "to_node": "ROAD_NODE_029",
        "bidirectional": true,
        "speed_limit": 12,
        "road_ids": [
          "RD_031"
        ],
        "crosswalk_id": null,
        "source_id": "EDGE_0134_walk",
        "source": "derived_from_vehicle_network",
        "confidence": 0.2,
        "derived": true,
        "authoritative": false
      },
      "geometry": {
        "type": "LineString",
        "coordinates": [
          [
            456.494,
            -187.799
          ],
          [
            426.091,
            -181.996
          ]
        ]
      }
    },
    {
      "type": "Feature",
      "id": "EDGE_0135_vehicle",
      "properties": {
        "id": "EDGE_0135_vehicle",
        "feature_type": "edge",
        "kind": "allowed_road",
        "legacy_kind": "road",
        "allowed_types": [
          "car",
          "scooter"
        ],
        "from_node": "ROAD_NODE_028",
        "to_node": "ROAD_NODE_031",
        "bidirectional": true,
        "speed_limit": 25,
        "road_ids": [
          "RD_031",
          "RD_032"
        ],
        "crosswalk_id": null,
        "source_id": "EDGE_0135_vehicle",
        "source": "derived_from_vehicle_network",
        "confidence": 0.35,
        "derived": true,
        "authoritative": false
      },
      "geometry": {
        "type": "LineString",
        "coordinates": [
          [
            456.494,
            -187.799
          ],
          [
            492.14,
            -160.695
          ]
        ]
      }
    },
    {
      "type": "Feature",
      "id": "EDGE_0136_walk",
      "properties": {
        "id": "EDGE_0136_walk",
        "feature_type": "edge",
        "kind": "shared_path",
        "legacy_kind": "shared_path_derived",
        "allowed_types": [
          "person",
          "scooter"
        ],
        "from_node": "ROAD_NODE_028",
        "to_node": "ROAD_NODE_031",
        "bidirectional": true,
        "speed_limit": 12,
        "road_ids": [
          "RD_031",
          "RD_032"
        ],
        "crosswalk_id": null,
        "source_id": "EDGE_0136_walk",
        "source": "derived_from_vehicle_network",
        "confidence": 0.2,
        "derived": true,
        "authoritative": false
      },
      "geometry": {
        "type": "LineString",
        "coordinates": [
          [
            456.494,
            -187.799
          ],
          [
            492.14,
            -160.695
          ]
        ]
      }
    },
    {
      "type": "Feature",
      "id": "EDGE_0137_vehicle",
      "properties": {
        "id": "EDGE_0137_vehicle",
        "feature_type": "edge",
        "kind": "allowed_road",
        "legacy_kind": "road",
        "allowed_types": [
          "car",
          "scooter"
        ],
        "from_node": "ROAD_NODE_028",
        "to_node": "ROAD_NODE_037",
        "bidirectional": true,
        "speed_limit": 25,
        "road_ids": [
          "RD_031"
        ],
        "crosswalk_id": null,
        "source_id": "EDGE_0137_vehicle",
        "source": "derived_from_vehicle_network",
        "confidence": 0.35,
        "derived": true,
        "authoritative": false
      },
      "geometry": {
        "type": "LineString",
        "coordinates": [
          [
            456.494,
            -187.799
          ],
          [
            481.062,
            -196.654
          ]
        ]
      }
    },
    {
      "type": "Feature",
      "id": "EDGE_0138_walk",
      "properties": {
        "id": "EDGE_0138_walk",
        "feature_type": "edge",
        "kind": "shared_path",
        "legacy_kind": "shared_path_derived",
        "allowed_types": [
          "person",
          "scooter"
        ],
        "from_node": "ROAD_NODE_028",
        "to_node": "ROAD_NODE_037",
        "bidirectional": true,
        "speed_limit": 12,
        "road_ids": [
          "RD_031"
        ],
        "crosswalk_id": null,
        "source_id": "EDGE_0138_walk",
        "source": "derived_from_vehicle_network",
        "confidence": 0.2,
        "derived": true,
        "authoritative": false
      },
      "geometry": {
        "type": "LineString",
        "coordinates": [
          [
            456.494,
            -187.799
          ],
          [
            481.062,
            -196.654
          ]
        ]
      }
    },
    {
      "type": "Feature",
      "id": "EDGE_0139_vehicle",
      "properties": {
        "id": "EDGE_0139_vehicle",
        "feature_type": "edge",
        "kind": "allowed_road",
        "legacy_kind": "road",
        "allowed_types": [
          "car",
          "scooter"
        ],
        "from_node": "ROAD_NODE_028",
        "to_node": "ROAD_NODE_071",
        "bidirectional": true,
        "speed_limit": 25,
        "road_ids": [
          "RD_031",
          "RD_035"
        ],
        "crosswalk_id": null,
        "source_id": "EDGE_0139_vehicle",
        "source": "derived_from_vehicle_network",
        "confidence": 0.35,
        "derived": true,
        "authoritative": false
      },
      "geometry": {
        "type": "LineString",
        "coordinates": [
          [
            456.494,
            -187.799
          ],
          [
            431.096,
            -145.159
          ]
        ]
      }
    },
    {
      "type": "Feature",
      "id": "EDGE_0140_walk",
      "properties": {
        "id": "EDGE_0140_walk",
        "feature_type": "edge",
        "kind": "shared_path",
        "legacy_kind": "shared_path_derived",
        "allowed_types": [
          "person",
          "scooter"
        ],
        "from_node": "ROAD_NODE_028",
        "to_node": "ROAD_NODE_071",
        "bidirectional": true,
        "speed_limit": 12,
        "road_ids": [
          "RD_031",
          "RD_035"
        ],
        "crosswalk_id": null,
        "source_id": "EDGE_0140_walk",
        "source": "derived_from_vehicle_network",
        "confidence": 0.2,
        "derived": true,
        "authoritative": false
      },
      "geometry": {
        "type": "LineString",
        "coordinates": [
          [
            456.494,
            -187.799
          ],
          [
            431.096,
            -145.159
          ]
        ]
      }
    },
    {
      "type": "Feature",
      "id": "EDGE_0141_vehicle",
      "properties": {
        "id": "EDGE_0141_vehicle",
        "feature_type": "edge",
        "kind": "allowed_road",
        "legacy_kind": "road",
        "allowed_types": [
          "car",
          "scooter"
        ],
        "from_node": "ROAD_NODE_029",
        "to_node": "ROAD_NODE_034",
        "bidirectional": true,
        "speed_limit": 25,
        "road_ids": [
          "RD_026"
        ],
        "crosswalk_id": null,
        "source_id": "EDGE_0141_vehicle",
        "source": "derived_from_vehicle_network",
        "confidence": 0.35,
        "derived": true,
        "authoritative": false
      },
      "geometry": {
        "type": "LineString",
        "coordinates": [
          [
            426.091,
            -181.996
          ],
          [
            402.803,
            -229.036
          ]
        ]
      }
    },
    {
      "type": "Feature",
      "id": "EDGE_0142_walk",
      "properties": {
        "id": "EDGE_0142_walk",
        "feature_type": "edge",
        "kind": "shared_path",
        "legacy_kind": "shared_path_derived",
        "allowed_types": [
          "person",
          "scooter"
        ],
        "from_node": "ROAD_NODE_029",
        "to_node": "ROAD_NODE_034",
        "bidirectional": true,
        "speed_limit": 12,
        "road_ids": [
          "RD_026"
        ],
        "crosswalk_id": null,
        "source_id": "EDGE_0142_walk",
        "source": "derived_from_vehicle_network",
        "confidence": 0.2,
        "derived": true,
        "authoritative": false
      },
      "geometry": {
        "type": "LineString",
        "coordinates": [
          [
            426.091,
            -181.996
          ],
          [
            402.803,
            -229.036
          ]
        ]
      }
    },
    {
      "type": "Feature",
      "id": "EDGE_0143_vehicle",
      "properties": {
        "id": "EDGE_0143_vehicle",
        "feature_type": "edge",
        "kind": "allowed_road",
        "legacy_kind": "road",
        "allowed_types": [
          "car",
          "scooter"
        ],
        "from_node": "ROAD_NODE_029",
        "to_node": "ROAD_NODE_036",
        "bidirectional": true,
        "speed_limit": 25,
        "road_ids": [
          "RD_030"
        ],
        "crosswalk_id": null,
        "source_id": "EDGE_0143_vehicle",
        "source": "derived_from_vehicle_network",
        "confidence": 0.35,
        "derived": true,
        "authoritative": false
      },
      "geometry": {
        "type": "LineString",
        "coordinates": [
          [
            426.091,
            -181.996
          ],
          [
            389.187,
            -179.589
          ]
        ]
      }
    },
    {
      "type": "Feature",
      "id": "EDGE_0144_walk",
      "properties": {
        "id": "EDGE_0144_walk",
        "feature_type": "edge",
        "kind": "shared_path",
        "legacy_kind": "shared_path_derived",
        "allowed_types": [
          "person",
          "scooter"
        ],
        "from_node": "ROAD_NODE_029",
        "to_node": "ROAD_NODE_036",
        "bidirectional": true,
        "speed_limit": 12,
        "road_ids": [
          "RD_030"
        ],
        "crosswalk_id": null,
        "source_id": "EDGE_0144_walk",
        "source": "derived_from_vehicle_network",
        "confidence": 0.2,
        "derived": true,
        "authoritative": false
      },
      "geometry": {
        "type": "LineString",
        "coordinates": [
          [
            426.091,
            -181.996
          ],
          [
            389.187,
            -179.589
          ]
        ]
      }
    },
    {
      "type": "Feature",
      "id": "EDGE_0145_vehicle",
      "properties": {
        "id": "EDGE_0145_vehicle",
        "feature_type": "edge",
        "kind": "allowed_road",
        "legacy_kind": "road",
        "allowed_types": [
          "car",
          "scooter"
        ],
        "from_node": "ROAD_NODE_029",
        "to_node": "ROAD_NODE_071",
        "bidirectional": true,
        "speed_limit": 25,
        "road_ids": [
          "RD_035"
        ],
        "crosswalk_id": null,
        "source_id": "EDGE_0145_vehicle",
        "source": "derived_from_vehicle_network",
        "confidence": 0.35,
        "derived": true,
        "authoritative": false
      },
      "geometry": {
        "type": "LineString",
        "coordinates": [
          [
            426.091,
            -181.996
          ],
          [
            431.096,
            -145.159
          ]
        ]
      }
    },
    {
      "type": "Feature",
      "id": "EDGE_0146_walk",
      "properties": {
        "id": "EDGE_0146_walk",
        "feature_type": "edge",
        "kind": "shared_path",
        "legacy_kind": "shared_path_derived",
        "allowed_types": [
          "person",
          "scooter"
        ],
        "from_node": "ROAD_NODE_029",
        "to_node": "ROAD_NODE_071",
        "bidirectional": true,
        "speed_limit": 12,
        "road_ids": [
          "RD_035"
        ],
        "crosswalk_id": null,
        "source_id": "EDGE_0146_walk",
        "source": "derived_from_vehicle_network",
        "confidence": 0.2,
        "derived": true,
        "authoritative": false
      },
      "geometry": {
        "type": "LineString",
        "coordinates": [
          [
            426.091,
            -181.996
          ],
          [
            431.096,
            -145.159
          ]
        ]
      }
    },
    {
      "type": "Feature",
      "id": "EDGE_0147_vehicle",
      "properties": {
        "id": "EDGE_0147_vehicle",
        "feature_type": "edge",
        "kind": "allowed_road",
        "legacy_kind": "road",
        "allowed_types": [
          "car",
          "scooter"
        ],
        "from_node": "ROAD_NODE_030",
        "to_node": "ROAD_NODE_068",
        "bidirectional": true,
        "speed_limit": 25,
        "road_ids": [
          "RD_088"
        ],
        "crosswalk_id": null,
        "source_id": "EDGE_0147_vehicle",
        "source": "derived_from_vehicle_network",
        "confidence": 0.35,
        "derived": true,
        "authoritative": false
      },
      "geometry": {
        "type": "LineString",
        "coordinates": [
          [
            348.289,
            13.596
          ],
          [
            388.615,
            -34.699
          ]
        ]
      }
    },
    {
      "type": "Feature",
      "id": "EDGE_0148_walk",
      "properties": {
        "id": "EDGE_0148_walk",
        "feature_type": "edge",
        "kind": "shared_path",
        "legacy_kind": "shared_path_derived",
        "allowed_types": [
          "person",
          "scooter"
        ],
        "from_node": "ROAD_NODE_030",
        "to_node": "ROAD_NODE_068",
        "bidirectional": true,
        "speed_limit": 12,
        "road_ids": [
          "RD_088"
        ],
        "crosswalk_id": null,
        "source_id": "EDGE_0148_walk",
        "source": "derived_from_vehicle_network",
        "confidence": 0.2,
        "derived": true,
        "authoritative": false
      },
      "geometry": {
        "type": "LineString",
        "coordinates": [
          [
            348.289,
            13.596
          ],
          [
            388.615,
            -34.699
          ]
        ]
      }
    },
    {
      "type": "Feature",
      "id": "EDGE_0149_vehicle",
      "properties": {
        "id": "EDGE_0149_vehicle",
        "feature_type": "edge",
        "kind": "allowed_road",
        "legacy_kind": "road",
        "allowed_types": [
          "car",
          "scooter"
        ],
        "from_node": "ROAD_NODE_030",
        "to_node": "ROAD_NODE_069",
        "bidirectional": true,
        "speed_limit": 25,
        "road_ids": [
          "RD_088",
          "RD_086"
        ],
        "crosswalk_id": null,
        "source_id": "EDGE_0149_vehicle",
        "source": "derived_from_vehicle_network",
        "confidence": 0.35,
        "derived": true,
        "authoritative": false
      },
      "geometry": {
        "type": "LineString",
        "coordinates": [
          [
            348.289,
            13.596
          ],
          [
            279.837,
            35.108
          ]
        ]
      }
    },
    {
      "type": "Feature",
      "id": "EDGE_0150_walk",
      "properties": {
        "id": "EDGE_0150_walk",
        "feature_type": "edge",
        "kind": "shared_path",
        "legacy_kind": "shared_path_derived",
        "allowed_types": [
          "person",
          "scooter"
        ],
        "from_node": "ROAD_NODE_030",
        "to_node": "ROAD_NODE_069",
        "bidirectional": true,
        "speed_limit": 12,
        "road_ids": [
          "RD_088",
          "RD_086"
        ],
        "crosswalk_id": null,
        "source_id": "EDGE_0150_walk",
        "source": "derived_from_vehicle_network",
        "confidence": 0.2,
        "derived": true,
        "authoritative": false
      },
      "geometry": {
        "type": "LineString",
        "coordinates": [
          [
            348.289,
            13.596
          ],
          [
            279.837,
            35.108
          ]
        ]
      }
    },
    {
      "type": "Feature",
      "id": "EDGE_0151_vehicle",
      "properties": {
        "id": "EDGE_0151_vehicle",
        "feature_type": "edge",
        "kind": "allowed_road",
        "legacy_kind": "road",
        "allowed_types": [
          "car",
          "scooter"
        ],
        "from_node": "ROAD_NODE_031",
        "to_node": "ROAD_NODE_032",
        "bidirectional": true,
        "speed_limit": 25,
        "road_ids": [
          "RD_032"
        ],
        "crosswalk_id": null,
        "source_id": "EDGE_0151_vehicle",
        "source": "derived_from_vehicle_network",
        "confidence": 0.35,
        "derived": true,
        "authoritative": false
      },
      "geometry": {
        "type": "LineString",
        "coordinates": [
          [
            492.14,
            -160.695
          ],
          [
            506.411,
            -123.355
          ]
        ]
      }
    },
    {
      "type": "Feature",
      "id": "EDGE_0152_walk",
      "properties": {
        "id": "EDGE_0152_walk",
        "feature_type": "edge",
        "kind": "shared_path",
        "legacy_kind": "shared_path_derived",
        "allowed_types": [
          "person",
          "scooter"
        ],
        "from_node": "ROAD_NODE_031",
        "to_node": "ROAD_NODE_032",
        "bidirectional": true,
        "speed_limit": 12,
        "road_ids": [
          "RD_032"
        ],
        "crosswalk_id": null,
        "source_id": "EDGE_0152_walk",
        "source": "derived_from_vehicle_network",
        "confidence": 0.2,
        "derived": true,
        "authoritative": false
      },
      "geometry": {
        "type": "LineString",
        "coordinates": [
          [
            492.14,
            -160.695
          ],
          [
            506.411,
            -123.355
          ]
        ]
      }
    },
    {
      "type": "Feature",
      "id": "EDGE_0153_vehicle",
      "properties": {
        "id": "EDGE_0153_vehicle",
        "feature_type": "edge",
        "kind": "allowed_road",
        "legacy_kind": "road",
        "allowed_types": [
          "car",
          "scooter"
        ],
        "from_node": "ROAD_NODE_031",
        "to_node": "ROAD_NODE_037",
        "bidirectional": true,
        "speed_limit": 25,
        "road_ids": [
          "RD_032"
        ],
        "crosswalk_id": null,
        "source_id": "EDGE_0153_vehicle",
        "source": "derived_from_vehicle_network",
        "confidence": 0.35,
        "derived": true,
        "authoritative": false
      },
      "geometry": {
        "type": "LineString",
        "coordinates": [
          [
            492.14,
            -160.695
          ],
          [
            481.062,
            -196.654
          ]
        ]
      }
    },
    {
      "type": "Feature",
      "id": "EDGE_0154_walk",
      "properties": {
        "id": "EDGE_0154_walk",
        "feature_type": "edge",
        "kind": "shared_path",
        "legacy_kind": "shared_path_derived",
        "allowed_types": [
          "person",
          "scooter"
        ],
        "from_node": "ROAD_NODE_031",
        "to_node": "ROAD_NODE_037",
        "bidirectional": true,
        "speed_limit": 12,
        "road_ids": [
          "RD_032"
        ],
        "crosswalk_id": null,
        "source_id": "EDGE_0154_walk",
        "source": "derived_from_vehicle_network",
        "confidence": 0.2,
        "derived": true,
        "authoritative": false
      },
      "geometry": {
        "type": "LineString",
        "coordinates": [
          [
            492.14,
            -160.695
          ],
          [
            481.062,
            -196.654
          ]
        ]
      }
    },
    {
      "type": "Feature",
      "id": "EDGE_0155_vehicle",
      "properties": {
        "id": "EDGE_0155_vehicle",
        "feature_type": "edge",
        "kind": "allowed_road",
        "legacy_kind": "crosswalk",
        "allowed_types": [
          "car",
          "scooter"
        ],
        "from_node": "ROAD_NODE_031",
        "to_node": "ROAD_NODE_042",
        "bidirectional": true,
        "speed_limit": 10,
        "road_ids": [
          "RD_032",
          "CW_006"
        ],
        "crosswalk_id": "CW_006",
        "source_id": "EDGE_0155_vehicle",
        "source": "derived_from_vehicle_network",
        "confidence": 0.35,
        "derived": true,
        "authoritative": false
      },
      "geometry": {
        "type": "LineString",
        "coordinates": [
          [
            492.14,
            -160.695
          ],
          [
            547.172,
            -130.31
          ]
        ]
      }
    },
    {
      "type": "Feature",
      "id": "EDGE_0156_walk",
      "properties": {
        "id": "EDGE_0156_walk",
        "feature_type": "edge",
        "kind": "crosswalk",
        "legacy_kind": "crosswalk",
        "allowed_types": [
          "person",
          "scooter"
        ],
        "from_node": "ROAD_NODE_031",
        "to_node": "ROAD_NODE_042",
        "bidirectional": true,
        "speed_limit": 10,
        "road_ids": [
          "RD_032",
          "CW_006"
        ],
        "crosswalk_id": "CW_006",
        "source_id": "EDGE_0156_walk",
        "source": "derived_from_vehicle_network",
        "confidence": 0.35,
        "derived": true,
        "authoritative": false
      },
      "geometry": {
        "type": "LineString",
        "coordinates": [
          [
            492.14,
            -160.695
          ],
          [
            547.172,
            -130.31
          ]
        ]
      }
    },
    {
      "type": "Feature",
      "id": "EDGE_0157_vehicle",
      "properties": {
        "id": "EDGE_0157_vehicle",
        "feature_type": "edge",
        "kind": "allowed_road",
        "legacy_kind": "crosswalk",
        "allowed_types": [
          "car",
          "scooter"
        ],
        "from_node": "ROAD_NODE_031",
        "to_node": "ROAD_NODE_070",
        "bidirectional": true,
        "speed_limit": 10,
        "road_ids": [
          "RD_032",
          "CW_016"
        ],
        "crosswalk_id": "CW_016",
        "source_id": "EDGE_0157_vehicle",
        "source": "derived_from_vehicle_network",
        "confidence": 0.35,
        "derived": true,
        "authoritative": false
      },
      "geometry": {
        "type": "LineString",
        "coordinates": [
          [
            492.14,
            -160.695
          ],
          [
            456.389,
            -108.72
          ]
        ]
      }
    },
    {
      "type": "Feature",
      "id": "EDGE_0158_walk",
      "properties": {
        "id": "EDGE_0158_walk",
        "feature_type": "edge",
        "kind": "crosswalk",
        "legacy_kind": "crosswalk",
        "allowed_types": [
          "person",
          "scooter"
        ],
        "from_node": "ROAD_NODE_031",
        "to_node": "ROAD_NODE_070",
        "bidirectional": true,
        "speed_limit": 10,
        "road_ids": [
          "RD_032",
          "CW_016"
        ],
        "crosswalk_id": "CW_016",
        "source_id": "EDGE_0158_walk",
        "source": "derived_from_vehicle_network",
        "confidence": 0.35,
        "derived": true,
        "authoritative": false
      },
      "geometry": {
        "type": "LineString",
        "coordinates": [
          [
            492.14,
            -160.695
          ],
          [
            456.389,
            -108.72
          ]
        ]
      }
    },
    {
      "type": "Feature",
      "id": "EDGE_0159_vehicle",
      "properties": {
        "id": "EDGE_0159_vehicle",
        "feature_type": "edge",
        "kind": "allowed_road",
        "legacy_kind": "crosswalk",
        "allowed_types": [
          "car",
          "scooter"
        ],
        "from_node": "ROAD_NODE_032",
        "to_node": "ROAD_NODE_042",
        "bidirectional": true,
        "speed_limit": 10,
        "road_ids": [
          "CW_006"
        ],
        "crosswalk_id": "CW_006",
        "source_id": "EDGE_0159_vehicle",
        "source": "derived_from_vehicle_network",
        "confidence": 0.35,
        "derived": true,
        "authoritative": false
      },
      "geometry": {
        "type": "LineString",
        "coordinates": [
          [
            506.411,
            -123.355
          ],
          [
            547.172,
            -130.31
          ]
        ]
      }
    },
    {
      "type": "Feature",
      "id": "EDGE_0160_walk",
      "properties": {
        "id": "EDGE_0160_walk",
        "feature_type": "edge",
        "kind": "crosswalk",
        "legacy_kind": "crosswalk",
        "allowed_types": [
          "person",
          "scooter"
        ],
        "from_node": "ROAD_NODE_032",
        "to_node": "ROAD_NODE_042",
        "bidirectional": true,
        "speed_limit": 10,
        "road_ids": [
          "CW_006"
        ],
        "crosswalk_id": "CW_006",
        "source_id": "EDGE_0160_walk",
        "source": "derived_from_vehicle_network",
        "confidence": 0.35,
        "derived": true,
        "authoritative": false
      },
      "geometry": {
        "type": "LineString",
        "coordinates": [
          [
            506.411,
            -123.355
          ],
          [
            547.172,
            -130.31
          ]
        ]
      }
    },
    {
      "type": "Feature",
      "id": "EDGE_0161_vehicle",
      "properties": {
        "id": "EDGE_0161_vehicle",
        "feature_type": "edge",
        "kind": "allowed_road",
        "legacy_kind": "road",
        "allowed_types": [
          "car",
          "scooter"
        ],
        "from_node": "ROAD_NODE_032",
        "to_node": "ROAD_NODE_043",
        "bidirectional": true,
        "speed_limit": 25,
        "road_ids": [
          "RD_010"
        ],
        "crosswalk_id": null,
        "source_id": "EDGE_0161_vehicle",
        "source": "derived_from_vehicle_network",
        "confidence": 0.35,
        "derived": true,
        "authoritative": false
      },
      "geometry": {
        "type": "LineString",
        "coordinates": [
          [
            506.411,
            -123.355
          ],
          [
            563.575,
            -87.673
          ]
        ]
      }
    },
    {
      "type": "Feature",
      "id": "EDGE_0162_walk",
      "properties": {
        "id": "EDGE_0162_walk",
        "feature_type": "edge",
        "kind": "shared_path",
        "legacy_kind": "shared_path_derived",
        "allowed_types": [
          "person",
          "scooter"
        ],
        "from_node": "ROAD_NODE_032",
        "to_node": "ROAD_NODE_043",
        "bidirectional": true,
        "speed_limit": 12,
        "road_ids": [
          "RD_010"
        ],
        "crosswalk_id": null,
        "source_id": "EDGE_0162_walk",
        "source": "derived_from_vehicle_network",
        "confidence": 0.2,
        "derived": true,
        "authoritative": false
      },
      "geometry": {
        "type": "LineString",
        "coordinates": [
          [
            506.411,
            -123.355
          ],
          [
            563.575,
            -87.673
          ]
        ]
      }
    },
    {
      "type": "Feature",
      "id": "EDGE_0163_vehicle",
      "properties": {
        "id": "EDGE_0163_vehicle",
        "feature_type": "edge",
        "kind": "allowed_road",
        "legacy_kind": "crosswalk",
        "allowed_types": [
          "car",
          "scooter"
        ],
        "from_node": "ROAD_NODE_032",
        "to_node": "ROAD_NODE_070",
        "bidirectional": true,
        "speed_limit": 10,
        "road_ids": [
          "CW_016"
        ],
        "crosswalk_id": "CW_016",
        "source_id": "EDGE_0163_vehicle",
        "source": "derived_from_vehicle_network",
        "confidence": 0.35,
        "derived": true,
        "authoritative": false
      },
      "geometry": {
        "type": "LineString",
        "coordinates": [
          [
            506.411,
            -123.355
          ],
          [
            456.389,
            -108.72
          ]
        ]
      }
    },
    {
      "type": "Feature",
      "id": "EDGE_0164_walk",
      "properties": {
        "id": "EDGE_0164_walk",
        "feature_type": "edge",
        "kind": "crosswalk",
        "legacy_kind": "crosswalk",
        "allowed_types": [
          "person",
          "scooter"
        ],
        "from_node": "ROAD_NODE_032",
        "to_node": "ROAD_NODE_070",
        "bidirectional": true,
        "speed_limit": 10,
        "road_ids": [
          "CW_016"
        ],
        "crosswalk_id": "CW_016",
        "source_id": "EDGE_0164_walk",
        "source": "derived_from_vehicle_network",
        "confidence": 0.35,
        "derived": true,
        "authoritative": false
      },
      "geometry": {
        "type": "LineString",
        "coordinates": [
          [
            506.411,
            -123.355
          ],
          [
            456.389,
            -108.72
          ]
        ]
      }
    },
    {
      "type": "Feature",
      "id": "EDGE_0165_vehicle",
      "properties": {
        "id": "EDGE_0165_vehicle",
        "feature_type": "edge",
        "kind": "allowed_road",
        "legacy_kind": "crosswalk",
        "allowed_types": [
          "car",
          "scooter"
        ],
        "from_node": "ROAD_NODE_033",
        "to_node": "ROAD_NODE_035",
        "bidirectional": true,
        "speed_limit": 10,
        "road_ids": [
          "RD_028",
          "CW_012"
        ],
        "crosswalk_id": "CW_012",
        "source_id": "EDGE_0165_vehicle",
        "source": "derived_from_vehicle_network",
        "confidence": 0.35,
        "derived": true,
        "authoritative": false
      },
      "geometry": {
        "type": "LineString",
        "coordinates": [
          [
            341.505,
            -225.801
          ],
          [
            352.859,
            -177.574
          ]
        ]
      }
    },
    {
      "type": "Feature",
      "id": "EDGE_0166_walk",
      "properties": {
        "id": "EDGE_0166_walk",
        "feature_type": "edge",
        "kind": "crosswalk",
        "legacy_kind": "crosswalk",
        "allowed_types": [
          "person",
          "scooter"
        ],
        "from_node": "ROAD_NODE_033",
        "to_node": "ROAD_NODE_035",
        "bidirectional": true,
        "speed_limit": 10,
        "road_ids": [
          "RD_028",
          "CW_012"
        ],
        "crosswalk_id": "CW_012",
        "source_id": "EDGE_0166_walk",
        "source": "derived_from_vehicle_network",
        "confidence": 0.35,
        "derived": true,
        "authoritative": false
      },
      "geometry": {
        "type": "LineString",
        "coordinates": [
          [
            341.505,
            -225.801
          ],
          [
            352.859,
            -177.574
          ]
        ]
      }
    },
    {
      "type": "Feature",
      "id": "EDGE_0167_vehicle",
      "properties": {
        "id": "EDGE_0167_vehicle",
        "feature_type": "edge",
        "kind": "allowed_road",
        "legacy_kind": "road",
        "allowed_types": [
          "car",
          "scooter"
        ],
        "from_node": "ROAD_NODE_033",
        "to_node": "ROAD_NODE_080",
        "bidirectional": true,
        "speed_limit": 25,
        "road_ids": [
          "RD_028",
          "RD_024"
        ],
        "crosswalk_id": null,
        "source_id": "EDGE_0167_vehicle",
        "source": "derived_from_vehicle_network",
        "confidence": 0.35,
        "derived": true,
        "authoritative": false
      },
      "geometry": {
        "type": "LineString",
        "coordinates": [
          [
            341.505,
            -225.801
          ],
          [
            368.598,
            -275.608
          ]
        ]
      }
    },
    {
      "type": "Feature",
      "id": "EDGE_0168_walk",
      "properties": {
        "id": "EDGE_0168_walk",
        "feature_type": "edge",
        "kind": "shared_path",
        "legacy_kind": "shared_path_derived",
        "allowed_types": [
          "person",
          "scooter"
        ],
        "from_node": "ROAD_NODE_033",
        "to_node": "ROAD_NODE_080",
        "bidirectional": true,
        "speed_limit": 12,
        "road_ids": [
          "RD_028",
          "RD_024"
        ],
        "crosswalk_id": null,
        "source_id": "EDGE_0168_walk",
        "source": "derived_from_vehicle_network",
        "confidence": 0.2,
        "derived": true,
        "authoritative": false
      },
      "geometry": {
        "type": "LineString",
        "coordinates": [
          [
            341.505,
            -225.801
          ],
          [
            368.598,
            -275.608
          ]
        ]
      }
    },
    {
      "type": "Feature",
      "id": "EDGE_0169_vehicle",
      "properties": {
        "id": "EDGE_0169_vehicle",
        "feature_type": "edge",
        "kind": "allowed_road",
        "legacy_kind": "road",
        "allowed_types": [
          "car",
          "scooter"
        ],
        "from_node": "ROAD_NODE_033",
        "to_node": "ROAD_NODE_087",
        "bidirectional": true,
        "speed_limit": 25,
        "road_ids": [
          "RD_028",
          "RD_033"
        ],
        "crosswalk_id": null,
        "source_id": "EDGE_0169_vehicle",
        "source": "derived_from_vehicle_network",
        "confidence": 0.35,
        "derived": true,
        "authoritative": false
      },
      "geometry": {
        "type": "LineString",
        "coordinates": [
          [
            341.505,
            -225.801
          ],
          [
            303.12,
            -173.23
          ]
        ]
      }
    },
    {
      "type": "Feature",
      "id": "EDGE_0170_walk",
      "properties": {
        "id": "EDGE_0170_walk",
        "feature_type": "edge",
        "kind": "shared_path",
        "legacy_kind": "shared_path_derived",
        "allowed_types": [
          "person",
          "scooter"
        ],
        "from_node": "ROAD_NODE_033",
        "to_node": "ROAD_NODE_087",
        "bidirectional": true,
        "speed_limit": 12,
        "road_ids": [
          "RD_028",
          "RD_033"
        ],
        "crosswalk_id": null,
        "source_id": "EDGE_0170_walk",
        "source": "derived_from_vehicle_network",
        "confidence": 0.2,
        "derived": true,
        "authoritative": false
      },
      "geometry": {
        "type": "LineString",
        "coordinates": [
          [
            341.505,
            -225.801
          ],
          [
            303.12,
            -173.23
          ]
        ]
      }
    },
    {
      "type": "Feature",
      "id": "EDGE_0171_vehicle",
      "properties": {
        "id": "EDGE_0171_vehicle",
        "feature_type": "edge",
        "kind": "allowed_road",
        "legacy_kind": "road",
        "allowed_types": [
          "car",
          "scooter"
        ],
        "from_node": "ROAD_NODE_034",
        "to_node": "ROAD_NODE_036",
        "bidirectional": true,
        "speed_limit": 25,
        "road_ids": [
          "RD_026",
          "RD_030"
        ],
        "crosswalk_id": null,
        "source_id": "EDGE_0171_vehicle",
        "source": "derived_from_vehicle_network",
        "confidence": 0.35,
        "derived": true,
        "authoritative": false
      },
      "geometry": {
        "type": "LineString",
        "coordinates": [
          [
            402.803,
            -229.036
          ],
          [
            389.187,
            -179.589
          ]
        ]
      }
    },
    {
      "type": "Feature",
      "id": "EDGE_0172_walk",
      "properties": {
        "id": "EDGE_0172_walk",
        "feature_type": "edge",
        "kind": "shared_path",
        "legacy_kind": "shared_path_derived",
        "allowed_types": [
          "person",
          "scooter"
        ],
        "from_node": "ROAD_NODE_034",
        "to_node": "ROAD_NODE_036",
        "bidirectional": true,
        "speed_limit": 12,
        "road_ids": [
          "RD_026",
          "RD_030"
        ],
        "crosswalk_id": null,
        "source_id": "EDGE_0172_walk",
        "source": "derived_from_vehicle_network",
        "confidence": 0.2,
        "derived": true,
        "authoritative": false
      },
      "geometry": {
        "type": "LineString",
        "coordinates": [
          [
            402.803,
            -229.036
          ],
          [
            389.187,
            -179.589
          ]
        ]
      }
    },
    {
      "type": "Feature",
      "id": "EDGE_0173_vehicle",
      "properties": {
        "id": "EDGE_0173_vehicle",
        "feature_type": "edge",
        "kind": "allowed_road",
        "legacy_kind": "road",
        "allowed_types": [
          "car",
          "scooter"
        ],
        "from_node": "ROAD_NODE_034",
        "to_node": "ROAD_NODE_080",
        "bidirectional": true,
        "speed_limit": 25,
        "road_ids": [
          "RD_026",
          "RD_024"
        ],
        "crosswalk_id": null,
        "source_id": "EDGE_0173_vehicle",
        "source": "derived_from_vehicle_network",
        "confidence": 0.35,
        "derived": true,
        "authoritative": false
      },
      "geometry": {
        "type": "LineString",
        "coordinates": [
          [
            402.803,
            -229.036
          ],
          [
            368.598,
            -275.608
          ]
        ]
      }
    },
    {
      "type": "Feature",
      "id": "EDGE_0174_walk",
      "properties": {
        "id": "EDGE_0174_walk",
        "feature_type": "edge",
        "kind": "shared_path",
        "legacy_kind": "shared_path_derived",
        "allowed_types": [
          "person",
          "scooter"
        ],
        "from_node": "ROAD_NODE_034",
        "to_node": "ROAD_NODE_080",
        "bidirectional": true,
        "speed_limit": 12,
        "road_ids": [
          "RD_026",
          "RD_024"
        ],
        "crosswalk_id": null,
        "source_id": "EDGE_0174_walk",
        "source": "derived_from_vehicle_network",
        "confidence": 0.2,
        "derived": true,
        "authoritative": false
      },
      "geometry": {
        "type": "LineString",
        "coordinates": [
          [
            402.803,
            -229.036
          ],
          [
            368.598,
            -275.608
          ]
        ]
      }
    },
    {
      "type": "Feature",
      "id": "EDGE_0175_vehicle",
      "properties": {
        "id": "EDGE_0175_vehicle",
        "feature_type": "edge",
        "kind": "allowed_road",
        "legacy_kind": "crosswalk",
        "allowed_types": [
          "car",
          "scooter"
        ],
        "from_node": "ROAD_NODE_035",
        "to_node": "ROAD_NODE_036",
        "bidirectional": true,
        "speed_limit": 10,
        "road_ids": [
          "CW_012",
          "RD_030"
        ],
        "crosswalk_id": "CW_012",
        "source_id": "EDGE_0175_vehicle",
        "source": "derived_from_vehicle_network",
        "confidence": 0.35,
        "derived": true,
        "authoritative": false
      },
      "geometry": {
        "type": "LineString",
        "coordinates": [
          [
            352.859,
            -177.574
          ],
          [
            389.187,
            -179.589
          ]
        ]
      }
    },
    {
      "type": "Feature",
      "id": "EDGE_0176_walk",
      "properties": {
        "id": "EDGE_0176_walk",
        "feature_type": "edge",
        "kind": "crosswalk",
        "legacy_kind": "crosswalk",
        "allowed_types": [
          "person",
          "scooter"
        ],
        "from_node": "ROAD_NODE_035",
        "to_node": "ROAD_NODE_036",
        "bidirectional": true,
        "speed_limit": 10,
        "road_ids": [
          "CW_012",
          "RD_030"
        ],
        "crosswalk_id": "CW_012",
        "source_id": "EDGE_0176_walk",
        "source": "derived_from_vehicle_network",
        "confidence": 0.35,
        "derived": true,
        "authoritative": false
      },
      "geometry": {
        "type": "LineString",
        "coordinates": [
          [
            352.859,
            -177.574
          ],
          [
            389.187,
            -179.589
          ]
        ]
      }
    },
    {
      "type": "Feature",
      "id": "EDGE_0177_vehicle",
      "properties": {
        "id": "EDGE_0177_vehicle",
        "feature_type": "edge",
        "kind": "allowed_road",
        "legacy_kind": "crosswalk",
        "allowed_types": [
          "car",
          "scooter"
        ],
        "from_node": "ROAD_NODE_035",
        "to_node": "ROAD_NODE_087",
        "bidirectional": true,
        "speed_limit": 10,
        "road_ids": [
          "CW_012",
          "RD_033"
        ],
        "crosswalk_id": "CW_012",
        "source_id": "EDGE_0177_vehicle",
        "source": "derived_from_vehicle_network",
        "confidence": 0.35,
        "derived": true,
        "authoritative": false
      },
      "geometry": {
        "type": "LineString",
        "coordinates": [
          [
            352.859,
            -177.574
          ],
          [
            303.12,
            -173.23
          ]
        ]
      }
    },
    {
      "type": "Feature",
      "id": "EDGE_0178_walk",
      "properties": {
        "id": "EDGE_0178_walk",
        "feature_type": "edge",
        "kind": "crosswalk",
        "legacy_kind": "crosswalk",
        "allowed_types": [
          "person",
          "scooter"
        ],
        "from_node": "ROAD_NODE_035",
        "to_node": "ROAD_NODE_087",
        "bidirectional": true,
        "speed_limit": 10,
        "road_ids": [
          "CW_012",
          "RD_033"
        ],
        "crosswalk_id": "CW_012",
        "source_id": "EDGE_0178_walk",
        "source": "derived_from_vehicle_network",
        "confidence": 0.35,
        "derived": true,
        "authoritative": false
      },
      "geometry": {
        "type": "LineString",
        "coordinates": [
          [
            352.859,
            -177.574
          ],
          [
            303.12,
            -173.23
          ]
        ]
      }
    },
    {
      "type": "Feature",
      "id": "EDGE_0179_vehicle",
      "properties": {
        "id": "EDGE_0179_vehicle",
        "feature_type": "edge",
        "kind": "allowed_road",
        "legacy_kind": "road",
        "allowed_types": [
          "car",
          "scooter"
        ],
        "from_node": "ROAD_NODE_038",
        "to_node": "ROAD_NODE_039",
        "bidirectional": true,
        "speed_limit": 25,
        "road_ids": [
          "RD_050"
        ],
        "crosswalk_id": null,
        "source_id": "EDGE_0179_vehicle",
        "source": "derived_from_vehicle_network",
        "confidence": 0.35,
        "derived": true,
        "authoritative": false
      },
      "geometry": {
        "type": "LineString",
        "coordinates": [
          [
            233.776,
            -273.195
          ],
          [
            276.567,
            -263.554
          ]
        ]
      }
    },
    {
      "type": "Feature",
      "id": "EDGE_0180_walk",
      "properties": {
        "id": "EDGE_0180_walk",
        "feature_type": "edge",
        "kind": "shared_path",
        "legacy_kind": "shared_path_derived",
        "allowed_types": [
          "person",
          "scooter"
        ],
        "from_node": "ROAD_NODE_038",
        "to_node": "ROAD_NODE_039",
        "bidirectional": true,
        "speed_limit": 12,
        "road_ids": [
          "RD_050"
        ],
        "crosswalk_id": null,
        "source_id": "EDGE_0180_walk",
        "source": "derived_from_vehicle_network",
        "confidence": 0.2,
        "derived": true,
        "authoritative": false
      },
      "geometry": {
        "type": "LineString",
        "coordinates": [
          [
            233.776,
            -273.195
          ],
          [
            276.567,
            -263.554
          ]
        ]
      }
    },
    {
      "type": "Feature",
      "id": "EDGE_0181_vehicle",
      "properties": {
        "id": "EDGE_0181_vehicle",
        "feature_type": "edge",
        "kind": "allowed_road",
        "legacy_kind": "road",
        "allowed_types": [
          "car",
          "scooter"
        ],
        "from_node": "ROAD_NODE_038",
        "to_node": "ROAD_NODE_040",
        "bidirectional": true,
        "speed_limit": 25,
        "road_ids": [
          "RD_050",
          "RD_056"
        ],
        "crosswalk_id": null,
        "source_id": "EDGE_0181_vehicle",
        "source": "derived_from_vehicle_network",
        "confidence": 0.35,
        "derived": true,
        "authoritative": false
      },
      "geometry": {
        "type": "LineString",
        "coordinates": [
          [
            233.776,
            -273.195
          ],
          [
            265.405,
            -309.077
          ]
        ]
      }
    },
    {
      "type": "Feature",
      "id": "EDGE_0182_walk",
      "properties": {
        "id": "EDGE_0182_walk",
        "feature_type": "edge",
        "kind": "shared_path",
        "legacy_kind": "shared_path_derived",
        "allowed_types": [
          "person",
          "scooter"
        ],
        "from_node": "ROAD_NODE_038",
        "to_node": "ROAD_NODE_040",
        "bidirectional": true,
        "speed_limit": 12,
        "road_ids": [
          "RD_050",
          "RD_056"
        ],
        "crosswalk_id": null,
        "source_id": "EDGE_0182_walk",
        "source": "derived_from_vehicle_network",
        "confidence": 0.2,
        "derived": true,
        "authoritative": false
      },
      "geometry": {
        "type": "LineString",
        "coordinates": [
          [
            233.776,
            -273.195
          ],
          [
            265.405,
            -309.077
          ]
        ]
      }
    },
    {
      "type": "Feature",
      "id": "EDGE_0183_vehicle",
      "properties": {
        "id": "EDGE_0183_vehicle",
        "feature_type": "edge",
        "kind": "allowed_road",
        "legacy_kind": "crosswalk",
        "allowed_types": [
          "car",
          "scooter"
        ],
        "from_node": "ROAD_NODE_038",
        "to_node": "ROAD_NODE_045",
        "bidirectional": true,
        "speed_limit": 10,
        "road_ids": [
          "RD_050",
          "CW_018"
        ],
        "crosswalk_id": "CW_018",
        "source_id": "EDGE_0183_vehicle",
        "source": "derived_from_vehicle_network",
        "confidence": 0.35,
        "derived": true,
        "authoritative": false
      },
      "geometry": {
        "type": "LineString",
        "coordinates": [
          [
            233.776,
            -273.195
          ],
          [
            192.097,
            -263.4
          ]
        ]
      }
    },
    {
      "type": "Feature",
      "id": "EDGE_0184_walk",
      "properties": {
        "id": "EDGE_0184_walk",
        "feature_type": "edge",
        "kind": "crosswalk",
        "legacy_kind": "crosswalk",
        "allowed_types": [
          "person",
          "scooter"
        ],
        "from_node": "ROAD_NODE_038",
        "to_node": "ROAD_NODE_045",
        "bidirectional": true,
        "speed_limit": 10,
        "road_ids": [
          "RD_050",
          "CW_018"
        ],
        "crosswalk_id": "CW_018",
        "source_id": "EDGE_0184_walk",
        "source": "derived_from_vehicle_network",
        "confidence": 0.35,
        "derived": true,
        "authoritative": false
      },
      "geometry": {
        "type": "LineString",
        "coordinates": [
          [
            233.776,
            -273.195
          ],
          [
            192.097,
            -263.4
          ]
        ]
      }
    },
    {
      "type": "Feature",
      "id": "EDGE_0185_vehicle",
      "properties": {
        "id": "EDGE_0185_vehicle",
        "feature_type": "edge",
        "kind": "allowed_road",
        "legacy_kind": "road",
        "allowed_types": [
          "car",
          "scooter"
        ],
        "from_node": "ROAD_NODE_039",
        "to_node": "ROAD_NODE_040",
        "bidirectional": true,
        "speed_limit": 25,
        "road_ids": [
          "RD_056"
        ],
        "crosswalk_id": null,
        "source_id": "EDGE_0185_vehicle",
        "source": "derived_from_vehicle_network",
        "confidence": 0.35,
        "derived": true,
        "authoritative": false
      },
      "geometry": {
        "type": "LineString",
        "coordinates": [
          [
            276.567,
            -263.554
          ],
          [
            265.405,
            -309.077
          ]
        ]
      }
    },
    {
      "type": "Feature",
      "id": "EDGE_0186_walk",
      "properties": {
        "id": "EDGE_0186_walk",
        "feature_type": "edge",
        "kind": "shared_path",
        "legacy_kind": "shared_path_derived",
        "allowed_types": [
          "person",
          "scooter"
        ],
        "from_node": "ROAD_NODE_039",
        "to_node": "ROAD_NODE_040",
        "bidirectional": true,
        "speed_limit": 12,
        "road_ids": [
          "RD_056"
        ],
        "crosswalk_id": null,
        "source_id": "EDGE_0186_walk",
        "source": "derived_from_vehicle_network",
        "confidence": 0.2,
        "derived": true,
        "authoritative": false
      },
      "geometry": {
        "type": "LineString",
        "coordinates": [
          [
            276.567,
            -263.554
          ],
          [
            265.405,
            -309.077
          ]
        ]
      }
    },
    {
      "type": "Feature",
      "id": "EDGE_0187_vehicle",
      "properties": {
        "id": "EDGE_0187_vehicle",
        "feature_type": "edge",
        "kind": "allowed_road",
        "legacy_kind": "road",
        "allowed_types": [
          "car",
          "scooter"
        ],
        "from_node": "ROAD_NODE_040",
        "to_node": "ROAD_NODE_082",
        "bidirectional": true,
        "speed_limit": 25,
        "road_ids": [
          "RD_056"
        ],
        "crosswalk_id": null,
        "source_id": "EDGE_0187_vehicle",
        "source": "derived_from_vehicle_network",
        "confidence": 0.35,
        "derived": true,
        "authoritative": false
      },
      "geometry": {
        "type": "LineString",
        "coordinates": [
          [
            265.405,
            -309.077
          ],
          [
            317.117,
            -327.972
          ]
        ]
      }
    },
    {
      "type": "Feature",
      "id": "EDGE_0188_walk",
      "properties": {
        "id": "EDGE_0188_walk",
        "feature_type": "edge",
        "kind": "shared_path",
        "legacy_kind": "shared_path_derived",
        "allowed_types": [
          "person",
          "scooter"
        ],
        "from_node": "ROAD_NODE_040",
        "to_node": "ROAD_NODE_082",
        "bidirectional": true,
        "speed_limit": 12,
        "road_ids": [
          "RD_056"
        ],
        "crosswalk_id": null,
        "source_id": "EDGE_0188_walk",
        "source": "derived_from_vehicle_network",
        "confidence": 0.2,
        "derived": true,
        "authoritative": false
      },
      "geometry": {
        "type": "LineString",
        "coordinates": [
          [
            265.405,
            -309.077
          ],
          [
            317.117,
            -327.972
          ]
        ]
      }
    },
    {
      "type": "Feature",
      "id": "EDGE_0189_vehicle",
      "properties": {
        "id": "EDGE_0189_vehicle",
        "feature_type": "edge",
        "kind": "allowed_road",
        "legacy_kind": "crosswalk",
        "allowed_types": [
          "car",
          "scooter"
        ],
        "from_node": "ROAD_NODE_041",
        "to_node": "ROAD_NODE_058",
        "bidirectional": true,
        "speed_limit": 10,
        "road_ids": [
          "RD_008",
          "CW_003"
        ],
        "crosswalk_id": "CW_003",
        "source_id": "EDGE_0189_vehicle",
        "source": "derived_from_vehicle_network",
        "confidence": 0.35,
        "derived": true,
        "authoritative": false
      },
      "geometry": {
        "type": "LineString",
        "coordinates": [
          [
            603.223,
            -14.416
          ],
          [
            610.477,
            1.332
          ]
        ]
      }
    },
    {
      "type": "Feature",
      "id": "EDGE_0190_walk",
      "properties": {
        "id": "EDGE_0190_walk",
        "feature_type": "edge",
        "kind": "crosswalk",
        "legacy_kind": "crosswalk",
        "allowed_types": [
          "person",
          "scooter"
        ],
        "from_node": "ROAD_NODE_041",
        "to_node": "ROAD_NODE_058",
        "bidirectional": true,
        "speed_limit": 10,
        "road_ids": [
          "RD_008",
          "CW_003"
        ],
        "crosswalk_id": "CW_003",
        "source_id": "EDGE_0190_walk",
        "source": "derived_from_vehicle_network",
        "confidence": 0.35,
        "derived": true,
        "authoritative": false
      },
      "geometry": {
        "type": "LineString",
        "coordinates": [
          [
            603.223,
            -14.416
          ],
          [
            610.477,
            1.332
          ]
        ]
      }
    },
    {
      "type": "Feature",
      "id": "EDGE_0191_vehicle",
      "properties": {
        "id": "EDGE_0191_vehicle",
        "feature_type": "edge",
        "kind": "allowed_road",
        "legacy_kind": "crosswalk",
        "allowed_types": [
          "car",
          "scooter"
        ],
        "from_node": "ROAD_NODE_041",
        "to_node": "ROAD_NODE_059",
        "bidirectional": true,
        "speed_limit": 10,
        "road_ids": [
          "RD_008",
          "CW_002"
        ],
        "crosswalk_id": "CW_002",
        "source_id": "EDGE_0191_vehicle",
        "source": "derived_from_vehicle_network",
        "confidence": 0.35,
        "derived": true,
        "authoritative": false
      },
      "geometry": {
        "type": "LineString",
        "coordinates": [
          [
            603.223,
            -14.416
          ],
          [
            598.907,
            24.417
          ]
        ]
      }
    },
    {
      "type": "Feature",
      "id": "EDGE_0192_walk",
      "properties": {
        "id": "EDGE_0192_walk",
        "feature_type": "edge",
        "kind": "crosswalk",
        "legacy_kind": "crosswalk",
        "allowed_types": [
          "person",
          "scooter"
        ],
        "from_node": "ROAD_NODE_041",
        "to_node": "ROAD_NODE_059",
        "bidirectional": true,
        "speed_limit": 10,
        "road_ids": [
          "RD_008",
          "CW_002"
        ],
        "crosswalk_id": "CW_002",
        "source_id": "EDGE_0192_walk",
        "source": "derived_from_vehicle_network",
        "confidence": 0.35,
        "derived": true,
        "authoritative": false
      },
      "geometry": {
        "type": "LineString",
        "coordinates": [
          [
            603.223,
            -14.416
          ],
          [
            598.907,
            24.417
          ]
        ]
      }
    },
    {
      "type": "Feature",
      "id": "EDGE_0193_vehicle",
      "properties": {
        "id": "EDGE_0193_vehicle",
        "feature_type": "edge",
        "kind": "allowed_road",
        "legacy_kind": "road",
        "allowed_types": [
          "car",
          "scooter"
        ],
        "from_node": "ROAD_NODE_041",
        "to_node": "ROAD_NODE_063",
        "bidirectional": true,
        "speed_limit": 25,
        "road_ids": [
          "RD_008",
          "RD_003"
        ],
        "crosswalk_id": null,
        "source_id": "EDGE_0193_vehicle",
        "source": "derived_from_vehicle_network",
        "confidence": 0.35,
        "derived": true,
        "authoritative": false
      },
      "geometry": {
        "type": "LineString",
        "coordinates": [
          [
            603.223,
            -14.416
          ],
          [
            565.976,
            -7.023
          ]
        ]
      }
    },
    {
      "type": "Feature",
      "id": "EDGE_0194_walk",
      "properties": {
        "id": "EDGE_0194_walk",
        "feature_type": "edge",
        "kind": "shared_path",
        "legacy_kind": "shared_path_derived",
        "allowed_types": [
          "person",
          "scooter"
        ],
        "from_node": "ROAD_NODE_041",
        "to_node": "ROAD_NODE_063",
        "bidirectional": true,
        "speed_limit": 12,
        "road_ids": [
          "RD_008",
          "RD_003"
        ],
        "crosswalk_id": null,
        "source_id": "EDGE_0194_walk",
        "source": "derived_from_vehicle_network",
        "confidence": 0.2,
        "derived": true,
        "authoritative": false
      },
      "geometry": {
        "type": "LineString",
        "coordinates": [
          [
            603.223,
            -14.416
          ],
          [
            565.976,
            -7.023
          ]
        ]
      }
    },
    {
      "type": "Feature",
      "id": "EDGE_0195_vehicle",
      "properties": {
        "id": "EDGE_0195_vehicle",
        "feature_type": "edge",
        "kind": "allowed_road",
        "legacy_kind": "crosswalk",
        "allowed_types": [
          "car",
          "scooter"
        ],
        "from_node": "ROAD_NODE_042",
        "to_node": "ROAD_NODE_043",
        "bidirectional": true,
        "speed_limit": 10,
        "road_ids": [
          "CW_006",
          "RD_010"
        ],
        "crosswalk_id": "CW_006",
        "source_id": "EDGE_0195_vehicle",
        "source": "derived_from_vehicle_network",
        "confidence": 0.35,
        "derived": true,
        "authoritative": false
      },
      "geometry": {
        "type": "LineString",
        "coordinates": [
          [
            547.172,
            -130.31
          ],
          [
            563.575,
            -87.673
          ]
        ]
      }
    },
    {
      "type": "Feature",
      "id": "EDGE_0196_walk",
      "properties": {
        "id": "EDGE_0196_walk",
        "feature_type": "edge",
        "kind": "crosswalk",
        "legacy_kind": "crosswalk",
        "allowed_types": [
          "person",
          "scooter"
        ],
        "from_node": "ROAD_NODE_042",
        "to_node": "ROAD_NODE_043",
        "bidirectional": true,
        "speed_limit": 10,
        "road_ids": [
          "CW_006",
          "RD_010"
        ],
        "crosswalk_id": "CW_006",
        "source_id": "EDGE_0196_walk",
        "source": "derived_from_vehicle_network",
        "confidence": 0.35,
        "derived": true,
        "authoritative": false
      },
      "geometry": {
        "type": "LineString",
        "coordinates": [
          [
            547.172,
            -130.31
          ],
          [
            563.575,
            -87.673
          ]
        ]
      }
    },
    {
      "type": "Feature",
      "id": "EDGE_0197_vehicle",
      "properties": {
        "id": "EDGE_0197_vehicle",
        "feature_type": "edge",
        "kind": "allowed_road",
        "legacy_kind": "crosswalk",
        "allowed_types": [
          "car",
          "scooter"
        ],
        "from_node": "ROAD_NODE_042",
        "to_node": "ROAD_NODE_078",
        "bidirectional": true,
        "speed_limit": 10,
        "road_ids": [
          "CW_006",
          "CW_007"
        ],
        "crosswalk_id": "CW_006",
        "source_id": "EDGE_0197_vehicle",
        "source": "derived_from_vehicle_network",
        "confidence": 0.35,
        "derived": true,
        "authoritative": false
      },
      "geometry": {
        "type": "LineString",
        "coordinates": [
          [
            547.172,
            -130.31
          ],
          [
            610.437,
            -147.974
          ]
        ]
      }
    },
    {
      "type": "Feature",
      "id": "EDGE_0198_walk",
      "properties": {
        "id": "EDGE_0198_walk",
        "feature_type": "edge",
        "kind": "crosswalk",
        "legacy_kind": "crosswalk",
        "allowed_types": [
          "person",
          "scooter"
        ],
        "from_node": "ROAD_NODE_042",
        "to_node": "ROAD_NODE_078",
        "bidirectional": true,
        "speed_limit": 10,
        "road_ids": [
          "CW_006",
          "CW_007"
        ],
        "crosswalk_id": "CW_006",
        "source_id": "EDGE_0198_walk",
        "source": "derived_from_vehicle_network",
        "confidence": 0.35,
        "derived": true,
        "authoritative": false
      },
      "geometry": {
        "type": "LineString",
        "coordinates": [
          [
            547.172,
            -130.31
          ],
          [
            610.437,
            -147.974
          ]
        ]
      }
    },
    {
      "type": "Feature",
      "id": "EDGE_0199_vehicle",
      "properties": {
        "id": "EDGE_0199_vehicle",
        "feature_type": "edge",
        "kind": "allowed_road",
        "legacy_kind": "crosswalk",
        "allowed_types": [
          "car",
          "scooter"
        ],
        "from_node": "ROAD_NODE_043",
        "to_node": "ROAD_NODE_078",
        "bidirectional": true,
        "speed_limit": 10,
        "road_ids": [
          "RD_010",
          "CW_007"
        ],
        "crosswalk_id": "CW_007",
        "source_id": "EDGE_0199_vehicle",
        "source": "derived_from_vehicle_network",
        "confidence": 0.35,
        "derived": true,
        "authoritative": false
      },
      "geometry": {
        "type": "LineString",
        "coordinates": [
          [
            563.575,
            -87.673
          ],
          [
            610.437,
            -147.974
          ]
        ]
      }
    },
    {
      "type": "Feature",
      "id": "EDGE_0200_walk",
      "properties": {
        "id": "EDGE_0200_walk",
        "feature_type": "edge",
        "kind": "crosswalk",
        "legacy_kind": "crosswalk",
        "allowed_types": [
          "person",
          "scooter"
        ],
        "from_node": "ROAD_NODE_043",
        "to_node": "ROAD_NODE_078",
        "bidirectional": true,
        "speed_limit": 10,
        "road_ids": [
          "RD_010",
          "CW_007"
        ],
        "crosswalk_id": "CW_007",
        "source_id": "EDGE_0200_walk",
        "source": "derived_from_vehicle_network",
        "confidence": 0.35,
        "derived": true,
        "authoritative": false
      },
      "geometry": {
        "type": "LineString",
        "coordinates": [
          [
            563.575,
            -87.673
          ],
          [
            610.437,
            -147.974
          ]
        ]
      }
    },
    {
      "type": "Feature",
      "id": "EDGE_0201_vehicle",
      "properties": {
        "id": "EDGE_0201_vehicle",
        "feature_type": "edge",
        "kind": "allowed_road",
        "legacy_kind": "crosswalk",
        "allowed_types": [
          "car",
          "scooter"
        ],
        "from_node": "ROAD_NODE_044",
        "to_node": "ROAD_NODE_045",
        "bidirectional": true,
        "speed_limit": 10,
        "road_ids": [
          "RD_046",
          "CW_018"
        ],
        "crosswalk_id": "CW_018",
        "source_id": "EDGE_0201_vehicle",
        "source": "derived_from_vehicle_network",
        "confidence": 0.35,
        "derived": true,
        "authoritative": false
      },
      "geometry": {
        "type": "LineString",
        "coordinates": [
          [
            146.648,
            -242.428
          ],
          [
            192.097,
            -263.4
          ]
        ]
      }
    },
    {
      "type": "Feature",
      "id": "EDGE_0202_walk",
      "properties": {
        "id": "EDGE_0202_walk",
        "feature_type": "edge",
        "kind": "crosswalk",
        "legacy_kind": "crosswalk",
        "allowed_types": [
          "person",
          "scooter"
        ],
        "from_node": "ROAD_NODE_044",
        "to_node": "ROAD_NODE_045",
        "bidirectional": true,
        "speed_limit": 10,
        "road_ids": [
          "RD_046",
          "CW_018"
        ],
        "crosswalk_id": "CW_018",
        "source_id": "EDGE_0202_walk",
        "source": "derived_from_vehicle_network",
        "confidence": 0.35,
        "derived": true,
        "authoritative": false
      },
      "geometry": {
        "type": "LineString",
        "coordinates": [
          [
            146.648,
            -242.428
          ],
          [
            192.097,
            -263.4
          ]
        ]
      }
    },
    {
      "type": "Feature",
      "id": "EDGE_0203_vehicle",
      "properties": {
        "id": "EDGE_0203_vehicle",
        "feature_type": "edge",
        "kind": "allowed_road",
        "legacy_kind": "road",
        "allowed_types": [
          "car",
          "scooter"
        ],
        "from_node": "ROAD_NODE_044",
        "to_node": "ROAD_NODE_046",
        "bidirectional": true,
        "speed_limit": 25,
        "road_ids": [
          "RD_046",
          "RD_049"
        ],
        "crosswalk_id": null,
        "source_id": "EDGE_0203_vehicle",
        "source": "derived_from_vehicle_network",
        "confidence": 0.35,
        "derived": true,
        "authoritative": false
      },
      "geometry": {
        "type": "LineString",
        "coordinates": [
          [
            146.648,
            -242.428
          ],
          [
            162.967,
            -271.476
          ]
        ]
      }
    },
    {
      "type": "Feature",
      "id": "EDGE_0204_walk",
      "properties": {
        "id": "EDGE_0204_walk",
        "feature_type": "edge",
        "kind": "shared_path",
        "legacy_kind": "shared_path_derived",
        "allowed_types": [
          "person",
          "scooter"
        ],
        "from_node": "ROAD_NODE_044",
        "to_node": "ROAD_NODE_046",
        "bidirectional": true,
        "speed_limit": 12,
        "road_ids": [
          "RD_046",
          "RD_049"
        ],
        "crosswalk_id": null,
        "source_id": "EDGE_0204_walk",
        "source": "derived_from_vehicle_network",
        "confidence": 0.2,
        "derived": true,
        "authoritative": false
      },
      "geometry": {
        "type": "LineString",
        "coordinates": [
          [
            146.648,
            -242.428
          ],
          [
            162.967,
            -271.476
          ]
        ]
      }
    },
    {
      "type": "Feature",
      "id": "EDGE_0205_vehicle",
      "properties": {
        "id": "EDGE_0205_vehicle",
        "feature_type": "edge",
        "kind": "allowed_road",
        "legacy_kind": "road",
        "allowed_types": [
          "car",
          "scooter"
        ],
        "from_node": "ROAD_NODE_044",
        "to_node": "ROAD_NODE_048",
        "bidirectional": true,
        "speed_limit": 25,
        "road_ids": [
          "RD_046",
          "RD_052"
        ],
        "crosswalk_id": null,
        "source_id": "EDGE_0205_vehicle",
        "source": "derived_from_vehicle_network",
        "confidence": 0.35,
        "derived": true,
        "authoritative": false
      },
      "geometry": {
        "type": "LineString",
        "coordinates": [
          [
            146.648,
            -242.428
          ],
          [
            130.881,
            -307.947
          ]
        ]
      }
    },
    {
      "type": "Feature",
      "id": "EDGE_0206_walk",
      "properties": {
        "id": "EDGE_0206_walk",
        "feature_type": "edge",
        "kind": "shared_path",
        "legacy_kind": "shared_path_derived",
        "allowed_types": [
          "person",
          "scooter"
        ],
        "from_node": "ROAD_NODE_044",
        "to_node": "ROAD_NODE_048",
        "bidirectional": true,
        "speed_limit": 12,
        "road_ids": [
          "RD_046",
          "RD_052"
        ],
        "crosswalk_id": null,
        "source_id": "EDGE_0206_walk",
        "source": "derived_from_vehicle_network",
        "confidence": 0.2,
        "derived": true,
        "authoritative": false
      },
      "geometry": {
        "type": "LineString",
        "coordinates": [
          [
            146.648,
            -242.428
          ],
          [
            130.881,
            -307.947
          ]
        ]
      }
    },
    {
      "type": "Feature",
      "id": "EDGE_0207_vehicle",
      "properties": {
        "id": "EDGE_0207_vehicle",
        "feature_type": "edge",
        "kind": "allowed_road",
        "legacy_kind": "road",
        "allowed_types": [
          "car",
          "scooter"
        ],
        "from_node": "ROAD_NODE_044",
        "to_node": "ROAD_NODE_049",
        "bidirectional": true,
        "speed_limit": 25,
        "road_ids": [
          "RD_046",
          "RD_092"
        ],
        "crosswalk_id": null,
        "source_id": "EDGE_0207_vehicle",
        "source": "derived_from_vehicle_network",
        "confidence": 0.35,
        "derived": true,
        "authoritative": false
      },
      "geometry": {
        "type": "LineString",
        "coordinates": [
          [
            146.648,
            -242.428
          ],
          [
            93.405,
            -250.161
          ]
        ]
      }
    },
    {
      "type": "Feature",
      "id": "EDGE_0208_walk",
      "properties": {
        "id": "EDGE_0208_walk",
        "feature_type": "edge",
        "kind": "shared_path",
        "legacy_kind": "shared_path_derived",
        "allowed_types": [
          "person",
          "scooter"
        ],
        "from_node": "ROAD_NODE_044",
        "to_node": "ROAD_NODE_049",
        "bidirectional": true,
        "speed_limit": 12,
        "road_ids": [
          "RD_046",
          "RD_092"
        ],
        "crosswalk_id": null,
        "source_id": "EDGE_0208_walk",
        "source": "derived_from_vehicle_network",
        "confidence": 0.2,
        "derived": true,
        "authoritative": false
      },
      "geometry": {
        "type": "LineString",
        "coordinates": [
          [
            146.648,
            -242.428
          ],
          [
            93.405,
            -250.161
          ]
        ]
      }
    },
    {
      "type": "Feature",
      "id": "EDGE_0209_vehicle",
      "properties": {
        "id": "EDGE_0209_vehicle",
        "feature_type": "edge",
        "kind": "allowed_road",
        "legacy_kind": "road",
        "allowed_types": [
          "car",
          "scooter"
        ],
        "from_node": "ROAD_NODE_044",
        "to_node": "ROAD_NODE_056",
        "bidirectional": true,
        "speed_limit": 25,
        "road_ids": [
          "RD_046",
          "RD_045"
        ],
        "crosswalk_id": null,
        "source_id": "EDGE_0209_vehicle",
        "source": "derived_from_vehicle_network",
        "confidence": 0.35,
        "derived": true,
        "authoritative": false
      },
      "geometry": {
        "type": "LineString",
        "coordinates": [
          [
            146.648,
            -242.428
          ],
          [
            194.53,
            -227.633
          ]
        ]
      }
    },
    {
      "type": "Feature",
      "id": "EDGE_0210_walk",
      "properties": {
        "id": "EDGE_0210_walk",
        "feature_type": "edge",
        "kind": "shared_path",
        "legacy_kind": "shared_path_derived",
        "allowed_types": [
          "person",
          "scooter"
        ],
        "from_node": "ROAD_NODE_044",
        "to_node": "ROAD_NODE_056",
        "bidirectional": true,
        "speed_limit": 12,
        "road_ids": [
          "RD_046",
          "RD_045"
        ],
        "crosswalk_id": null,
        "source_id": "EDGE_0210_walk",
        "source": "derived_from_vehicle_network",
        "confidence": 0.2,
        "derived": true,
        "authoritative": false
      },
      "geometry": {
        "type": "LineString",
        "coordinates": [
          [
            146.648,
            -242.428
          ],
          [
            194.53,
            -227.633
          ]
        ]
      }
    },
    {
      "type": "Feature",
      "id": "EDGE_0211_vehicle",
      "properties": {
        "id": "EDGE_0211_vehicle",
        "feature_type": "edge",
        "kind": "allowed_road",
        "legacy_kind": "crosswalk",
        "allowed_types": [
          "car",
          "scooter"
        ],
        "from_node": "ROAD_NODE_044",
        "to_node": "ROAD_NODE_074",
        "bidirectional": true,
        "speed_limit": 10,
        "road_ids": [
          "RD_046",
          "CW_017"
        ],
        "crosswalk_id": "CW_017",
        "source_id": "EDGE_0211_vehicle",
        "source": "derived_from_vehicle_network",
        "confidence": 0.35,
        "derived": true,
        "authoritative": false
      },
      "geometry": {
        "type": "LineString",
        "coordinates": [
          [
            146.648,
            -242.428
          ],
          [
            108.79,
            -211.774
          ]
        ]
      }
    },
    {
      "type": "Feature",
      "id": "EDGE_0212_walk",
      "properties": {
        "id": "EDGE_0212_walk",
        "feature_type": "edge",
        "kind": "crosswalk",
        "legacy_kind": "crosswalk",
        "allowed_types": [
          "person",
          "scooter"
        ],
        "from_node": "ROAD_NODE_044",
        "to_node": "ROAD_NODE_074",
        "bidirectional": true,
        "speed_limit": 10,
        "road_ids": [
          "RD_046",
          "CW_017"
        ],
        "crosswalk_id": "CW_017",
        "source_id": "EDGE_0212_walk",
        "source": "derived_from_vehicle_network",
        "confidence": 0.35,
        "derived": true,
        "authoritative": false
      },
      "geometry": {
        "type": "LineString",
        "coordinates": [
          [
            146.648,
            -242.428
          ],
          [
            108.79,
            -211.774
          ]
        ]
      }
    },
    {
      "type": "Feature",
      "id": "EDGE_0213_vehicle",
      "properties": {
        "id": "EDGE_0213_vehicle",
        "feature_type": "edge",
        "kind": "allowed_road",
        "legacy_kind": "crosswalk",
        "allowed_types": [
          "car",
          "scooter"
        ],
        "from_node": "ROAD_NODE_045",
        "to_node": "ROAD_NODE_046",
        "bidirectional": true,
        "speed_limit": 10,
        "road_ids": [
          "CW_018",
          "RD_049"
        ],
        "crosswalk_id": "CW_018",
        "source_id": "EDGE_0213_vehicle",
        "source": "derived_from_vehicle_network",
        "confidence": 0.35,
        "derived": true,
        "authoritative": false
      },
      "geometry": {
        "type": "LineString",
        "coordinates": [
          [
            192.097,
            -263.4
          ],
          [
            162.967,
            -271.476
          ]
        ]
      }
    },
    {
      "type": "Feature",
      "id": "EDGE_0214_walk",
      "properties": {
        "id": "EDGE_0214_walk",
        "feature_type": "edge",
        "kind": "crosswalk",
        "legacy_kind": "crosswalk",
        "allowed_types": [
          "person",
          "scooter"
        ],
        "from_node": "ROAD_NODE_045",
        "to_node": "ROAD_NODE_046",
        "bidirectional": true,
        "speed_limit": 10,
        "road_ids": [
          "CW_018",
          "RD_049"
        ],
        "crosswalk_id": "CW_018",
        "source_id": "EDGE_0214_walk",
        "source": "derived_from_vehicle_network",
        "confidence": 0.35,
        "derived": true,
        "authoritative": false
      },
      "geometry": {
        "type": "LineString",
        "coordinates": [
          [
            192.097,
            -263.4
          ],
          [
            162.967,
            -271.476
          ]
        ]
      }
    },
    {
      "type": "Feature",
      "id": "EDGE_0215_vehicle",
      "properties": {
        "id": "EDGE_0215_vehicle",
        "feature_type": "edge",
        "kind": "allowed_road",
        "legacy_kind": "crosswalk",
        "allowed_types": [
          "car",
          "scooter"
        ],
        "from_node": "ROAD_NODE_045",
        "to_node": "ROAD_NODE_047",
        "bidirectional": true,
        "speed_limit": 10,
        "road_ids": [
          "CW_018",
          "RD_053"
        ],
        "crosswalk_id": "CW_018",
        "source_id": "EDGE_0215_vehicle",
        "source": "derived_from_vehicle_network",
        "confidence": 0.35,
        "derived": true,
        "authoritative": false
      },
      "geometry": {
        "type": "LineString",
        "coordinates": [
          [
            192.097,
            -263.4
          ],
          [
            155.649,
            -292.496
          ]
        ]
      }
    },
    {
      "type": "Feature",
      "id": "EDGE_0216_walk",
      "properties": {
        "id": "EDGE_0216_walk",
        "feature_type": "edge",
        "kind": "crosswalk",
        "legacy_kind": "crosswalk",
        "allowed_types": [
          "person",
          "scooter"
        ],
        "from_node": "ROAD_NODE_045",
        "to_node": "ROAD_NODE_047",
        "bidirectional": true,
        "speed_limit": 10,
        "road_ids": [
          "CW_018",
          "RD_053"
        ],
        "crosswalk_id": "CW_018",
        "source_id": "EDGE_0216_walk",
        "source": "derived_from_vehicle_network",
        "confidence": 0.35,
        "derived": true,
        "authoritative": false
      },
      "geometry": {
        "type": "LineString",
        "coordinates": [
          [
            192.097,
            -263.4
          ],
          [
            155.649,
            -292.496
          ]
        ]
      }
    },
    {
      "type": "Feature",
      "id": "EDGE_0217_vehicle",
      "properties": {
        "id": "EDGE_0217_vehicle",
        "feature_type": "edge",
        "kind": "allowed_road",
        "legacy_kind": "crosswalk",
        "allowed_types": [
          "car",
          "scooter"
        ],
        "from_node": "ROAD_NODE_045",
        "to_node": "ROAD_NODE_056",
        "bidirectional": true,
        "speed_limit": 10,
        "road_ids": [
          "CW_018",
          "RD_045"
        ],
        "crosswalk_id": "CW_018",
        "source_id": "EDGE_0217_vehicle",
        "source": "derived_from_vehicle_network",
        "confidence": 0.35,
        "derived": true,
        "authoritative": false
      },
      "geometry": {
        "type": "LineString",
        "coordinates": [
          [
            192.097,
            -263.4
          ],
          [
            194.53,
            -227.633
          ]
        ]
      }
    },
    {
      "type": "Feature",
      "id": "EDGE_0218_walk",
      "properties": {
        "id": "EDGE_0218_walk",
        "feature_type": "edge",
        "kind": "crosswalk",
        "legacy_kind": "crosswalk",
        "allowed_types": [
          "person",
          "scooter"
        ],
        "from_node": "ROAD_NODE_045",
        "to_node": "ROAD_NODE_056",
        "bidirectional": true,
        "speed_limit": 10,
        "road_ids": [
          "CW_018",
          "RD_045"
        ],
        "crosswalk_id": "CW_018",
        "source_id": "EDGE_0218_walk",
        "source": "derived_from_vehicle_network",
        "confidence": 0.35,
        "derived": true,
        "authoritative": false
      },
      "geometry": {
        "type": "LineString",
        "coordinates": [
          [
            192.097,
            -263.4
          ],
          [
            194.53,
            -227.633
          ]
        ]
      }
    },
    {
      "type": "Feature",
      "id": "EDGE_0219_vehicle",
      "properties": {
        "id": "EDGE_0219_vehicle",
        "feature_type": "edge",
        "kind": "allowed_road",
        "legacy_kind": "road",
        "allowed_types": [
          "car",
          "scooter"
        ],
        "from_node": "ROAD_NODE_046",
        "to_node": "ROAD_NODE_047",
        "bidirectional": true,
        "speed_limit": 25,
        "road_ids": [
          "RD_049",
          "RD_053"
        ],
        "crosswalk_id": null,
        "source_id": "EDGE_0219_vehicle",
        "source": "derived_from_vehicle_network",
        "confidence": 0.35,
        "derived": true,
        "authoritative": false
      },
      "geometry": {
        "type": "LineString",
        "coordinates": [
          [
            162.967,
            -271.476
          ],
          [
            155.649,
            -292.496
          ]
        ]
      }
    },
    {
      "type": "Feature",
      "id": "EDGE_0220_walk",
      "properties": {
        "id": "EDGE_0220_walk",
        "feature_type": "edge",
        "kind": "shared_path",
        "legacy_kind": "shared_path_derived",
        "allowed_types": [
          "person",
          "scooter"
        ],
        "from_node": "ROAD_NODE_046",
        "to_node": "ROAD_NODE_047",
        "bidirectional": true,
        "speed_limit": 12,
        "road_ids": [
          "RD_049",
          "RD_053"
        ],
        "crosswalk_id": null,
        "source_id": "EDGE_0220_walk",
        "source": "derived_from_vehicle_network",
        "confidence": 0.2,
        "derived": true,
        "authoritative": false
      },
      "geometry": {
        "type": "LineString",
        "coordinates": [
          [
            162.967,
            -271.476
          ],
          [
            155.649,
            -292.496
          ]
        ]
      }
    },
    {
      "type": "Feature",
      "id": "EDGE_0221_vehicle",
      "properties": {
        "id": "EDGE_0221_vehicle",
        "feature_type": "edge",
        "kind": "allowed_road",
        "legacy_kind": "road",
        "allowed_types": [
          "car",
          "scooter"
        ],
        "from_node": "ROAD_NODE_046",
        "to_node": "ROAD_NODE_048",
        "bidirectional": true,
        "speed_limit": 25,
        "road_ids": [
          "RD_049",
          "RD_052"
        ],
        "crosswalk_id": null,
        "source_id": "EDGE_0221_vehicle",
        "source": "derived_from_vehicle_network",
        "confidence": 0.35,
        "derived": true,
        "authoritative": false
      },
      "geometry": {
        "type": "LineString",
        "coordinates": [
          [
            162.967,
            -271.476
          ],
          [
            130.881,
            -307.947
          ]
        ]
      }
    },
    {
      "type": "Feature",
      "id": "EDGE_0222_walk",
      "properties": {
        "id": "EDGE_0222_walk",
        "feature_type": "edge",
        "kind": "shared_path",
        "legacy_kind": "shared_path_derived",
        "allowed_types": [
          "person",
          "scooter"
        ],
        "from_node": "ROAD_NODE_046",
        "to_node": "ROAD_NODE_048",
        "bidirectional": true,
        "speed_limit": 12,
        "road_ids": [
          "RD_049",
          "RD_052"
        ],
        "crosswalk_id": null,
        "source_id": "EDGE_0222_walk",
        "source": "derived_from_vehicle_network",
        "confidence": 0.2,
        "derived": true,
        "authoritative": false
      },
      "geometry": {
        "type": "LineString",
        "coordinates": [
          [
            162.967,
            -271.476
          ],
          [
            130.881,
            -307.947
          ]
        ]
      }
    },
    {
      "type": "Feature",
      "id": "EDGE_0223_vehicle",
      "properties": {
        "id": "EDGE_0223_vehicle",
        "feature_type": "edge",
        "kind": "allowed_road",
        "legacy_kind": "road",
        "allowed_types": [
          "car",
          "scooter"
        ],
        "from_node": "ROAD_NODE_046",
        "to_node": "ROAD_NODE_056",
        "bidirectional": true,
        "speed_limit": 25,
        "road_ids": [
          "RD_049",
          "RD_045"
        ],
        "crosswalk_id": null,
        "source_id": "EDGE_0223_vehicle",
        "source": "derived_from_vehicle_network",
        "confidence": 0.35,
        "derived": true,
        "authoritative": false
      },
      "geometry": {
        "type": "LineString",
        "coordinates": [
          [
            162.967,
            -271.476
          ],
          [
            194.53,
            -227.633
          ]
        ]
      }
    },
    {
      "type": "Feature",
      "id": "EDGE_0224_walk",
      "properties": {
        "id": "EDGE_0224_walk",
        "feature_type": "edge",
        "kind": "shared_path",
        "legacy_kind": "shared_path_derived",
        "allowed_types": [
          "person",
          "scooter"
        ],
        "from_node": "ROAD_NODE_046",
        "to_node": "ROAD_NODE_056",
        "bidirectional": true,
        "speed_limit": 12,
        "road_ids": [
          "RD_049",
          "RD_045"
        ],
        "crosswalk_id": null,
        "source_id": "EDGE_0224_walk",
        "source": "derived_from_vehicle_network",
        "confidence": 0.2,
        "derived": true,
        "authoritative": false
      },
      "geometry": {
        "type": "LineString",
        "coordinates": [
          [
            162.967,
            -271.476
          ],
          [
            194.53,
            -227.633
          ]
        ]
      }
    },
    {
      "type": "Feature",
      "id": "EDGE_0225_vehicle",
      "properties": {
        "id": "EDGE_0225_vehicle",
        "feature_type": "edge",
        "kind": "allowed_road",
        "legacy_kind": "road",
        "allowed_types": [
          "car",
          "scooter"
        ],
        "from_node": "ROAD_NODE_047",
        "to_node": "ROAD_NODE_048",
        "bidirectional": true,
        "speed_limit": 25,
        "road_ids": [
          "RD_053",
          "RD_052"
        ],
        "crosswalk_id": null,
        "source_id": "EDGE_0225_vehicle",
        "source": "derived_from_vehicle_network",
        "confidence": 0.35,
        "derived": true,
        "authoritative": false
      },
      "geometry": {
        "type": "LineString",
        "coordinates": [
          [
            155.649,
            -292.496
          ],
          [
            130.881,
            -307.947
          ]
        ]
      }
    },
    {
      "type": "Feature",
      "id": "EDGE_0226_walk",
      "properties": {
        "id": "EDGE_0226_walk",
        "feature_type": "edge",
        "kind": "shared_path",
        "legacy_kind": "shared_path_derived",
        "allowed_types": [
          "person",
          "scooter"
        ],
        "from_node": "ROAD_NODE_047",
        "to_node": "ROAD_NODE_048",
        "bidirectional": true,
        "speed_limit": 12,
        "road_ids": [
          "RD_053",
          "RD_052"
        ],
        "crosswalk_id": null,
        "source_id": "EDGE_0226_walk",
        "source": "derived_from_vehicle_network",
        "confidence": 0.2,
        "derived": true,
        "authoritative": false
      },
      "geometry": {
        "type": "LineString",
        "coordinates": [
          [
            155.649,
            -292.496
          ],
          [
            130.881,
            -307.947
          ]
        ]
      }
    },
    {
      "type": "Feature",
      "id": "EDGE_0227_vehicle",
      "properties": {
        "id": "EDGE_0227_vehicle",
        "feature_type": "edge",
        "kind": "allowed_road",
        "legacy_kind": "crosswalk",
        "allowed_types": [
          "car",
          "scooter"
        ],
        "from_node": "ROAD_NODE_049",
        "to_node": "ROAD_NODE_074",
        "bidirectional": true,
        "speed_limit": 10,
        "road_ids": [
          "RD_092",
          "CW_017"
        ],
        "crosswalk_id": "CW_017",
        "source_id": "EDGE_0227_vehicle",
        "source": "derived_from_vehicle_network",
        "confidence": 0.35,
        "derived": true,
        "authoritative": false
      },
      "geometry": {
        "type": "LineString",
        "coordinates": [
          [
            93.405,
            -250.161
          ],
          [
            108.79,
            -211.774
          ]
        ]
      }
    },
    {
      "type": "Feature",
      "id": "EDGE_0228_walk",
      "properties": {
        "id": "EDGE_0228_walk",
        "feature_type": "edge",
        "kind": "crosswalk",
        "legacy_kind": "crosswalk",
        "allowed_types": [
          "person",
          "scooter"
        ],
        "from_node": "ROAD_NODE_049",
        "to_node": "ROAD_NODE_074",
        "bidirectional": true,
        "speed_limit": 10,
        "road_ids": [
          "RD_092",
          "CW_017"
        ],
        "crosswalk_id": "CW_017",
        "source_id": "EDGE_0228_walk",
        "source": "derived_from_vehicle_network",
        "confidence": 0.35,
        "derived": true,
        "authoritative": false
      },
      "geometry": {
        "type": "LineString",
        "coordinates": [
          [
            93.405,
            -250.161
          ],
          [
            108.79,
            -211.774
          ]
        ]
      }
    },
    {
      "type": "Feature",
      "id": "EDGE_0229_vehicle",
      "properties": {
        "id": "EDGE_0229_vehicle",
        "feature_type": "edge",
        "kind": "allowed_road",
        "legacy_kind": "road",
        "allowed_types": [
          "car",
          "scooter"
        ],
        "from_node": "ROAD_NODE_049",
        "to_node": "ROAD_NODE_075",
        "bidirectional": true,
        "speed_limit": 25,
        "road_ids": [
          "RD_092",
          "RD_042"
        ],
        "crosswalk_id": null,
        "source_id": "EDGE_0229_vehicle",
        "source": "derived_from_vehicle_network",
        "confidence": 0.35,
        "derived": true,
        "authoritative": false
      },
      "geometry": {
        "type": "LineString",
        "coordinates": [
          [
            93.405,
            -250.161
          ],
          [
            73.222,
            -207.506
          ]
        ]
      }
    },
    {
      "type": "Feature",
      "id": "EDGE_0230_walk",
      "properties": {
        "id": "EDGE_0230_walk",
        "feature_type": "edge",
        "kind": "shared_path",
        "legacy_kind": "shared_path_derived",
        "allowed_types": [
          "person",
          "scooter"
        ],
        "from_node": "ROAD_NODE_049",
        "to_node": "ROAD_NODE_075",
        "bidirectional": true,
        "speed_limit": 12,
        "road_ids": [
          "RD_092",
          "RD_042"
        ],
        "crosswalk_id": null,
        "source_id": "EDGE_0230_walk",
        "source": "derived_from_vehicle_network",
        "confidence": 0.2,
        "derived": true,
        "authoritative": false
      },
      "geometry": {
        "type": "LineString",
        "coordinates": [
          [
            93.405,
            -250.161
          ],
          [
            73.222,
            -207.506
          ]
        ]
      }
    },
    {
      "type": "Feature",
      "id": "EDGE_0231_vehicle",
      "properties": {
        "id": "EDGE_0231_vehicle",
        "feature_type": "edge",
        "kind": "allowed_road",
        "legacy_kind": "road",
        "allowed_types": [
          "car",
          "scooter"
        ],
        "from_node": "ROAD_NODE_050",
        "to_node": "ROAD_NODE_051",
        "bidirectional": true,
        "speed_limit": 25,
        "road_ids": [
          "RD_043",
          "RD_044"
        ],
        "crosswalk_id": null,
        "source_id": "EDGE_0231_vehicle",
        "source": "derived_from_vehicle_network",
        "confidence": 0.35,
        "derived": true,
        "authoritative": false
      },
      "geometry": {
        "type": "LineString",
        "coordinates": [
          [
            175.341,
            -136.608
          ],
          [
            180.803,
            -172.834
          ]
        ]
      }
    },
    {
      "type": "Feature",
      "id": "EDGE_0232_walk",
      "properties": {
        "id": "EDGE_0232_walk",
        "feature_type": "edge",
        "kind": "shared_path",
        "legacy_kind": "shared_path_derived",
        "allowed_types": [
          "person",
          "scooter"
        ],
        "from_node": "ROAD_NODE_050",
        "to_node": "ROAD_NODE_051",
        "bidirectional": true,
        "speed_limit": 12,
        "road_ids": [
          "RD_043",
          "RD_044"
        ],
        "crosswalk_id": null,
        "source_id": "EDGE_0232_walk",
        "source": "derived_from_vehicle_network",
        "confidence": 0.2,
        "derived": true,
        "authoritative": false
      },
      "geometry": {
        "type": "LineString",
        "coordinates": [
          [
            175.341,
            -136.608
          ],
          [
            180.803,
            -172.834
          ]
        ]
      }
    },
    {
      "type": "Feature",
      "id": "EDGE_0233_vehicle",
      "properties": {
        "id": "EDGE_0233_vehicle",
        "feature_type": "edge",
        "kind": "allowed_road",
        "legacy_kind": "road",
        "allowed_types": [
          "car",
          "scooter"
        ],
        "from_node": "ROAD_NODE_050",
        "to_node": "ROAD_NODE_053",
        "bidirectional": true,
        "speed_limit": 25,
        "road_ids": [
          "RD_043",
          "RD_039"
        ],
        "crosswalk_id": null,
        "source_id": "EDGE_0233_vehicle",
        "source": "derived_from_vehicle_network",
        "confidence": 0.35,
        "derived": true,
        "authoritative": false
      },
      "geometry": {
        "type": "LineString",
        "coordinates": [
          [
            175.341,
            -136.608
          ],
          [
            208.897,
            -128.707
          ]
        ]
      }
    },
    {
      "type": "Feature",
      "id": "EDGE_0234_walk",
      "properties": {
        "id": "EDGE_0234_walk",
        "feature_type": "edge",
        "kind": "shared_path",
        "legacy_kind": "shared_path_derived",
        "allowed_types": [
          "person",
          "scooter"
        ],
        "from_node": "ROAD_NODE_050",
        "to_node": "ROAD_NODE_053",
        "bidirectional": true,
        "speed_limit": 12,
        "road_ids": [
          "RD_043",
          "RD_039"
        ],
        "crosswalk_id": null,
        "source_id": "EDGE_0234_walk",
        "source": "derived_from_vehicle_network",
        "confidence": 0.2,
        "derived": true,
        "authoritative": false
      },
      "geometry": {
        "type": "LineString",
        "coordinates": [
          [
            175.341,
            -136.608
          ],
          [
            208.897,
            -128.707
          ]
        ]
      }
    },
    {
      "type": "Feature",
      "id": "EDGE_0235_vehicle",
      "properties": {
        "id": "EDGE_0235_vehicle",
        "feature_type": "edge",
        "kind": "allowed_road",
        "legacy_kind": "crosswalk",
        "allowed_types": [
          "car",
          "scooter"
        ],
        "from_node": "ROAD_NODE_050",
        "to_node": "ROAD_NODE_055",
        "bidirectional": true,
        "speed_limit": 10,
        "road_ids": [
          "RD_043",
          "CW_023"
        ],
        "crosswalk_id": "CW_023",
        "source_id": "EDGE_0235_vehicle",
        "source": "derived_from_vehicle_network",
        "confidence": 0.35,
        "derived": true,
        "authoritative": false
      },
      "geometry": {
        "type": "LineString",
        "coordinates": [
          [
            175.341,
            -136.608
          ],
          [
            210.454,
            -103.42
          ]
        ]
      }
    },
    {
      "type": "Feature",
      "id": "EDGE_0236_walk",
      "properties": {
        "id": "EDGE_0236_walk",
        "feature_type": "edge",
        "kind": "crosswalk",
        "legacy_kind": "crosswalk",
        "allowed_types": [
          "person",
          "scooter"
        ],
        "from_node": "ROAD_NODE_050",
        "to_node": "ROAD_NODE_055",
        "bidirectional": true,
        "speed_limit": 10,
        "road_ids": [
          "RD_043",
          "CW_023"
        ],
        "crosswalk_id": "CW_023",
        "source_id": "EDGE_0236_walk",
        "source": "derived_from_vehicle_network",
        "confidence": 0.35,
        "derived": true,
        "authoritative": false
      },
      "geometry": {
        "type": "LineString",
        "coordinates": [
          [
            175.341,
            -136.608
          ],
          [
            210.454,
            -103.42
          ]
        ]
      }
    },
    {
      "type": "Feature",
      "id": "EDGE_0237_vehicle",
      "properties": {
        "id": "EDGE_0237_vehicle",
        "feature_type": "edge",
        "kind": "allowed_road",
        "legacy_kind": "road",
        "allowed_types": [
          "car",
          "scooter"
        ],
        "from_node": "ROAD_NODE_051",
        "to_node": "ROAD_NODE_054",
        "bidirectional": true,
        "speed_limit": 25,
        "road_ids": [
          "RD_044"
        ],
        "crosswalk_id": null,
        "source_id": "EDGE_0237_vehicle",
        "source": "derived_from_vehicle_network",
        "confidence": 0.35,
        "derived": true,
        "authoritative": false
      },
      "geometry": {
        "type": "LineString",
        "coordinates": [
          [
            180.803,
            -172.834
          ],
          [
            221.487,
            -151.334
          ]
        ]
      }
    },
    {
      "type": "Feature",
      "id": "EDGE_0238_walk",
      "properties": {
        "id": "EDGE_0238_walk",
        "feature_type": "edge",
        "kind": "shared_path",
        "legacy_kind": "shared_path_derived",
        "allowed_types": [
          "person",
          "scooter"
        ],
        "from_node": "ROAD_NODE_051",
        "to_node": "ROAD_NODE_054",
        "bidirectional": true,
        "speed_limit": 12,
        "road_ids": [
          "RD_044"
        ],
        "crosswalk_id": null,
        "source_id": "EDGE_0238_walk",
        "source": "derived_from_vehicle_network",
        "confidence": 0.2,
        "derived": true,
        "authoritative": false
      },
      "geometry": {
        "type": "LineString",
        "coordinates": [
          [
            180.803,
            -172.834
          ],
          [
            221.487,
            -151.334
          ]
        ]
      }
    },
    {
      "type": "Feature",
      "id": "EDGE_0239_vehicle",
      "properties": {
        "id": "EDGE_0239_vehicle",
        "feature_type": "edge",
        "kind": "allowed_road",
        "legacy_kind": "road",
        "allowed_types": [
          "car",
          "scooter"
        ],
        "from_node": "ROAD_NODE_051",
        "to_node": "ROAD_NODE_057",
        "bidirectional": true,
        "speed_limit": 25,
        "road_ids": [
          "RD_044"
        ],
        "crosswalk_id": null,
        "source_id": "EDGE_0239_vehicle",
        "source": "derived_from_vehicle_network",
        "confidence": 0.35,
        "derived": true,
        "authoritative": false
      },
      "geometry": {
        "type": "LineString",
        "coordinates": [
          [
            180.803,
            -172.834
          ],
          [
            206.118,
            -174.264
          ]
        ]
      }
    },
    {
      "type": "Feature",
      "id": "EDGE_0240_walk",
      "properties": {
        "id": "EDGE_0240_walk",
        "feature_type": "edge",
        "kind": "shared_path",
        "legacy_kind": "shared_path_derived",
        "allowed_types": [
          "person",
          "scooter"
        ],
        "from_node": "ROAD_NODE_051",
        "to_node": "ROAD_NODE_057",
        "bidirectional": true,
        "speed_limit": 12,
        "road_ids": [
          "RD_044"
        ],
        "crosswalk_id": null,
        "source_id": "EDGE_0240_walk",
        "source": "derived_from_vehicle_network",
        "confidence": 0.2,
        "derived": true,
        "authoritative": false
      },
      "geometry": {
        "type": "LineString",
        "coordinates": [
          [
            180.803,
            -172.834
          ],
          [
            206.118,
            -174.264
          ]
        ]
      }
    },
    {
      "type": "Feature",
      "id": "EDGE_0241_vehicle",
      "properties": {
        "id": "EDGE_0241_vehicle",
        "feature_type": "edge",
        "kind": "allowed_road",
        "legacy_kind": "road",
        "allowed_types": [
          "car",
          "scooter"
        ],
        "from_node": "ROAD_NODE_052",
        "to_node": "ROAD_NODE_053",
        "bidirectional": true,
        "speed_limit": 25,
        "road_ids": [
          "RD_078",
          "RD_039"
        ],
        "crosswalk_id": null,
        "source_id": "EDGE_0241_vehicle",
        "source": "derived_from_vehicle_network",
        "confidence": 0.35,
        "derived": true,
        "authoritative": false
      },
      "geometry": {
        "type": "LineString",
        "coordinates": [
          [
            228.441,
            -63.778
          ],
          [
            208.897,
            -128.707
          ]
        ]
      }
    },
    {
      "type": "Feature",
      "id": "EDGE_0242_walk",
      "properties": {
        "id": "EDGE_0242_walk",
        "feature_type": "edge",
        "kind": "shared_path",
        "legacy_kind": "shared_path_derived",
        "allowed_types": [
          "person",
          "scooter"
        ],
        "from_node": "ROAD_NODE_052",
        "to_node": "ROAD_NODE_053",
        "bidirectional": true,
        "speed_limit": 12,
        "road_ids": [
          "RD_078",
          "RD_039"
        ],
        "crosswalk_id": null,
        "source_id": "EDGE_0242_walk",
        "source": "derived_from_vehicle_network",
        "confidence": 0.2,
        "derived": true,
        "authoritative": false
      },
      "geometry": {
        "type": "LineString",
        "coordinates": [
          [
            228.441,
            -63.778
          ],
          [
            208.897,
            -128.707
          ]
        ]
      }
    },
    {
      "type": "Feature",
      "id": "EDGE_0243_vehicle",
      "properties": {
        "id": "EDGE_0243_vehicle",
        "feature_type": "edge",
        "kind": "allowed_road",
        "legacy_kind": "crosswalk",
        "allowed_types": [
          "car",
          "scooter"
        ],
        "from_node": "ROAD_NODE_052",
        "to_node": "ROAD_NODE_055",
        "bidirectional": true,
        "speed_limit": 10,
        "road_ids": [
          "RD_078",
          "CW_023"
        ],
        "crosswalk_id": "CW_023",
        "source_id": "EDGE_0243_vehicle",
        "source": "derived_from_vehicle_network",
        "confidence": 0.35,
        "derived": true,
        "authoritative": false
      },
      "geometry": {
        "type": "LineString",
        "coordinates": [
          [
            228.441,
            -63.778
          ],
          [
            210.454,
            -103.42
          ]
        ]
      }
    },
    {
      "type": "Feature",
      "id": "EDGE_0244_walk",
      "properties": {
        "id": "EDGE_0244_walk",
        "feature_type": "edge",
        "kind": "crosswalk",
        "legacy_kind": "crosswalk",
        "allowed_types": [
          "person",
          "scooter"
        ],
        "from_node": "ROAD_NODE_052",
        "to_node": "ROAD_NODE_055",
        "bidirectional": true,
        "speed_limit": 10,
        "road_ids": [
          "RD_078",
          "CW_023"
        ],
        "crosswalk_id": "CW_023",
        "source_id": "EDGE_0244_walk",
        "source": "derived_from_vehicle_network",
        "confidence": 0.35,
        "derived": true,
        "authoritative": false
      },
      "geometry": {
        "type": "LineString",
        "coordinates": [
          [
            228.441,
            -63.778
          ],
          [
            210.454,
            -103.42
          ]
        ]
      }
    },
    {
      "type": "Feature",
      "id": "EDGE_0245_vehicle",
      "properties": {
        "id": "EDGE_0245_vehicle",
        "feature_type": "edge",
        "kind": "allowed_road",
        "legacy_kind": "road",
        "allowed_types": [
          "car",
          "scooter"
        ],
        "from_node": "ROAD_NODE_053",
        "to_node": "ROAD_NODE_054",
        "bidirectional": true,
        "speed_limit": 25,
        "road_ids": [
          "RD_039"
        ],
        "crosswalk_id": null,
        "source_id": "EDGE_0245_vehicle",
        "source": "derived_from_vehicle_network",
        "confidence": 0.35,
        "derived": true,
        "authoritative": false
      },
      "geometry": {
        "type": "LineString",
        "coordinates": [
          [
            208.897,
            -128.707
          ],
          [
            221.487,
            -151.334
          ]
        ]
      }
    },
    {
      "type": "Feature",
      "id": "EDGE_0246_walk",
      "properties": {
        "id": "EDGE_0246_walk",
        "feature_type": "edge",
        "kind": "shared_path",
        "legacy_kind": "shared_path_derived",
        "allowed_types": [
          "person",
          "scooter"
        ],
        "from_node": "ROAD_NODE_053",
        "to_node": "ROAD_NODE_054",
        "bidirectional": true,
        "speed_limit": 12,
        "road_ids": [
          "RD_039"
        ],
        "crosswalk_id": null,
        "source_id": "EDGE_0246_walk",
        "source": "derived_from_vehicle_network",
        "confidence": 0.2,
        "derived": true,
        "authoritative": false
      },
      "geometry": {
        "type": "LineString",
        "coordinates": [
          [
            208.897,
            -128.707
          ],
          [
            221.487,
            -151.334
          ]
        ]
      }
    },
    {
      "type": "Feature",
      "id": "EDGE_0247_vehicle",
      "properties": {
        "id": "EDGE_0247_vehicle",
        "feature_type": "edge",
        "kind": "allowed_road",
        "legacy_kind": "crosswalk",
        "allowed_types": [
          "car",
          "scooter"
        ],
        "from_node": "ROAD_NODE_053",
        "to_node": "ROAD_NODE_055",
        "bidirectional": true,
        "speed_limit": 10,
        "road_ids": [
          "RD_039",
          "CW_023"
        ],
        "crosswalk_id": "CW_023",
        "source_id": "EDGE_0247_vehicle",
        "source": "derived_from_vehicle_network",
        "confidence": 0.35,
        "derived": true,
        "authoritative": false
      },
      "geometry": {
        "type": "LineString",
        "coordinates": [
          [
            208.897,
            -128.707
          ],
          [
            210.454,
            -103.42
          ]
        ]
      }
    },
    {
      "type": "Feature",
      "id": "EDGE_0248_walk",
      "properties": {
        "id": "EDGE_0248_walk",
        "feature_type": "edge",
        "kind": "crosswalk",
        "legacy_kind": "crosswalk",
        "allowed_types": [
          "person",
          "scooter"
        ],
        "from_node": "ROAD_NODE_053",
        "to_node": "ROAD_NODE_055",
        "bidirectional": true,
        "speed_limit": 10,
        "road_ids": [
          "RD_039",
          "CW_023"
        ],
        "crosswalk_id": "CW_023",
        "source_id": "EDGE_0248_walk",
        "source": "derived_from_vehicle_network",
        "confidence": 0.35,
        "derived": true,
        "authoritative": false
      },
      "geometry": {
        "type": "LineString",
        "coordinates": [
          [
            208.897,
            -128.707
          ],
          [
            210.454,
            -103.42
          ]
        ]
      }
    },
    {
      "type": "Feature",
      "id": "EDGE_0249_vehicle",
      "properties": {
        "id": "EDGE_0249_vehicle",
        "feature_type": "edge",
        "kind": "allowed_road",
        "legacy_kind": "road",
        "allowed_types": [
          "car",
          "scooter"
        ],
        "from_node": "ROAD_NODE_053",
        "to_node": "ROAD_NODE_057",
        "bidirectional": true,
        "speed_limit": 25,
        "road_ids": [
          "RD_039"
        ],
        "crosswalk_id": null,
        "source_id": "EDGE_0249_vehicle",
        "source": "derived_from_vehicle_network",
        "confidence": 0.35,
        "derived": true,
        "authoritative": false
      },
      "geometry": {
        "type": "LineString",
        "coordinates": [
          [
            208.897,
            -128.707
          ],
          [
            206.118,
            -174.264
          ]
        ]
      }
    },
    {
      "type": "Feature",
      "id": "EDGE_0250_walk",
      "properties": {
        "id": "EDGE_0250_walk",
        "feature_type": "edge",
        "kind": "shared_path",
        "legacy_kind": "shared_path_derived",
        "allowed_types": [
          "person",
          "scooter"
        ],
        "from_node": "ROAD_NODE_053",
        "to_node": "ROAD_NODE_057",
        "bidirectional": true,
        "speed_limit": 12,
        "road_ids": [
          "RD_039"
        ],
        "crosswalk_id": null,
        "source_id": "EDGE_0250_walk",
        "source": "derived_from_vehicle_network",
        "confidence": 0.2,
        "derived": true,
        "authoritative": false
      },
      "geometry": {
        "type": "LineString",
        "coordinates": [
          [
            208.897,
            -128.707
          ],
          [
            206.118,
            -174.264
          ]
        ]
      }
    },
    {
      "type": "Feature",
      "id": "EDGE_0251_vehicle",
      "properties": {
        "id": "EDGE_0251_vehicle",
        "feature_type": "edge",
        "kind": "allowed_road",
        "legacy_kind": "road",
        "allowed_types": [
          "car",
          "scooter"
        ],
        "from_node": "ROAD_NODE_054",
        "to_node": "ROAD_NODE_057",
        "bidirectional": true,
        "speed_limit": 25,
        "road_ids": [],
        "crosswalk_id": null,
        "source_id": "EDGE_0251_vehicle",
        "source": "derived_from_vehicle_network",
        "confidence": 0.35,
        "derived": true,
        "authoritative": false
      },
      "geometry": {
        "type": "LineString",
        "coordinates": [
          [
            221.487,
            -151.334
          ],
          [
            206.118,
            -174.264
          ]
        ]
      }
    },
    {
      "type": "Feature",
      "id": "EDGE_0252_walk",
      "properties": {
        "id": "EDGE_0252_walk",
        "feature_type": "edge",
        "kind": "shared_path",
        "legacy_kind": "shared_path_derived",
        "allowed_types": [
          "person",
          "scooter"
        ],
        "from_node": "ROAD_NODE_054",
        "to_node": "ROAD_NODE_057",
        "bidirectional": true,
        "speed_limit": 12,
        "road_ids": [],
        "crosswalk_id": null,
        "source_id": "EDGE_0252_walk",
        "source": "derived_from_vehicle_network",
        "confidence": 0.2,
        "derived": true,
        "authoritative": false
      },
      "geometry": {
        "type": "LineString",
        "coordinates": [
          [
            221.487,
            -151.334
          ],
          [
            206.118,
            -174.264
          ]
        ]
      }
    },
    {
      "type": "Feature",
      "id": "EDGE_0253_vehicle",
      "properties": {
        "id": "EDGE_0253_vehicle",
        "feature_type": "edge",
        "kind": "allowed_road",
        "legacy_kind": "crosswalk",
        "allowed_types": [
          "car",
          "scooter"
        ],
        "from_node": "ROAD_NODE_054",
        "to_node": "ROAD_NODE_088",
        "bidirectional": true,
        "speed_limit": 10,
        "road_ids": [
          "CW_015"
        ],
        "crosswalk_id": "CW_015",
        "source_id": "EDGE_0253_vehicle",
        "source": "derived_from_vehicle_network",
        "confidence": 0.35,
        "derived": true,
        "authoritative": false
      },
      "geometry": {
        "type": "LineString",
        "coordinates": [
          [
            221.487,
            -151.334
          ],
          [
            251.382,
            -162.788
          ]
        ]
      }
    },
    {
      "type": "Feature",
      "id": "EDGE_0254_walk",
      "properties": {
        "id": "EDGE_0254_walk",
        "feature_type": "edge",
        "kind": "crosswalk",
        "legacy_kind": "crosswalk",
        "allowed_types": [
          "person",
          "scooter"
        ],
        "from_node": "ROAD_NODE_054",
        "to_node": "ROAD_NODE_088",
        "bidirectional": true,
        "speed_limit": 10,
        "road_ids": [
          "CW_015"
        ],
        "crosswalk_id": "CW_015",
        "source_id": "EDGE_0254_walk",
        "source": "derived_from_vehicle_network",
        "confidence": 0.35,
        "derived": true,
        "authoritative": false
      },
      "geometry": {
        "type": "LineString",
        "coordinates": [
          [
            221.487,
            -151.334
          ],
          [
            251.382,
            -162.788
          ]
        ]
      }
    },
    {
      "type": "Feature",
      "id": "EDGE_0255_vehicle",
      "properties": {
        "id": "EDGE_0255_vehicle",
        "feature_type": "edge",
        "kind": "allowed_road",
        "legacy_kind": "crosswalk",
        "allowed_types": [
          "car",
          "scooter"
        ],
        "from_node": "ROAD_NODE_057",
        "to_node": "ROAD_NODE_088",
        "bidirectional": true,
        "speed_limit": 10,
        "road_ids": [
          "CW_015"
        ],
        "crosswalk_id": "CW_015",
        "source_id": "EDGE_0255_vehicle",
        "source": "derived_from_vehicle_network",
        "confidence": 0.35,
        "derived": true,
        "authoritative": false
      },
      "geometry": {
        "type": "LineString",
        "coordinates": [
          [
            206.118,
            -174.264
          ],
          [
            251.382,
            -162.788
          ]
        ]
      }
    },
    {
      "type": "Feature",
      "id": "EDGE_0256_walk",
      "properties": {
        "id": "EDGE_0256_walk",
        "feature_type": "edge",
        "kind": "crosswalk",
        "legacy_kind": "crosswalk",
        "allowed_types": [
          "person",
          "scooter"
        ],
        "from_node": "ROAD_NODE_057",
        "to_node": "ROAD_NODE_088",
        "bidirectional": true,
        "speed_limit": 10,
        "road_ids": [
          "CW_015"
        ],
        "crosswalk_id": "CW_015",
        "source_id": "EDGE_0256_walk",
        "source": "derived_from_vehicle_network",
        "confidence": 0.35,
        "derived": true,
        "authoritative": false
      },
      "geometry": {
        "type": "LineString",
        "coordinates": [
          [
            206.118,
            -174.264
          ],
          [
            251.382,
            -162.788
          ]
        ]
      }
    },
    {
      "type": "Feature",
      "id": "EDGE_0257_vehicle",
      "properties": {
        "id": "EDGE_0257_vehicle",
        "feature_type": "edge",
        "kind": "allowed_road",
        "legacy_kind": "crosswalk",
        "allowed_types": [
          "car",
          "scooter"
        ],
        "from_node": "ROAD_NODE_058",
        "to_node": "ROAD_NODE_059",
        "bidirectional": true,
        "speed_limit": 10,
        "road_ids": [
          "CW_003",
          "CW_002"
        ],
        "crosswalk_id": "CW_003",
        "source_id": "EDGE_0257_vehicle",
        "source": "derived_from_vehicle_network",
        "confidence": 0.35,
        "derived": true,
        "authoritative": false
      },
      "geometry": {
        "type": "LineString",
        "coordinates": [
          [
            610.477,
            1.332
          ],
          [
            598.907,
            24.417
          ]
        ]
      }
    },
    {
      "type": "Feature",
      "id": "EDGE_0258_walk",
      "properties": {
        "id": "EDGE_0258_walk",
        "feature_type": "edge",
        "kind": "crosswalk",
        "legacy_kind": "crosswalk",
        "allowed_types": [
          "person",
          "scooter"
        ],
        "from_node": "ROAD_NODE_058",
        "to_node": "ROAD_NODE_059",
        "bidirectional": true,
        "speed_limit": 10,
        "road_ids": [
          "CW_003",
          "CW_002"
        ],
        "crosswalk_id": "CW_003",
        "source_id": "EDGE_0258_walk",
        "source": "derived_from_vehicle_network",
        "confidence": 0.35,
        "derived": true,
        "authoritative": false
      },
      "geometry": {
        "type": "LineString",
        "coordinates": [
          [
            610.477,
            1.332
          ],
          [
            598.907,
            24.417
          ]
        ]
      }
    },
    {
      "type": "Feature",
      "id": "EDGE_0259_vehicle",
      "properties": {
        "id": "EDGE_0259_vehicle",
        "feature_type": "edge",
        "kind": "allowed_road",
        "legacy_kind": "crosswalk",
        "allowed_types": [
          "car",
          "scooter"
        ],
        "from_node": "ROAD_NODE_058",
        "to_node": "ROAD_NODE_061",
        "bidirectional": true,
        "speed_limit": 10,
        "road_ids": [
          "CW_003",
          "RD_006"
        ],
        "crosswalk_id": "CW_003",
        "source_id": "EDGE_0259_vehicle",
        "source": "derived_from_vehicle_network",
        "confidence": 0.35,
        "derived": true,
        "authoritative": false
      },
      "geometry": {
        "type": "LineString",
        "coordinates": [
          [
            610.477,
            1.332
          ],
          [
            578.546,
            24.422
          ]
        ]
      }
    },
    {
      "type": "Feature",
      "id": "EDGE_0260_walk",
      "properties": {
        "id": "EDGE_0260_walk",
        "feature_type": "edge",
        "kind": "crosswalk",
        "legacy_kind": "crosswalk",
        "allowed_types": [
          "person",
          "scooter"
        ],
        "from_node": "ROAD_NODE_058",
        "to_node": "ROAD_NODE_061",
        "bidirectional": true,
        "speed_limit": 10,
        "road_ids": [
          "CW_003",
          "RD_006"
        ],
        "crosswalk_id": "CW_003",
        "source_id": "EDGE_0260_walk",
        "source": "derived_from_vehicle_network",
        "confidence": 0.35,
        "derived": true,
        "authoritative": false
      },
      "geometry": {
        "type": "LineString",
        "coordinates": [
          [
            610.477,
            1.332
          ],
          [
            578.546,
            24.422
          ]
        ]
      }
    },
    {
      "type": "Feature",
      "id": "EDGE_0261_vehicle",
      "properties": {
        "id": "EDGE_0261_vehicle",
        "feature_type": "edge",
        "kind": "allowed_road",
        "legacy_kind": "crosswalk",
        "allowed_types": [
          "car",
          "scooter"
        ],
        "from_node": "ROAD_NODE_059",
        "to_node": "ROAD_NODE_060",
        "bidirectional": true,
        "speed_limit": 10,
        "road_ids": [
          "CW_002",
          "CW_001"
        ],
        "crosswalk_id": "CW_002",
        "source_id": "EDGE_0261_vehicle",
        "source": "derived_from_vehicle_network",
        "confidence": 0.35,
        "derived": true,
        "authoritative": false
      },
      "geometry": {
        "type": "LineString",
        "coordinates": [
          [
            598.907,
            24.417
          ],
          [
            549.067,
            50.087
          ]
        ]
      }
    },
    {
      "type": "Feature",
      "id": "EDGE_0262_walk",
      "properties": {
        "id": "EDGE_0262_walk",
        "feature_type": "edge",
        "kind": "crosswalk",
        "legacy_kind": "crosswalk",
        "allowed_types": [
          "person",
          "scooter"
        ],
        "from_node": "ROAD_NODE_059",
        "to_node": "ROAD_NODE_060",
        "bidirectional": true,
        "speed_limit": 10,
        "road_ids": [
          "CW_002",
          "CW_001"
        ],
        "crosswalk_id": "CW_002",
        "source_id": "EDGE_0262_walk",
        "source": "derived_from_vehicle_network",
        "confidence": 0.35,
        "derived": true,
        "authoritative": false
      },
      "geometry": {
        "type": "LineString",
        "coordinates": [
          [
            598.907,
            24.417
          ],
          [
            549.067,
            50.087
          ]
        ]
      }
    },
    {
      "type": "Feature",
      "id": "EDGE_0263_vehicle",
      "properties": {
        "id": "EDGE_0263_vehicle",
        "feature_type": "edge",
        "kind": "allowed_road",
        "legacy_kind": "crosswalk",
        "allowed_types": [
          "car",
          "scooter"
        ],
        "from_node": "ROAD_NODE_059",
        "to_node": "ROAD_NODE_061",
        "bidirectional": true,
        "speed_limit": 10,
        "road_ids": [
          "CW_002",
          "RD_006"
        ],
        "crosswalk_id": "CW_002",
        "source_id": "EDGE_0263_vehicle",
        "source": "derived_from_vehicle_network",
        "confidence": 0.35,
        "derived": true,
        "authoritative": false
      },
      "geometry": {
        "type": "LineString",
        "coordinates": [
          [
            598.907,
            24.417
          ],
          [
            578.546,
            24.422
          ]
        ]
      }
    },
    {
      "type": "Feature",
      "id": "EDGE_0264_walk",
      "properties": {
        "id": "EDGE_0264_walk",
        "feature_type": "edge",
        "kind": "crosswalk",
        "legacy_kind": "crosswalk",
        "allowed_types": [
          "person",
          "scooter"
        ],
        "from_node": "ROAD_NODE_059",
        "to_node": "ROAD_NODE_061",
        "bidirectional": true,
        "speed_limit": 10,
        "road_ids": [
          "CW_002",
          "RD_006"
        ],
        "crosswalk_id": "CW_002",
        "source_id": "EDGE_0264_walk",
        "source": "derived_from_vehicle_network",
        "confidence": 0.35,
        "derived": true,
        "authoritative": false
      },
      "geometry": {
        "type": "LineString",
        "coordinates": [
          [
            598.907,
            24.417
          ],
          [
            578.546,
            24.422
          ]
        ]
      }
    },
    {
      "type": "Feature",
      "id": "EDGE_0265_vehicle",
      "properties": {
        "id": "EDGE_0265_vehicle",
        "feature_type": "edge",
        "kind": "allowed_road",
        "legacy_kind": "crosswalk",
        "allowed_types": [
          "car",
          "scooter"
        ],
        "from_node": "ROAD_NODE_060",
        "to_node": "ROAD_NODE_061",
        "bidirectional": true,
        "speed_limit": 10,
        "road_ids": [
          "CW_001",
          "RD_006"
        ],
        "crosswalk_id": "CW_001",
        "source_id": "EDGE_0265_vehicle",
        "source": "derived_from_vehicle_network",
        "confidence": 0.35,
        "derived": true,
        "authoritative": false
      },
      "geometry": {
        "type": "LineString",
        "coordinates": [
          [
            549.067,
            50.087
          ],
          [
            578.546,
            24.422
          ]
        ]
      }
    },
    {
      "type": "Feature",
      "id": "EDGE_0266_walk",
      "properties": {
        "id": "EDGE_0266_walk",
        "feature_type": "edge",
        "kind": "crosswalk",
        "legacy_kind": "crosswalk",
        "allowed_types": [
          "person",
          "scooter"
        ],
        "from_node": "ROAD_NODE_060",
        "to_node": "ROAD_NODE_061",
        "bidirectional": true,
        "speed_limit": 10,
        "road_ids": [
          "CW_001",
          "RD_006"
        ],
        "crosswalk_id": "CW_001",
        "source_id": "EDGE_0266_walk",
        "source": "derived_from_vehicle_network",
        "confidence": 0.35,
        "derived": true,
        "authoritative": false
      },
      "geometry": {
        "type": "LineString",
        "coordinates": [
          [
            549.067,
            50.087
          ],
          [
            578.546,
            24.422
          ]
        ]
      }
    },
    {
      "type": "Feature",
      "id": "EDGE_0267_vehicle",
      "properties": {
        "id": "EDGE_0267_vehicle",
        "feature_type": "edge",
        "kind": "allowed_road",
        "legacy_kind": "crosswalk",
        "allowed_types": [
          "car",
          "scooter"
        ],
        "from_node": "ROAD_NODE_060",
        "to_node": "ROAD_NODE_064",
        "bidirectional": true,
        "speed_limit": 10,
        "road_ids": [
          "CW_001",
          "RD_002"
        ],
        "crosswalk_id": "CW_001",
        "source_id": "EDGE_0267_vehicle",
        "source": "derived_from_vehicle_network",
        "confidence": 0.35,
        "derived": true,
        "authoritative": false
      },
      "geometry": {
        "type": "LineString",
        "coordinates": [
          [
            549.067,
            50.087
          ],
          [
            536.387,
            19.047
          ]
        ]
      }
    },
    {
      "type": "Feature",
      "id": "EDGE_0268_walk",
      "properties": {
        "id": "EDGE_0268_walk",
        "feature_type": "edge",
        "kind": "crosswalk",
        "legacy_kind": "crosswalk",
        "allowed_types": [
          "person",
          "scooter"
        ],
        "from_node": "ROAD_NODE_060",
        "to_node": "ROAD_NODE_064",
        "bidirectional": true,
        "speed_limit": 10,
        "road_ids": [
          "CW_001",
          "RD_002"
        ],
        "crosswalk_id": "CW_001",
        "source_id": "EDGE_0268_walk",
        "source": "derived_from_vehicle_network",
        "confidence": 0.35,
        "derived": true,
        "authoritative": false
      },
      "geometry": {
        "type": "LineString",
        "coordinates": [
          [
            549.067,
            50.087
          ],
          [
            536.387,
            19.047
          ]
        ]
      }
    },
    {
      "type": "Feature",
      "id": "EDGE_0269_vehicle",
      "properties": {
        "id": "EDGE_0269_vehicle",
        "feature_type": "edge",
        "kind": "allowed_road",
        "legacy_kind": "road",
        "allowed_types": [
          "car",
          "scooter"
        ],
        "from_node": "ROAD_NODE_061",
        "to_node": "ROAD_NODE_063",
        "bidirectional": true,
        "speed_limit": 25,
        "road_ids": [
          "RD_006",
          "RD_003"
        ],
        "crosswalk_id": null,
        "source_id": "EDGE_0269_vehicle",
        "source": "derived_from_vehicle_network",
        "confidence": 0.35,
        "derived": true,
        "authoritative": false
      },
      "geometry": {
        "type": "LineString",
        "coordinates": [
          [
            578.546,
            24.422
          ],
          [
            565.976,
            -7.023
          ]
        ]
      }
    },
    {
      "type": "Feature",
      "id": "EDGE_0270_walk",
      "properties": {
        "id": "EDGE_0270_walk",
        "feature_type": "edge",
        "kind": "shared_path",
        "legacy_kind": "shared_path_derived",
        "allowed_types": [
          "person",
          "scooter"
        ],
        "from_node": "ROAD_NODE_061",
        "to_node": "ROAD_NODE_063",
        "bidirectional": true,
        "speed_limit": 12,
        "road_ids": [
          "RD_006",
          "RD_003"
        ],
        "crosswalk_id": null,
        "source_id": "EDGE_0270_walk",
        "source": "derived_from_vehicle_network",
        "confidence": 0.2,
        "derived": true,
        "authoritative": false
      },
      "geometry": {
        "type": "LineString",
        "coordinates": [
          [
            578.546,
            24.422
          ],
          [
            565.976,
            -7.023
          ]
        ]
      }
    },
    {
      "type": "Feature",
      "id": "EDGE_0271_vehicle",
      "properties": {
        "id": "EDGE_0271_vehicle",
        "feature_type": "edge",
        "kind": "allowed_road",
        "legacy_kind": "road",
        "allowed_types": [
          "car",
          "scooter"
        ],
        "from_node": "ROAD_NODE_062",
        "to_node": "ROAD_NODE_063",
        "bidirectional": true,
        "speed_limit": 25,
        "road_ids": [
          "RD_004",
          "RD_003"
        ],
        "crosswalk_id": null,
        "source_id": "EDGE_0271_vehicle",
        "source": "derived_from_vehicle_network",
        "confidence": 0.35,
        "derived": true,
        "authoritative": false
      },
      "geometry": {
        "type": "LineString",
        "coordinates": [
          [
            525.597,
            -18.83
          ],
          [
            565.976,
            -7.023
          ]
        ]
      }
    },
    {
      "type": "Feature",
      "id": "EDGE_0272_walk",
      "properties": {
        "id": "EDGE_0272_walk",
        "feature_type": "edge",
        "kind": "shared_path",
        "legacy_kind": "shared_path_derived",
        "allowed_types": [
          "person",
          "scooter"
        ],
        "from_node": "ROAD_NODE_062",
        "to_node": "ROAD_NODE_063",
        "bidirectional": true,
        "speed_limit": 12,
        "road_ids": [
          "RD_004",
          "RD_003"
        ],
        "crosswalk_id": null,
        "source_id": "EDGE_0272_walk",
        "source": "derived_from_vehicle_network",
        "confidence": 0.2,
        "derived": true,
        "authoritative": false
      },
      "geometry": {
        "type": "LineString",
        "coordinates": [
          [
            525.597,
            -18.83
          ],
          [
            565.976,
            -7.023
          ]
        ]
      }
    },
    {
      "type": "Feature",
      "id": "EDGE_0273_vehicle",
      "properties": {
        "id": "EDGE_0273_vehicle",
        "feature_type": "edge",
        "kind": "allowed_road",
        "legacy_kind": "road",
        "allowed_types": [
          "car",
          "scooter"
        ],
        "from_node": "ROAD_NODE_062",
        "to_node": "ROAD_NODE_064",
        "bidirectional": true,
        "speed_limit": 25,
        "road_ids": [
          "RD_004",
          "RD_002"
        ],
        "crosswalk_id": null,
        "source_id": "EDGE_0273_vehicle",
        "source": "derived_from_vehicle_network",
        "confidence": 0.35,
        "derived": true,
        "authoritative": false
      },
      "geometry": {
        "type": "LineString",
        "coordinates": [
          [
            525.597,
            -18.83
          ],
          [
            536.387,
            19.047
          ]
        ]
      }
    },
    {
      "type": "Feature",
      "id": "EDGE_0274_walk",
      "properties": {
        "id": "EDGE_0274_walk",
        "feature_type": "edge",
        "kind": "shared_path",
        "legacy_kind": "shared_path_derived",
        "allowed_types": [
          "person",
          "scooter"
        ],
        "from_node": "ROAD_NODE_062",
        "to_node": "ROAD_NODE_064",
        "bidirectional": true,
        "speed_limit": 12,
        "road_ids": [
          "RD_004",
          "RD_002"
        ],
        "crosswalk_id": null,
        "source_id": "EDGE_0274_walk",
        "source": "derived_from_vehicle_network",
        "confidence": 0.2,
        "derived": true,
        "authoritative": false
      },
      "geometry": {
        "type": "LineString",
        "coordinates": [
          [
            525.597,
            -18.83
          ],
          [
            536.387,
            19.047
          ]
        ]
      }
    },
    {
      "type": "Feature",
      "id": "EDGE_0275_vehicle",
      "properties": {
        "id": "EDGE_0275_vehicle",
        "feature_type": "edge",
        "kind": "allowed_road",
        "legacy_kind": "road",
        "allowed_types": [
          "car",
          "scooter"
        ],
        "from_node": "ROAD_NODE_062",
        "to_node": "ROAD_NODE_065",
        "bidirectional": true,
        "speed_limit": 25,
        "road_ids": [
          "RD_004",
          "RD_001"
        ],
        "crosswalk_id": null,
        "source_id": "EDGE_0275_vehicle",
        "source": "derived_from_vehicle_network",
        "confidence": 0.35,
        "derived": true,
        "authoritative": false
      },
      "geometry": {
        "type": "LineString",
        "coordinates": [
          [
            525.597,
            -18.83
          ],
          [
            493.659,
            23.231
          ]
        ]
      }
    },
    {
      "type": "Feature",
      "id": "EDGE_0276_walk",
      "properties": {
        "id": "EDGE_0276_walk",
        "feature_type": "edge",
        "kind": "shared_path",
        "legacy_kind": "shared_path_derived",
        "allowed_types": [
          "person",
          "scooter"
        ],
        "from_node": "ROAD_NODE_062",
        "to_node": "ROAD_NODE_065",
        "bidirectional": true,
        "speed_limit": 12,
        "road_ids": [
          "RD_004",
          "RD_001"
        ],
        "crosswalk_id": null,
        "source_id": "EDGE_0276_walk",
        "source": "derived_from_vehicle_network",
        "confidence": 0.2,
        "derived": true,
        "authoritative": false
      },
      "geometry": {
        "type": "LineString",
        "coordinates": [
          [
            525.597,
            -18.83
          ],
          [
            493.659,
            23.231
          ]
        ]
      }
    },
    {
      "type": "Feature",
      "id": "EDGE_0277_vehicle",
      "properties": {
        "id": "EDGE_0277_vehicle",
        "feature_type": "edge",
        "kind": "allowed_road",
        "legacy_kind": "road",
        "allowed_types": [
          "car",
          "scooter"
        ],
        "from_node": "ROAD_NODE_062",
        "to_node": "ROAD_NODE_066",
        "bidirectional": true,
        "speed_limit": 25,
        "road_ids": [
          "RD_004",
          "RD_091"
        ],
        "crosswalk_id": null,
        "source_id": "EDGE_0277_vehicle",
        "source": "derived_from_vehicle_network",
        "confidence": 0.35,
        "derived": true,
        "authoritative": false
      },
      "geometry": {
        "type": "LineString",
        "coordinates": [
          [
            525.597,
            -18.83
          ],
          [
            478.537,
            -48.075
          ]
        ]
      }
    },
    {
      "type": "Feature",
      "id": "EDGE_0278_walk",
      "properties": {
        "id": "EDGE_0278_walk",
        "feature_type": "edge",
        "kind": "shared_path",
        "legacy_kind": "shared_path_derived",
        "allowed_types": [
          "person",
          "scooter"
        ],
        "from_node": "ROAD_NODE_062",
        "to_node": "ROAD_NODE_066",
        "bidirectional": true,
        "speed_limit": 12,
        "road_ids": [
          "RD_004",
          "RD_091"
        ],
        "crosswalk_id": null,
        "source_id": "EDGE_0278_walk",
        "source": "derived_from_vehicle_network",
        "confidence": 0.2,
        "derived": true,
        "authoritative": false
      },
      "geometry": {
        "type": "LineString",
        "coordinates": [
          [
            525.597,
            -18.83
          ],
          [
            478.537,
            -48.075
          ]
        ]
      }
    },
    {
      "type": "Feature",
      "id": "EDGE_0279_vehicle",
      "properties": {
        "id": "EDGE_0279_vehicle",
        "feature_type": "edge",
        "kind": "allowed_road",
        "legacy_kind": "road",
        "allowed_types": [
          "car",
          "scooter"
        ],
        "from_node": "ROAD_NODE_062",
        "to_node": "ROAD_NODE_067",
        "bidirectional": true,
        "speed_limit": 25,
        "road_ids": [
          "RD_004",
          "RD_005"
        ],
        "crosswalk_id": null,
        "source_id": "EDGE_0279_vehicle",
        "source": "derived_from_vehicle_network",
        "confidence": 0.35,
        "derived": true,
        "authoritative": false
      },
      "geometry": {
        "type": "LineString",
        "coordinates": [
          [
            525.597,
            -18.83
          ],
          [
            505.442,
            -33.827
          ]
        ]
      }
    },
    {
      "type": "Feature",
      "id": "EDGE_0280_walk",
      "properties": {
        "id": "EDGE_0280_walk",
        "feature_type": "edge",
        "kind": "shared_path",
        "legacy_kind": "shared_path_derived",
        "allowed_types": [
          "person",
          "scooter"
        ],
        "from_node": "ROAD_NODE_062",
        "to_node": "ROAD_NODE_067",
        "bidirectional": true,
        "speed_limit": 12,
        "road_ids": [
          "RD_004",
          "RD_005"
        ],
        "crosswalk_id": null,
        "source_id": "EDGE_0280_walk",
        "source": "derived_from_vehicle_network",
        "confidence": 0.2,
        "derived": true,
        "authoritative": false
      },
      "geometry": {
        "type": "LineString",
        "coordinates": [
          [
            525.597,
            -18.83
          ],
          [
            505.442,
            -33.827
          ]
        ]
      }
    },
    {
      "type": "Feature",
      "id": "EDGE_0281_vehicle",
      "properties": {
        "id": "EDGE_0281_vehicle",
        "feature_type": "edge",
        "kind": "allowed_road",
        "legacy_kind": "road",
        "allowed_types": [
          "car",
          "scooter"
        ],
        "from_node": "ROAD_NODE_063",
        "to_node": "ROAD_NODE_064",
        "bidirectional": true,
        "speed_limit": 25,
        "road_ids": [
          "RD_003",
          "RD_002"
        ],
        "crosswalk_id": null,
        "source_id": "EDGE_0281_vehicle",
        "source": "derived_from_vehicle_network",
        "confidence": 0.35,
        "derived": true,
        "authoritative": false
      },
      "geometry": {
        "type": "LineString",
        "coordinates": [
          [
            565.976,
            -7.023
          ],
          [
            536.387,
            19.047
          ]
        ]
      }
    },
    {
      "type": "Feature",
      "id": "EDGE_0282_walk",
      "properties": {
        "id": "EDGE_0282_walk",
        "feature_type": "edge",
        "kind": "shared_path",
        "legacy_kind": "shared_path_derived",
        "allowed_types": [
          "person",
          "scooter"
        ],
        "from_node": "ROAD_NODE_063",
        "to_node": "ROAD_NODE_064",
        "bidirectional": true,
        "speed_limit": 12,
        "road_ids": [
          "RD_003",
          "RD_002"
        ],
        "crosswalk_id": null,
        "source_id": "EDGE_0282_walk",
        "source": "derived_from_vehicle_network",
        "confidence": 0.2,
        "derived": true,
        "authoritative": false
      },
      "geometry": {
        "type": "LineString",
        "coordinates": [
          [
            565.976,
            -7.023
          ],
          [
            536.387,
            19.047
          ]
        ]
      }
    },
    {
      "type": "Feature",
      "id": "EDGE_0283_vehicle",
      "properties": {
        "id": "EDGE_0283_vehicle",
        "feature_type": "edge",
        "kind": "allowed_road",
        "legacy_kind": "road",
        "allowed_types": [
          "car",
          "scooter"
        ],
        "from_node": "ROAD_NODE_064",
        "to_node": "ROAD_NODE_065",
        "bidirectional": true,
        "speed_limit": 25,
        "road_ids": [
          "RD_002",
          "RD_001"
        ],
        "crosswalk_id": null,
        "source_id": "EDGE_0283_vehicle",
        "source": "derived_from_vehicle_network",
        "confidence": 0.35,
        "derived": true,
        "authoritative": false
      },
      "geometry": {
        "type": "LineString",
        "coordinates": [
          [
            536.387,
            19.047
          ],
          [
            493.659,
            23.231
          ]
        ]
      }
    },
    {
      "type": "Feature",
      "id": "EDGE_0284_walk",
      "properties": {
        "id": "EDGE_0284_walk",
        "feature_type": "edge",
        "kind": "shared_path",
        "legacy_kind": "shared_path_derived",
        "allowed_types": [
          "person",
          "scooter"
        ],
        "from_node": "ROAD_NODE_064",
        "to_node": "ROAD_NODE_065",
        "bidirectional": true,
        "speed_limit": 12,
        "road_ids": [
          "RD_002",
          "RD_001"
        ],
        "crosswalk_id": null,
        "source_id": "EDGE_0284_walk",
        "source": "derived_from_vehicle_network",
        "confidence": 0.2,
        "derived": true,
        "authoritative": false
      },
      "geometry": {
        "type": "LineString",
        "coordinates": [
          [
            536.387,
            19.047
          ],
          [
            493.659,
            23.231
          ]
        ]
      }
    },
    {
      "type": "Feature",
      "id": "EDGE_0285_vehicle",
      "properties": {
        "id": "EDGE_0285_vehicle",
        "feature_type": "edge",
        "kind": "allowed_road",
        "legacy_kind": "road",
        "allowed_types": [
          "car",
          "scooter"
        ],
        "from_node": "ROAD_NODE_065",
        "to_node": "ROAD_NODE_067",
        "bidirectional": true,
        "speed_limit": 25,
        "road_ids": [
          "RD_001",
          "RD_005"
        ],
        "crosswalk_id": null,
        "source_id": "EDGE_0285_vehicle",
        "source": "derived_from_vehicle_network",
        "confidence": 0.35,
        "derived": true,
        "authoritative": false
      },
      "geometry": {
        "type": "LineString",
        "coordinates": [
          [
            493.659,
            23.231
          ],
          [
            505.442,
            -33.827
          ]
        ]
      }
    },
    {
      "type": "Feature",
      "id": "EDGE_0286_walk",
      "properties": {
        "id": "EDGE_0286_walk",
        "feature_type": "edge",
        "kind": "shared_path",
        "legacy_kind": "shared_path_derived",
        "allowed_types": [
          "person",
          "scooter"
        ],
        "from_node": "ROAD_NODE_065",
        "to_node": "ROAD_NODE_067",
        "bidirectional": true,
        "speed_limit": 12,
        "road_ids": [
          "RD_001",
          "RD_005"
        ],
        "crosswalk_id": null,
        "source_id": "EDGE_0286_walk",
        "source": "derived_from_vehicle_network",
        "confidence": 0.2,
        "derived": true,
        "authoritative": false
      },
      "geometry": {
        "type": "LineString",
        "coordinates": [
          [
            493.659,
            23.231
          ],
          [
            505.442,
            -33.827
          ]
        ]
      }
    },
    {
      "type": "Feature",
      "id": "EDGE_0287_vehicle",
      "properties": {
        "id": "EDGE_0287_vehicle",
        "feature_type": "edge",
        "kind": "allowed_road",
        "legacy_kind": "road",
        "allowed_types": [
          "car",
          "scooter"
        ],
        "from_node": "ROAD_NODE_066",
        "to_node": "ROAD_NODE_067",
        "bidirectional": true,
        "speed_limit": 25,
        "road_ids": [
          "RD_091",
          "RD_005"
        ],
        "crosswalk_id": null,
        "source_id": "EDGE_0287_vehicle",
        "source": "derived_from_vehicle_network",
        "confidence": 0.35,
        "derived": true,
        "authoritative": false
      },
      "geometry": {
        "type": "LineString",
        "coordinates": [
          [
            478.537,
            -48.075
          ],
          [
            505.442,
            -33.827
          ]
        ]
      }
    },
    {
      "type": "Feature",
      "id": "EDGE_0288_walk",
      "properties": {
        "id": "EDGE_0288_walk",
        "feature_type": "edge",
        "kind": "shared_path",
        "legacy_kind": "shared_path_derived",
        "allowed_types": [
          "person",
          "scooter"
        ],
        "from_node": "ROAD_NODE_066",
        "to_node": "ROAD_NODE_067",
        "bidirectional": true,
        "speed_limit": 12,
        "road_ids": [
          "RD_091",
          "RD_005"
        ],
        "crosswalk_id": null,
        "source_id": "EDGE_0288_walk",
        "source": "derived_from_vehicle_network",
        "confidence": 0.2,
        "derived": true,
        "authoritative": false
      },
      "geometry": {
        "type": "LineString",
        "coordinates": [
          [
            478.537,
            -48.075
          ],
          [
            505.442,
            -33.827
          ]
        ]
      }
    },
    {
      "type": "Feature",
      "id": "EDGE_0289_vehicle",
      "properties": {
        "id": "EDGE_0289_vehicle",
        "feature_type": "edge",
        "kind": "allowed_road",
        "legacy_kind": "crosswalk",
        "allowed_types": [
          "car",
          "scooter"
        ],
        "from_node": "ROAD_NODE_066",
        "to_node": "ROAD_NODE_070",
        "bidirectional": true,
        "speed_limit": 10,
        "road_ids": [
          "RD_091",
          "CW_016"
        ],
        "crosswalk_id": "CW_016",
        "source_id": "EDGE_0289_vehicle",
        "source": "derived_from_vehicle_network",
        "confidence": 0.35,
        "derived": true,
        "authoritative": false
      },
      "geometry": {
        "type": "LineString",
        "coordinates": [
          [
            478.537,
            -48.075
          ],
          [
            456.389,
            -108.72
          ]
        ]
      }
    },
    {
      "type": "Feature",
      "id": "EDGE_0290_walk",
      "properties": {
        "id": "EDGE_0290_walk",
        "feature_type": "edge",
        "kind": "crosswalk",
        "legacy_kind": "crosswalk",
        "allowed_types": [
          "person",
          "scooter"
        ],
        "from_node": "ROAD_NODE_066",
        "to_node": "ROAD_NODE_070",
        "bidirectional": true,
        "speed_limit": 10,
        "road_ids": [
          "RD_091",
          "CW_016"
        ],
        "crosswalk_id": "CW_016",
        "source_id": "EDGE_0290_walk",
        "source": "derived_from_vehicle_network",
        "confidence": 0.35,
        "derived": true,
        "authoritative": false
      },
      "geometry": {
        "type": "LineString",
        "coordinates": [
          [
            478.537,
            -48.075
          ],
          [
            456.389,
            -108.72
          ]
        ]
      }
    },
    {
      "type": "Feature",
      "id": "EDGE_0291_vehicle",
      "properties": {
        "id": "EDGE_0291_vehicle",
        "feature_type": "edge",
        "kind": "allowed_road",
        "legacy_kind": "crosswalk",
        "allowed_types": [
          "car",
          "scooter"
        ],
        "from_node": "ROAD_NODE_068",
        "to_node": "ROAD_NODE_079",
        "bidirectional": true,
        "speed_limit": 10,
        "road_ids": [
          "CW_014"
        ],
        "crosswalk_id": "CW_014",
        "source_id": "EDGE_0291_vehicle",
        "source": "derived_from_vehicle_network",
        "confidence": 0.35,
        "derived": true,
        "authoritative": false
      },
      "geometry": {
        "type": "LineString",
        "coordinates": [
          [
            388.615,
            -34.699
          ],
          [
            386.377,
            -85.663
          ]
        ]
      }
    },
    {
      "type": "Feature",
      "id": "EDGE_0292_walk",
      "properties": {
        "id": "EDGE_0292_walk",
        "feature_type": "edge",
        "kind": "crosswalk",
        "legacy_kind": "crosswalk",
        "allowed_types": [
          "person",
          "scooter"
        ],
        "from_node": "ROAD_NODE_068",
        "to_node": "ROAD_NODE_079",
        "bidirectional": true,
        "speed_limit": 10,
        "road_ids": [
          "CW_014"
        ],
        "crosswalk_id": "CW_014",
        "source_id": "EDGE_0292_walk",
        "source": "derived_from_vehicle_network",
        "confidence": 0.35,
        "derived": true,
        "authoritative": false
      },
      "geometry": {
        "type": "LineString",
        "coordinates": [
          [
            388.615,
            -34.699
          ],
          [
            386.377,
            -85.663
          ]
        ]
      }
    },
    {
      "type": "Feature",
      "id": "EDGE_0293_vehicle",
      "properties": {
        "id": "EDGE_0293_vehicle",
        "feature_type": "edge",
        "kind": "allowed_road",
        "legacy_kind": "road",
        "allowed_types": [
          "car",
          "scooter"
        ],
        "from_node": "ROAD_NODE_069",
        "to_node": "ROAD_NODE_091",
        "bidirectional": true,
        "speed_limit": 25,
        "road_ids": [
          "RD_086"
        ],
        "crosswalk_id": null,
        "source_id": "EDGE_0293_vehicle",
        "source": "derived_from_vehicle_network",
        "confidence": 0.35,
        "derived": true,
        "authoritative": false
      },
      "geometry": {
        "type": "LineString",
        "coordinates": [
          [
            279.837,
            35.108
          ],
          [
            232.621,
            58.438
          ]
        ]
      }
    },
    {
      "type": "Feature",
      "id": "EDGE_0294_walk",
      "properties": {
        "id": "EDGE_0294_walk",
        "feature_type": "edge",
        "kind": "shared_path",
        "legacy_kind": "shared_path_derived",
        "allowed_types": [
          "person",
          "scooter"
        ],
        "from_node": "ROAD_NODE_069",
        "to_node": "ROAD_NODE_091",
        "bidirectional": true,
        "speed_limit": 12,
        "road_ids": [
          "RD_086"
        ],
        "crosswalk_id": null,
        "source_id": "EDGE_0294_walk",
        "source": "derived_from_vehicle_network",
        "confidence": 0.2,
        "derived": true,
        "authoritative": false
      },
      "geometry": {
        "type": "LineString",
        "coordinates": [
          [
            279.837,
            35.108
          ],
          [
            232.621,
            58.438
          ]
        ]
      }
    },
    {
      "type": "Feature",
      "id": "EDGE_0295_vehicle",
      "properties": {
        "id": "EDGE_0295_vehicle",
        "feature_type": "edge",
        "kind": "allowed_road",
        "legacy_kind": "road",
        "allowed_types": [
          "car",
          "scooter"
        ],
        "from_node": "ROAD_NODE_069",
        "to_node": "ROAD_NODE_092",
        "bidirectional": true,
        "speed_limit": 25,
        "road_ids": [
          "RD_086",
          "RD_072"
        ],
        "crosswalk_id": null,
        "source_id": "EDGE_0295_vehicle",
        "source": "derived_from_vehicle_network",
        "confidence": 0.35,
        "derived": true,
        "authoritative": false
      },
      "geometry": {
        "type": "LineString",
        "coordinates": [
          [
            279.837,
            35.108
          ],
          [
            240.859,
            98.363
          ]
        ]
      }
    },
    {
      "type": "Feature",
      "id": "EDGE_0296_walk",
      "properties": {
        "id": "EDGE_0296_walk",
        "feature_type": "edge",
        "kind": "shared_path",
        "legacy_kind": "shared_path_derived",
        "allowed_types": [
          "person",
          "scooter"
        ],
        "from_node": "ROAD_NODE_069",
        "to_node": "ROAD_NODE_092",
        "bidirectional": true,
        "speed_limit": 12,
        "road_ids": [
          "RD_086",
          "RD_072"
        ],
        "crosswalk_id": null,
        "source_id": "EDGE_0296_walk",
        "source": "derived_from_vehicle_network",
        "confidence": 0.2,
        "derived": true,
        "authoritative": false
      },
      "geometry": {
        "type": "LineString",
        "coordinates": [
          [
            279.837,
            35.108
          ],
          [
            240.859,
            98.363
          ]
        ]
      }
    },
    {
      "type": "Feature",
      "id": "EDGE_0297_vehicle",
      "properties": {
        "id": "EDGE_0297_vehicle",
        "feature_type": "edge",
        "kind": "allowed_road",
        "legacy_kind": "crosswalk",
        "allowed_types": [
          "car",
          "scooter"
        ],
        "from_node": "ROAD_NODE_070",
        "to_node": "ROAD_NODE_071",
        "bidirectional": true,
        "speed_limit": 10,
        "road_ids": [
          "CW_016",
          "RD_035"
        ],
        "crosswalk_id": "CW_016",
        "source_id": "EDGE_0297_vehicle",
        "source": "derived_from_vehicle_network",
        "confidence": 0.35,
        "derived": true,
        "authoritative": false
      },
      "geometry": {
        "type": "LineString",
        "coordinates": [
          [
            456.389,
            -108.72
          ],
          [
            431.096,
            -145.159
          ]
        ]
      }
    },
    {
      "type": "Feature",
      "id": "EDGE_0298_walk",
      "properties": {
        "id": "EDGE_0298_walk",
        "feature_type": "edge",
        "kind": "crosswalk",
        "legacy_kind": "crosswalk",
        "allowed_types": [
          "person",
          "scooter"
        ],
        "from_node": "ROAD_NODE_070",
        "to_node": "ROAD_NODE_071",
        "bidirectional": true,
        "speed_limit": 10,
        "road_ids": [
          "CW_016",
          "RD_035"
        ],
        "crosswalk_id": "CW_016",
        "source_id": "EDGE_0298_walk",
        "source": "derived_from_vehicle_network",
        "confidence": 0.35,
        "derived": true,
        "authoritative": false
      },
      "geometry": {
        "type": "LineString",
        "coordinates": [
          [
            456.389,
            -108.72
          ],
          [
            431.096,
            -145.159
          ]
        ]
      }
    },
    {
      "type": "Feature",
      "id": "EDGE_0299_vehicle",
      "properties": {
        "id": "EDGE_0299_vehicle",
        "feature_type": "edge",
        "kind": "allowed_road",
        "legacy_kind": "crosswalk",
        "allowed_types": [
          "car",
          "scooter"
        ],
        "from_node": "ROAD_NODE_070",
        "to_node": "ROAD_NODE_079",
        "bidirectional": true,
        "speed_limit": 10,
        "road_ids": [
          "CW_016",
          "CW_014"
        ],
        "crosswalk_id": "CW_016",
        "source_id": "EDGE_0299_vehicle",
        "source": "derived_from_vehicle_network",
        "confidence": 0.35,
        "derived": true,
        "authoritative": false
      },
      "geometry": {
        "type": "LineString",
        "coordinates": [
          [
            456.389,
            -108.72
          ],
          [
            386.377,
            -85.663
          ]
        ]
      }
    },
    {
      "type": "Feature",
      "id": "EDGE_0300_walk",
      "properties": {
        "id": "EDGE_0300_walk",
        "feature_type": "edge",
        "kind": "crosswalk",
        "legacy_kind": "crosswalk",
        "allowed_types": [
          "person",
          "scooter"
        ],
        "from_node": "ROAD_NODE_070",
        "to_node": "ROAD_NODE_079",
        "bidirectional": true,
        "speed_limit": 10,
        "road_ids": [
          "CW_016",
          "CW_014"
        ],
        "crosswalk_id": "CW_016",
        "source_id": "EDGE_0300_walk",
        "source": "derived_from_vehicle_network",
        "confidence": 0.35,
        "derived": true,
        "authoritative": false
      },
      "geometry": {
        "type": "LineString",
        "coordinates": [
          [
            456.389,
            -108.72
          ],
          [
            386.377,
            -85.663
          ]
        ]
      }
    },
    {
      "type": "Feature",
      "id": "EDGE_0301_vehicle",
      "properties": {
        "id": "EDGE_0301_vehicle",
        "feature_type": "edge",
        "kind": "allowed_road",
        "legacy_kind": "crosswalk",
        "allowed_types": [
          "car",
          "scooter"
        ],
        "from_node": "ROAD_NODE_071",
        "to_node": "ROAD_NODE_079",
        "bidirectional": true,
        "speed_limit": 10,
        "road_ids": [
          "RD_035",
          "CW_014"
        ],
        "crosswalk_id": "CW_014",
        "source_id": "EDGE_0301_vehicle",
        "source": "derived_from_vehicle_network",
        "confidence": 0.35,
        "derived": true,
        "authoritative": false
      },
      "geometry": {
        "type": "LineString",
        "coordinates": [
          [
            431.096,
            -145.159
          ],
          [
            386.377,
            -85.663
          ]
        ]
      }
    },
    {
      "type": "Feature",
      "id": "EDGE_0302_walk",
      "properties": {
        "id": "EDGE_0302_walk",
        "feature_type": "edge",
        "kind": "crosswalk",
        "legacy_kind": "crosswalk",
        "allowed_types": [
          "person",
          "scooter"
        ],
        "from_node": "ROAD_NODE_071",
        "to_node": "ROAD_NODE_079",
        "bidirectional": true,
        "speed_limit": 10,
        "road_ids": [
          "RD_035",
          "CW_014"
        ],
        "crosswalk_id": "CW_014",
        "source_id": "EDGE_0302_walk",
        "source": "derived_from_vehicle_network",
        "confidence": 0.35,
        "derived": true,
        "authoritative": false
      },
      "geometry": {
        "type": "LineString",
        "coordinates": [
          [
            431.096,
            -145.159
          ],
          [
            386.377,
            -85.663
          ]
        ]
      }
    },
    {
      "type": "Feature",
      "id": "EDGE_0303_vehicle",
      "properties": {
        "id": "EDGE_0303_vehicle",
        "feature_type": "edge",
        "kind": "allowed_road",
        "legacy_kind": "road",
        "allowed_types": [
          "car",
          "scooter"
        ],
        "from_node": "ROAD_NODE_073",
        "to_node": "ROAD_NODE_089",
        "bidirectional": true,
        "speed_limit": 25,
        "road_ids": [
          "RD_037",
          "RD_021"
        ],
        "crosswalk_id": null,
        "source_id": "EDGE_0303_vehicle",
        "source": "derived_from_vehicle_network",
        "confidence": 0.35,
        "derived": true,
        "authoritative": false
      },
      "geometry": {
        "type": "LineString",
        "coordinates": [
          [
            465.751,
            -333.927
          ],
          [
            394.407,
            -377.196
          ]
        ]
      }
    },
    {
      "type": "Feature",
      "id": "EDGE_0304_walk",
      "properties": {
        "id": "EDGE_0304_walk",
        "feature_type": "edge",
        "kind": "shared_path",
        "legacy_kind": "shared_path_derived",
        "allowed_types": [
          "person",
          "scooter"
        ],
        "from_node": "ROAD_NODE_073",
        "to_node": "ROAD_NODE_089",
        "bidirectional": true,
        "speed_limit": 12,
        "road_ids": [
          "RD_037",
          "RD_021"
        ],
        "crosswalk_id": null,
        "source_id": "EDGE_0304_walk",
        "source": "derived_from_vehicle_network",
        "confidence": 0.2,
        "derived": true,
        "authoritative": false
      },
      "geometry": {
        "type": "LineString",
        "coordinates": [
          [
            465.751,
            -333.927
          ],
          [
            394.407,
            -377.196
          ]
        ]
      }
    },
    {
      "type": "Feature",
      "id": "EDGE_0305_vehicle",
      "properties": {
        "id": "EDGE_0305_vehicle",
        "feature_type": "edge",
        "kind": "allowed_road",
        "legacy_kind": "road",
        "allowed_types": [
          "car",
          "scooter"
        ],
        "from_node": "ROAD_NODE_073",
        "to_node": "ROAD_NODE_090",
        "bidirectional": true,
        "speed_limit": 25,
        "road_ids": [
          "RD_037"
        ],
        "crosswalk_id": null,
        "source_id": "EDGE_0305_vehicle",
        "source": "derived_from_vehicle_network",
        "confidence": 0.35,
        "derived": true,
        "authoritative": false
      },
      "geometry": {
        "type": "LineString",
        "coordinates": [
          [
            465.751,
            -333.927
          ],
          [
            392.7,
            -341.297
          ]
        ]
      }
    },
    {
      "type": "Feature",
      "id": "EDGE_0306_walk",
      "properties": {
        "id": "EDGE_0306_walk",
        "feature_type": "edge",
        "kind": "shared_path",
        "legacy_kind": "shared_path_derived",
        "allowed_types": [
          "person",
          "scooter"
        ],
        "from_node": "ROAD_NODE_073",
        "to_node": "ROAD_NODE_090",
        "bidirectional": true,
        "speed_limit": 12,
        "road_ids": [
          "RD_037"
        ],
        "crosswalk_id": null,
        "source_id": "EDGE_0306_walk",
        "source": "derived_from_vehicle_network",
        "confidence": 0.2,
        "derived": true,
        "authoritative": false
      },
      "geometry": {
        "type": "LineString",
        "coordinates": [
          [
            465.751,
            -333.927
          ],
          [
            392.7,
            -341.297
          ]
        ]
      }
    },
    {
      "type": "Feature",
      "id": "EDGE_0307_vehicle",
      "properties": {
        "id": "EDGE_0307_vehicle",
        "feature_type": "edge",
        "kind": "allowed_road",
        "legacy_kind": "crosswalk",
        "allowed_types": [
          "car",
          "scooter"
        ],
        "from_node": "ROAD_NODE_074",
        "to_node": "ROAD_NODE_075",
        "bidirectional": true,
        "speed_limit": 10,
        "road_ids": [
          "CW_017",
          "RD_042"
        ],
        "crosswalk_id": "CW_017",
        "source_id": "EDGE_0307_vehicle",
        "source": "derived_from_vehicle_network",
        "confidence": 0.35,
        "derived": true,
        "authoritative": false
      },
      "geometry": {
        "type": "LineString",
        "coordinates": [
          [
            108.79,
            -211.774
          ],
          [
            73.222,
            -207.506
          ]
        ]
      }
    },
    {
      "type": "Feature",
      "id": "EDGE_0308_walk",
      "properties": {
        "id": "EDGE_0308_walk",
        "feature_type": "edge",
        "kind": "crosswalk",
        "legacy_kind": "crosswalk",
        "allowed_types": [
          "person",
          "scooter"
        ],
        "from_node": "ROAD_NODE_074",
        "to_node": "ROAD_NODE_075",
        "bidirectional": true,
        "speed_limit": 10,
        "road_ids": [
          "CW_017",
          "RD_042"
        ],
        "crosswalk_id": "CW_017",
        "source_id": "EDGE_0308_walk",
        "source": "derived_from_vehicle_network",
        "confidence": 0.35,
        "derived": true,
        "authoritative": false
      },
      "geometry": {
        "type": "LineString",
        "coordinates": [
          [
            108.79,
            -211.774
          ],
          [
            73.222,
            -207.506
          ]
        ]
      }
    },
    {
      "type": "Feature",
      "id": "EDGE_0309_vehicle",
      "properties": {
        "id": "EDGE_0309_vehicle",
        "feature_type": "edge",
        "kind": "allowed_road",
        "legacy_kind": "crosswalk",
        "allowed_types": [
          "car",
          "scooter"
        ],
        "from_node": "ROAD_NODE_074",
        "to_node": "ROAD_NODE_076",
        "bidirectional": true,
        "speed_limit": 10,
        "road_ids": [
          "CW_017",
          "RD_041"
        ],
        "crosswalk_id": "CW_017",
        "source_id": "EDGE_0309_vehicle",
        "source": "derived_from_vehicle_network",
        "confidence": 0.35,
        "derived": true,
        "authoritative": false
      },
      "geometry": {
        "type": "LineString",
        "coordinates": [
          [
            108.79,
            -211.774
          ],
          [
            103.15,
            -163.496
          ]
        ]
      }
    },
    {
      "type": "Feature",
      "id": "EDGE_0310_walk",
      "properties": {
        "id": "EDGE_0310_walk",
        "feature_type": "edge",
        "kind": "crosswalk",
        "legacy_kind": "crosswalk",
        "allowed_types": [
          "person",
          "scooter"
        ],
        "from_node": "ROAD_NODE_074",
        "to_node": "ROAD_NODE_076",
        "bidirectional": true,
        "speed_limit": 10,
        "road_ids": [
          "CW_017",
          "RD_041"
        ],
        "crosswalk_id": "CW_017",
        "source_id": "EDGE_0310_walk",
        "source": "derived_from_vehicle_network",
        "confidence": 0.35,
        "derived": true,
        "authoritative": false
      },
      "geometry": {
        "type": "LineString",
        "coordinates": [
          [
            108.79,
            -211.774
          ],
          [
            103.15,
            -163.496
          ]
        ]
      }
    },
    {
      "type": "Feature",
      "id": "EDGE_0311_vehicle",
      "properties": {
        "id": "EDGE_0311_vehicle",
        "feature_type": "edge",
        "kind": "allowed_road",
        "legacy_kind": "road",
        "allowed_types": [
          "car",
          "scooter"
        ],
        "from_node": "ROAD_NODE_075",
        "to_node": "ROAD_NODE_076",
        "bidirectional": true,
        "speed_limit": 25,
        "road_ids": [
          "RD_042",
          "RD_041"
        ],
        "crosswalk_id": null,
        "source_id": "EDGE_0311_vehicle",
        "source": "derived_from_vehicle_network",
        "confidence": 0.35,
        "derived": true,
        "authoritative": false
      },
      "geometry": {
        "type": "LineString",
        "coordinates": [
          [
            73.222,
            -207.506
          ],
          [
            103.15,
            -163.496
          ]
        ]
      }
    },
    {
      "type": "Feature",
      "id": "EDGE_0312_walk",
      "properties": {
        "id": "EDGE_0312_walk",
        "feature_type": "edge",
        "kind": "shared_path",
        "legacy_kind": "shared_path_derived",
        "allowed_types": [
          "person",
          "scooter"
        ],
        "from_node": "ROAD_NODE_075",
        "to_node": "ROAD_NODE_076",
        "bidirectional": true,
        "speed_limit": 12,
        "road_ids": [
          "RD_042",
          "RD_041"
        ],
        "crosswalk_id": null,
        "source_id": "EDGE_0312_walk",
        "source": "derived_from_vehicle_network",
        "confidence": 0.2,
        "derived": true,
        "authoritative": false
      },
      "geometry": {
        "type": "LineString",
        "coordinates": [
          [
            73.222,
            -207.506
          ],
          [
            103.15,
            -163.496
          ]
        ]
      }
    },
    {
      "type": "Feature",
      "id": "EDGE_0313_vehicle",
      "properties": {
        "id": "EDGE_0313_vehicle",
        "feature_type": "edge",
        "kind": "allowed_road",
        "legacy_kind": "road",
        "allowed_types": [
          "car",
          "scooter"
        ],
        "from_node": "ROAD_NODE_077",
        "to_node": "ROAD_NODE_082",
        "bidirectional": true,
        "speed_limit": 25,
        "road_ids": [
          "RD_015"
        ],
        "crosswalk_id": null,
        "source_id": "EDGE_0313_vehicle",
        "source": "derived_from_vehicle_network",
        "confidence": 0.35,
        "derived": true,
        "authoritative": false
      },
      "geometry": {
        "type": "LineString",
        "coordinates": [
          [
            303.417,
            -351.487
          ],
          [
            317.117,
            -327.972
          ]
        ]
      }
    },
    {
      "type": "Feature",
      "id": "EDGE_0314_walk",
      "properties": {
        "id": "EDGE_0314_walk",
        "feature_type": "edge",
        "kind": "shared_path",
        "legacy_kind": "shared_path_derived",
        "allowed_types": [
          "person",
          "scooter"
        ],
        "from_node": "ROAD_NODE_077",
        "to_node": "ROAD_NODE_082",
        "bidirectional": true,
        "speed_limit": 12,
        "road_ids": [
          "RD_015"
        ],
        "crosswalk_id": null,
        "source_id": "EDGE_0314_walk",
        "source": "derived_from_vehicle_network",
        "confidence": 0.2,
        "derived": true,
        "authoritative": false
      },
      "geometry": {
        "type": "LineString",
        "coordinates": [
          [
            303.417,
            -351.487
          ],
          [
            317.117,
            -327.972
          ]
        ]
      }
    },
    {
      "type": "Feature",
      "id": "EDGE_0315_vehicle",
      "properties": {
        "id": "EDGE_0315_vehicle",
        "feature_type": "edge",
        "kind": "allowed_road",
        "legacy_kind": "road",
        "allowed_types": [
          "car",
          "scooter"
        ],
        "from_node": "ROAD_NODE_077",
        "to_node": "ROAD_NODE_083",
        "bidirectional": true,
        "speed_limit": 25,
        "road_ids": [
          "RD_015",
          "RD_019"
        ],
        "crosswalk_id": null,
        "source_id": "EDGE_0315_vehicle",
        "source": "derived_from_vehicle_network",
        "confidence": 0.35,
        "derived": true,
        "authoritative": false
      },
      "geometry": {
        "type": "LineString",
        "coordinates": [
          [
            303.417,
            -351.487
          ],
          [
            357.775,
            -359.165
          ]
        ]
      }
    },
    {
      "type": "Feature",
      "id": "EDGE_0316_walk",
      "properties": {
        "id": "EDGE_0316_walk",
        "feature_type": "edge",
        "kind": "shared_path",
        "legacy_kind": "shared_path_derived",
        "allowed_types": [
          "person",
          "scooter"
        ],
        "from_node": "ROAD_NODE_077",
        "to_node": "ROAD_NODE_083",
        "bidirectional": true,
        "speed_limit": 12,
        "road_ids": [
          "RD_015",
          "RD_019"
        ],
        "crosswalk_id": null,
        "source_id": "EDGE_0316_walk",
        "source": "derived_from_vehicle_network",
        "confidence": 0.2,
        "derived": true,
        "authoritative": false
      },
      "geometry": {
        "type": "LineString",
        "coordinates": [
          [
            303.417,
            -351.487
          ],
          [
            357.775,
            -359.165
          ]
        ]
      }
    },
    {
      "type": "Feature",
      "id": "EDGE_0317_vehicle",
      "properties": {
        "id": "EDGE_0317_vehicle",
        "feature_type": "edge",
        "kind": "allowed_road",
        "legacy_kind": "road",
        "allowed_types": [
          "car",
          "scooter"
        ],
        "from_node": "ROAD_NODE_077",
        "to_node": "ROAD_NODE_084",
        "bidirectional": true,
        "speed_limit": 25,
        "road_ids": [
          "RD_015"
        ],
        "crosswalk_id": null,
        "source_id": "EDGE_0317_vehicle",
        "source": "derived_from_vehicle_network",
        "confidence": 0.35,
        "derived": true,
        "authoritative": false
      },
      "geometry": {
        "type": "LineString",
        "coordinates": [
          [
            303.417,
            -351.487
          ],
          [
            337.254,
            -369.025
          ]
        ]
      }
    },
    {
      "type": "Feature",
      "id": "EDGE_0318_walk",
      "properties": {
        "id": "EDGE_0318_walk",
        "feature_type": "edge",
        "kind": "shared_path",
        "legacy_kind": "shared_path_derived",
        "allowed_types": [
          "person",
          "scooter"
        ],
        "from_node": "ROAD_NODE_077",
        "to_node": "ROAD_NODE_084",
        "bidirectional": true,
        "speed_limit": 12,
        "road_ids": [
          "RD_015"
        ],
        "crosswalk_id": null,
        "source_id": "EDGE_0318_walk",
        "source": "derived_from_vehicle_network",
        "confidence": 0.2,
        "derived": true,
        "authoritative": false
      },
      "geometry": {
        "type": "LineString",
        "coordinates": [
          [
            303.417,
            -351.487
          ],
          [
            337.254,
            -369.025
          ]
        ]
      }
    },
    {
      "type": "Feature",
      "id": "EDGE_0319_vehicle",
      "properties": {
        "id": "EDGE_0319_vehicle",
        "feature_type": "edge",
        "kind": "allowed_road",
        "legacy_kind": "road",
        "allowed_types": [
          "car",
          "scooter"
        ],
        "from_node": "ROAD_NODE_080",
        "to_node": "ROAD_NODE_081",
        "bidirectional": true,
        "speed_limit": 25,
        "road_ids": [
          "RD_024",
          "RD_036"
        ],
        "crosswalk_id": null,
        "source_id": "EDGE_0319_vehicle",
        "source": "derived_from_vehicle_network",
        "confidence": 0.35,
        "derived": true,
        "authoritative": false
      },
      "geometry": {
        "type": "LineString",
        "coordinates": [
          [
            368.598,
            -275.608
          ],
          [
            324.597,
            -291.404
          ]
        ]
      }
    },
    {
      "type": "Feature",
      "id": "EDGE_0320_walk",
      "properties": {
        "id": "EDGE_0320_walk",
        "feature_type": "edge",
        "kind": "shared_path",
        "legacy_kind": "shared_path_derived",
        "allowed_types": [
          "person",
          "scooter"
        ],
        "from_node": "ROAD_NODE_080",
        "to_node": "ROAD_NODE_081",
        "bidirectional": true,
        "speed_limit": 12,
        "road_ids": [
          "RD_024",
          "RD_036"
        ],
        "crosswalk_id": null,
        "source_id": "EDGE_0320_walk",
        "source": "derived_from_vehicle_network",
        "confidence": 0.2,
        "derived": true,
        "authoritative": false
      },
      "geometry": {
        "type": "LineString",
        "coordinates": [
          [
            368.598,
            -275.608
          ],
          [
            324.597,
            -291.404
          ]
        ]
      }
    },
    {
      "type": "Feature",
      "id": "EDGE_0321_vehicle",
      "properties": {
        "id": "EDGE_0321_vehicle",
        "feature_type": "edge",
        "kind": "allowed_road",
        "legacy_kind": "road",
        "allowed_types": [
          "car",
          "scooter"
        ],
        "from_node": "ROAD_NODE_081",
        "to_node": "ROAD_NODE_082",
        "bidirectional": true,
        "speed_limit": 25,
        "road_ids": [
          "RD_036"
        ],
        "crosswalk_id": null,
        "source_id": "EDGE_0321_vehicle",
        "source": "derived_from_vehicle_network",
        "confidence": 0.35,
        "derived": true,
        "authoritative": false
      },
      "geometry": {
        "type": "LineString",
        "coordinates": [
          [
            324.597,
            -291.404
          ],
          [
            317.117,
            -327.972
          ]
        ]
      }
    },
    {
      "type": "Feature",
      "id": "EDGE_0322_walk",
      "properties": {
        "id": "EDGE_0322_walk",
        "feature_type": "edge",
        "kind": "shared_path",
        "legacy_kind": "shared_path_derived",
        "allowed_types": [
          "person",
          "scooter"
        ],
        "from_node": "ROAD_NODE_081",
        "to_node": "ROAD_NODE_082",
        "bidirectional": true,
        "speed_limit": 12,
        "road_ids": [
          "RD_036"
        ],
        "crosswalk_id": null,
        "source_id": "EDGE_0322_walk",
        "source": "derived_from_vehicle_network",
        "confidence": 0.2,
        "derived": true,
        "authoritative": false
      },
      "geometry": {
        "type": "LineString",
        "coordinates": [
          [
            324.597,
            -291.404
          ],
          [
            317.117,
            -327.972
          ]
        ]
      }
    },
    {
      "type": "Feature",
      "id": "EDGE_0323_vehicle",
      "properties": {
        "id": "EDGE_0323_vehicle",
        "feature_type": "edge",
        "kind": "allowed_road",
        "legacy_kind": "road",
        "allowed_types": [
          "car",
          "scooter"
        ],
        "from_node": "ROAD_NODE_082",
        "to_node": "ROAD_NODE_086",
        "bidirectional": true,
        "speed_limit": 25,
        "road_ids": [
          "RD_017"
        ],
        "crosswalk_id": null,
        "source_id": "EDGE_0323_vehicle",
        "source": "derived_from_vehicle_network",
        "confidence": 0.35,
        "derived": true,
        "authoritative": false
      },
      "geometry": {
        "type": "LineString",
        "coordinates": [
          [
            317.117,
            -327.972
          ],
          [
            360.078,
            -334.437
          ]
        ]
      }
    },
    {
      "type": "Feature",
      "id": "EDGE_0324_walk",
      "properties": {
        "id": "EDGE_0324_walk",
        "feature_type": "edge",
        "kind": "shared_path",
        "legacy_kind": "shared_path_derived",
        "allowed_types": [
          "person",
          "scooter"
        ],
        "from_node": "ROAD_NODE_082",
        "to_node": "ROAD_NODE_086",
        "bidirectional": true,
        "speed_limit": 12,
        "road_ids": [
          "RD_017"
        ],
        "crosswalk_id": null,
        "source_id": "EDGE_0324_walk",
        "source": "derived_from_vehicle_network",
        "confidence": 0.2,
        "derived": true,
        "authoritative": false
      },
      "geometry": {
        "type": "LineString",
        "coordinates": [
          [
            317.117,
            -327.972
          ],
          [
            360.078,
            -334.437
          ]
        ]
      }
    },
    {
      "type": "Feature",
      "id": "EDGE_0325_vehicle",
      "properties": {
        "id": "EDGE_0325_vehicle",
        "feature_type": "edge",
        "kind": "allowed_road",
        "legacy_kind": "road",
        "allowed_types": [
          "car",
          "scooter"
        ],
        "from_node": "ROAD_NODE_083",
        "to_node": "ROAD_NODE_084",
        "bidirectional": true,
        "speed_limit": 25,
        "road_ids": [
          "RD_019"
        ],
        "crosswalk_id": null,
        "source_id": "EDGE_0325_vehicle",
        "source": "derived_from_vehicle_network",
        "confidence": 0.35,
        "derived": true,
        "authoritative": false
      },
      "geometry": {
        "type": "LineString",
        "coordinates": [
          [
            357.775,
            -359.165
          ],
          [
            337.254,
            -369.025
          ]
        ]
      }
    },
    {
      "type": "Feature",
      "id": "EDGE_0326_walk",
      "properties": {
        "id": "EDGE_0326_walk",
        "feature_type": "edge",
        "kind": "shared_path",
        "legacy_kind": "shared_path_derived",
        "allowed_types": [
          "person",
          "scooter"
        ],
        "from_node": "ROAD_NODE_083",
        "to_node": "ROAD_NODE_084",
        "bidirectional": true,
        "speed_limit": 12,
        "road_ids": [
          "RD_019"
        ],
        "crosswalk_id": null,
        "source_id": "EDGE_0326_walk",
        "source": "derived_from_vehicle_network",
        "confidence": 0.2,
        "derived": true,
        "authoritative": false
      },
      "geometry": {
        "type": "LineString",
        "coordinates": [
          [
            357.775,
            -359.165
          ],
          [
            337.254,
            -369.025
          ]
        ]
      }
    },
    {
      "type": "Feature",
      "id": "EDGE_0327_vehicle",
      "properties": {
        "id": "EDGE_0327_vehicle",
        "feature_type": "edge",
        "kind": "allowed_road",
        "legacy_kind": "road",
        "allowed_types": [
          "car",
          "scooter"
        ],
        "from_node": "ROAD_NODE_083",
        "to_node": "ROAD_NODE_086",
        "bidirectional": true,
        "speed_limit": 25,
        "road_ids": [
          "RD_019",
          "RD_017"
        ],
        "crosswalk_id": null,
        "source_id": "EDGE_0327_vehicle",
        "source": "derived_from_vehicle_network",
        "confidence": 0.35,
        "derived": true,
        "authoritative": false
      },
      "geometry": {
        "type": "LineString",
        "coordinates": [
          [
            357.775,
            -359.165
          ],
          [
            360.078,
            -334.437
          ]
        ]
      }
    },
    {
      "type": "Feature",
      "id": "EDGE_0328_walk",
      "properties": {
        "id": "EDGE_0328_walk",
        "feature_type": "edge",
        "kind": "shared_path",
        "legacy_kind": "shared_path_derived",
        "allowed_types": [
          "person",
          "scooter"
        ],
        "from_node": "ROAD_NODE_083",
        "to_node": "ROAD_NODE_086",
        "bidirectional": true,
        "speed_limit": 12,
        "road_ids": [
          "RD_019",
          "RD_017"
        ],
        "crosswalk_id": null,
        "source_id": "EDGE_0328_walk",
        "source": "derived_from_vehicle_network",
        "confidence": 0.2,
        "derived": true,
        "authoritative": false
      },
      "geometry": {
        "type": "LineString",
        "coordinates": [
          [
            357.775,
            -359.165
          ],
          [
            360.078,
            -334.437
          ]
        ]
      }
    },
    {
      "type": "Feature",
      "id": "EDGE_0329_vehicle",
      "properties": {
        "id": "EDGE_0329_vehicle",
        "feature_type": "edge",
        "kind": "allowed_road",
        "legacy_kind": "road",
        "allowed_types": [
          "car",
          "scooter"
        ],
        "from_node": "ROAD_NODE_083",
        "to_node": "ROAD_NODE_089",
        "bidirectional": true,
        "speed_limit": 25,
        "road_ids": [
          "RD_019",
          "RD_021"
        ],
        "crosswalk_id": null,
        "source_id": "EDGE_0329_vehicle",
        "source": "derived_from_vehicle_network",
        "confidence": 0.35,
        "derived": true,
        "authoritative": false
      },
      "geometry": {
        "type": "LineString",
        "coordinates": [
          [
            357.775,
            -359.165
          ],
          [
            394.407,
            -377.196
          ]
        ]
      }
    },
    {
      "type": "Feature",
      "id": "EDGE_0330_walk",
      "properties": {
        "id": "EDGE_0330_walk",
        "feature_type": "edge",
        "kind": "shared_path",
        "legacy_kind": "shared_path_derived",
        "allowed_types": [
          "person",
          "scooter"
        ],
        "from_node": "ROAD_NODE_083",
        "to_node": "ROAD_NODE_089",
        "bidirectional": true,
        "speed_limit": 12,
        "road_ids": [
          "RD_019",
          "RD_021"
        ],
        "crosswalk_id": null,
        "source_id": "EDGE_0330_walk",
        "source": "derived_from_vehicle_network",
        "confidence": 0.2,
        "derived": true,
        "authoritative": false
      },
      "geometry": {
        "type": "LineString",
        "coordinates": [
          [
            357.775,
            -359.165
          ],
          [
            394.407,
            -377.196
          ]
        ]
      }
    },
    {
      "type": "Feature",
      "id": "EDGE_0331_vehicle",
      "properties": {
        "id": "EDGE_0331_vehicle",
        "feature_type": "edge",
        "kind": "allowed_road",
        "legacy_kind": "road",
        "allowed_types": [
          "car",
          "scooter"
        ],
        "from_node": "ROAD_NODE_083",
        "to_node": "ROAD_NODE_090",
        "bidirectional": true,
        "speed_limit": 25,
        "road_ids": [
          "RD_019"
        ],
        "crosswalk_id": null,
        "source_id": "EDGE_0331_vehicle",
        "source": "derived_from_vehicle_network",
        "confidence": 0.35,
        "derived": true,
        "authoritative": false
      },
      "geometry": {
        "type": "LineString",
        "coordinates": [
          [
            357.775,
            -359.165
          ],
          [
            392.7,
            -341.297
          ]
        ]
      }
    },
    {
      "type": "Feature",
      "id": "EDGE_0332_walk",
      "properties": {
        "id": "EDGE_0332_walk",
        "feature_type": "edge",
        "kind": "shared_path",
        "legacy_kind": "shared_path_derived",
        "allowed_types": [
          "person",
          "scooter"
        ],
        "from_node": "ROAD_NODE_083",
        "to_node": "ROAD_NODE_090",
        "bidirectional": true,
        "speed_limit": 12,
        "road_ids": [
          "RD_019"
        ],
        "crosswalk_id": null,
        "source_id": "EDGE_0332_walk",
        "source": "derived_from_vehicle_network",
        "confidence": 0.2,
        "derived": true,
        "authoritative": false
      },
      "geometry": {
        "type": "LineString",
        "coordinates": [
          [
            357.775,
            -359.165
          ],
          [
            392.7,
            -341.297
          ]
        ]
      }
    },
    {
      "type": "Feature",
      "id": "EDGE_0333_vehicle",
      "properties": {
        "id": "EDGE_0333_vehicle",
        "feature_type": "edge",
        "kind": "allowed_road",
        "legacy_kind": "road",
        "allowed_types": [
          "car",
          "scooter"
        ],
        "from_node": "ROAD_NODE_084",
        "to_node": "ROAD_NODE_086",
        "bidirectional": true,
        "speed_limit": 25,
        "road_ids": [
          "RD_017"
        ],
        "crosswalk_id": null,
        "source_id": "EDGE_0333_vehicle",
        "source": "derived_from_vehicle_network",
        "confidence": 0.35,
        "derived": true,
        "authoritative": false
      },
      "geometry": {
        "type": "LineString",
        "coordinates": [
          [
            337.254,
            -369.025
          ],
          [
            360.078,
            -334.437
          ]
        ]
      }
    },
    {
      "type": "Feature",
      "id": "EDGE_0334_walk",
      "properties": {
        "id": "EDGE_0334_walk",
        "feature_type": "edge",
        "kind": "shared_path",
        "legacy_kind": "shared_path_derived",
        "allowed_types": [
          "person",
          "scooter"
        ],
        "from_node": "ROAD_NODE_084",
        "to_node": "ROAD_NODE_086",
        "bidirectional": true,
        "speed_limit": 12,
        "road_ids": [
          "RD_017"
        ],
        "crosswalk_id": null,
        "source_id": "EDGE_0334_walk",
        "source": "derived_from_vehicle_network",
        "confidence": 0.2,
        "derived": true,
        "authoritative": false
      },
      "geometry": {
        "type": "LineString",
        "coordinates": [
          [
            337.254,
            -369.025
          ],
          [
            360.078,
            -334.437
          ]
        ]
      }
    },
    {
      "type": "Feature",
      "id": "EDGE_0335_vehicle",
      "properties": {
        "id": "EDGE_0335_vehicle",
        "feature_type": "edge",
        "kind": "allowed_road",
        "legacy_kind": "road",
        "allowed_types": [
          "car",
          "scooter"
        ],
        "from_node": "ROAD_NODE_086",
        "to_node": "ROAD_NODE_089",
        "bidirectional": true,
        "speed_limit": 25,
        "road_ids": [
          "RD_017",
          "RD_021"
        ],
        "crosswalk_id": null,
        "source_id": "EDGE_0335_vehicle",
        "source": "derived_from_vehicle_network",
        "confidence": 0.35,
        "derived": true,
        "authoritative": false
      },
      "geometry": {
        "type": "LineString",
        "coordinates": [
          [
            360.078,
            -334.437
          ],
          [
            394.407,
            -377.196
          ]
        ]
      }
    },
    {
      "type": "Feature",
      "id": "EDGE_0336_walk",
      "properties": {
        "id": "EDGE_0336_walk",
        "feature_type": "edge",
        "kind": "shared_path",
        "legacy_kind": "shared_path_derived",
        "allowed_types": [
          "person",
          "scooter"
        ],
        "from_node": "ROAD_NODE_086",
        "to_node": "ROAD_NODE_089",
        "bidirectional": true,
        "speed_limit": 12,
        "road_ids": [
          "RD_017",
          "RD_021"
        ],
        "crosswalk_id": null,
        "source_id": "EDGE_0336_walk",
        "source": "derived_from_vehicle_network",
        "confidence": 0.2,
        "derived": true,
        "authoritative": false
      },
      "geometry": {
        "type": "LineString",
        "coordinates": [
          [
            360.078,
            -334.437
          ],
          [
            394.407,
            -377.196
          ]
        ]
      }
    },
    {
      "type": "Feature",
      "id": "EDGE_0337_vehicle",
      "properties": {
        "id": "EDGE_0337_vehicle",
        "feature_type": "edge",
        "kind": "allowed_road",
        "legacy_kind": "road",
        "allowed_types": [
          "car",
          "scooter"
        ],
        "from_node": "ROAD_NODE_086",
        "to_node": "ROAD_NODE_090",
        "bidirectional": true,
        "speed_limit": 25,
        "road_ids": [
          "RD_017"
        ],
        "crosswalk_id": null,
        "source_id": "EDGE_0337_vehicle",
        "source": "derived_from_vehicle_network",
        "confidence": 0.35,
        "derived": true,
        "authoritative": false
      },
      "geometry": {
        "type": "LineString",
        "coordinates": [
          [
            360.078,
            -334.437
          ],
          [
            392.7,
            -341.297
          ]
        ]
      }
    },
    {
      "type": "Feature",
      "id": "EDGE_0338_walk",
      "properties": {
        "id": "EDGE_0338_walk",
        "feature_type": "edge",
        "kind": "shared_path",
        "legacy_kind": "shared_path_derived",
        "allowed_types": [
          "person",
          "scooter"
        ],
        "from_node": "ROAD_NODE_086",
        "to_node": "ROAD_NODE_090",
        "bidirectional": true,
        "speed_limit": 12,
        "road_ids": [
          "RD_017"
        ],
        "crosswalk_id": null,
        "source_id": "EDGE_0338_walk",
        "source": "derived_from_vehicle_network",
        "confidence": 0.2,
        "derived": true,
        "authoritative": false
      },
      "geometry": {
        "type": "LineString",
        "coordinates": [
          [
            360.078,
            -334.437
          ],
          [
            392.7,
            -341.297
          ]
        ]
      }
    },
    {
      "type": "Feature",
      "id": "EDGE_0339_vehicle",
      "properties": {
        "id": "EDGE_0339_vehicle",
        "feature_type": "edge",
        "kind": "allowed_road",
        "legacy_kind": "crosswalk",
        "allowed_types": [
          "car",
          "scooter"
        ],
        "from_node": "ROAD_NODE_087",
        "to_node": "ROAD_NODE_088",
        "bidirectional": true,
        "speed_limit": 10,
        "road_ids": [
          "RD_033",
          "CW_015"
        ],
        "crosswalk_id": "CW_015",
        "source_id": "EDGE_0339_vehicle",
        "source": "derived_from_vehicle_network",
        "confidence": 0.35,
        "derived": true,
        "authoritative": false
      },
      "geometry": {
        "type": "LineString",
        "coordinates": [
          [
            303.12,
            -173.23
          ],
          [
            251.382,
            -162.788
          ]
        ]
      }
    },
    {
      "type": "Feature",
      "id": "EDGE_0340_walk",
      "properties": {
        "id": "EDGE_0340_walk",
        "feature_type": "edge",
        "kind": "crosswalk",
        "legacy_kind": "crosswalk",
        "allowed_types": [
          "person",
          "scooter"
        ],
        "from_node": "ROAD_NODE_087",
        "to_node": "ROAD_NODE_088",
        "bidirectional": true,
        "speed_limit": 10,
        "road_ids": [
          "RD_033",
          "CW_015"
        ],
        "crosswalk_id": "CW_015",
        "source_id": "EDGE_0340_walk",
        "source": "derived_from_vehicle_network",
        "confidence": 0.35,
        "derived": true,
        "authoritative": false
      },
      "geometry": {
        "type": "LineString",
        "coordinates": [
          [
            303.12,
            -173.23
          ],
          [
            251.382,
            -162.788
          ]
        ]
      }
    },
    {
      "type": "Feature",
      "id": "EDGE_0341_vehicle",
      "properties": {
        "id": "EDGE_0341_vehicle",
        "feature_type": "edge",
        "kind": "allowed_road",
        "legacy_kind": "road",
        "allowed_types": [
          "car",
          "scooter"
        ],
        "from_node": "ROAD_NODE_089",
        "to_node": "ROAD_NODE_090",
        "bidirectional": true,
        "speed_limit": 25,
        "road_ids": [
          "RD_021"
        ],
        "crosswalk_id": null,
        "source_id": "EDGE_0341_vehicle",
        "source": "derived_from_vehicle_network",
        "confidence": 0.35,
        "derived": true,
        "authoritative": false
      },
      "geometry": {
        "type": "LineString",
        "coordinates": [
          [
            394.407,
            -377.196
          ],
          [
            392.7,
            -341.297
          ]
        ]
      }
    },
    {
      "type": "Feature",
      "id": "EDGE_0342_walk",
      "properties": {
        "id": "EDGE_0342_walk",
        "feature_type": "edge",
        "kind": "shared_path",
        "legacy_kind": "shared_path_derived",
        "allowed_types": [
          "person",
          "scooter"
        ],
        "from_node": "ROAD_NODE_089",
        "to_node": "ROAD_NODE_090",
        "bidirectional": true,
        "speed_limit": 12,
        "road_ids": [
          "RD_021"
        ],
        "crosswalk_id": null,
        "source_id": "EDGE_0342_walk",
        "source": "derived_from_vehicle_network",
        "confidence": 0.2,
        "derived": true,
        "authoritative": false
      },
      "geometry": {
        "type": "LineString",
        "coordinates": [
          [
            394.407,
            -377.196
          ],
          [
            392.7,
            -341.297
          ]
        ]
      }
    },
    {
      "type": "Feature",
      "id": "EDGE_0343_vehicle",
      "properties": {
        "id": "EDGE_0343_vehicle",
        "feature_type": "edge",
        "kind": "allowed_road",
        "legacy_kind": "road",
        "allowed_types": [
          "car",
          "scooter"
        ],
        "from_node": "ROAD_NODE_091",
        "to_node": "ROAD_NODE_092",
        "bidirectional": true,
        "speed_limit": 25,
        "road_ids": [
          "RD_072"
        ],
        "crosswalk_id": null,
        "source_id": "EDGE_0343_vehicle",
        "source": "derived_from_vehicle_network",
        "confidence": 0.35,
        "derived": true,
        "authoritative": false
      },
      "geometry": {
        "type": "LineString",
        "coordinates": [
          [
            232.621,
            58.438
          ],
          [
            240.859,
            98.363
          ]
        ]
      }
    },
    {
      "type": "Feature",
      "id": "EDGE_0344_walk",
      "properties": {
        "id": "EDGE_0344_walk",
        "feature_type": "edge",
        "kind": "shared_path",
        "legacy_kind": "shared_path_derived",
        "allowed_types": [
          "person",
          "scooter"
        ],
        "from_node": "ROAD_NODE_091",
        "to_node": "ROAD_NODE_092",
        "bidirectional": true,
        "speed_limit": 12,
        "road_ids": [
          "RD_072"
        ],
        "crosswalk_id": null,
        "source_id": "EDGE_0344_walk",
        "source": "derived_from_vehicle_network",
        "confidence": 0.2,
        "derived": true,
        "authoritative": false
      },
      "geometry": {
        "type": "LineString",
        "coordinates": [
          [
            232.621,
            58.438
          ],
          [
            240.859,
            98.363
          ]
        ]
      }
    },
    {
      "type": "Feature",
      "id": "EDGE_0345_entrance",
      "properties": {
        "id": "EDGE_0345_entrance",
        "feature_type": "edge",
        "kind": "building_entrance",
        "legacy_kind": "building_entrance",
        "allowed_types": [
          "person",
          "scooter"
        ],
        "from_node": "ROAD_NODE_013",
        "to_node": "POI_ENT_D4_MAIN",
        "bidirectional": true,
        "speed_limit": 8,
        "road_ids": [
          "RD_057"
        ],
        "crosswalk_id": null,
        "source_id": "EDGE_0345_entrance",
        "source": "derived_from_vehicle_network",
        "confidence": 0.35,
        "derived": true,
        "authoritative": false
      },
      "geometry": {
        "type": "LineString",
        "coordinates": [
          [
            -22.461,
            13.058
          ],
          [
            -24.137,
            5.053
          ]
        ]
      }
    },
    {
      "type": "Feature",
      "id": "EDGE_0346_entrance",
      "properties": {
        "id": "EDGE_0346_entrance",
        "feature_type": "edge",
        "kind": "building_entrance",
        "legacy_kind": "building_entrance",
        "allowed_types": [
          "person",
          "scooter"
        ],
        "from_node": "ROAD_NODE_010",
        "to_node": "POI_ENT_D3_MAIN",
        "bidirectional": true,
        "speed_limit": 8,
        "road_ids": [
          "RD_070"
        ],
        "crosswalk_id": null,
        "source_id": "EDGE_0346_entrance",
        "source": "derived_from_vehicle_network",
        "confidence": 0.35,
        "derived": true,
        "authoritative": false
      },
      "geometry": {
        "type": "LineString",
        "coordinates": [
          [
            103.061,
            -54.426
          ],
          [
            93.848,
            -50.941
          ]
        ]
      }
    },
    {
      "type": "Feature",
      "id": "EDGE_0347_entrance",
      "properties": {
        "id": "EDGE_0347_entrance",
        "feature_type": "edge",
        "kind": "building_entrance",
        "legacy_kind": "building_entrance",
        "allowed_types": [
          "person",
          "scooter"
        ],
        "from_node": "ROAD_NODE_004",
        "to_node": "POI_ENT_D2_MAIN",
        "bidirectional": true,
        "speed_limit": 8,
        "road_ids": [
          "RD_063"
        ],
        "crosswalk_id": null,
        "source_id": "EDGE_0347_entrance",
        "source": "derived_from_vehicle_network",
        "confidence": 0.35,
        "derived": true,
        "authoritative": false
      },
      "geometry": {
        "type": "LineString",
        "coordinates": [
          [
            130.929,
            44.982
          ],
          [
            130.494,
            43.46
          ]
        ]
      }
    },
    {
      "type": "Feature",
      "id": "EDGE_0348_entrance",
      "properties": {
        "id": "EDGE_0348_entrance",
        "feature_type": "edge",
        "kind": "building_entrance",
        "legacy_kind": "building_entrance",
        "allowed_types": [
          "person",
          "scooter"
        ],
        "from_node": "ROAD_NODE_017",
        "to_node": "POI_ENT_C1_MAIN",
        "bidirectional": true,
        "speed_limit": 8,
        "road_ids": [
          "RD_076"
        ],
        "crosswalk_id": null,
        "source_id": "EDGE_0348_entrance",
        "source": "derived_from_vehicle_network",
        "confidence": 0.35,
        "derived": true,
        "authoritative": false
      },
      "geometry": {
        "type": "LineString",
        "coordinates": [
          [
            217.377,
            19.428
          ],
          [
            213.914,
            6.114
          ]
        ]
      }
    },
    {
      "type": "Feature",
      "id": "EDGE_0349_entrance",
      "properties": {
        "id": "EDGE_0349_entrance",
        "feature_type": "edge",
        "kind": "building_entrance",
        "legacy_kind": "building_entrance",
        "allowed_types": [
          "person",
          "scooter"
        ],
        "from_node": "ROAD_NODE_087",
        "to_node": "POI_ENT_E1_MAIN",
        "bidirectional": true,
        "speed_limit": 8,
        "road_ids": [
          "RD_033"
        ],
        "crosswalk_id": null,
        "source_id": "EDGE_0349_entrance",
        "source": "derived_from_vehicle_network",
        "confidence": 0.35,
        "derived": true,
        "authoritative": false
      },
      "geometry": {
        "type": "LineString",
        "coordinates": [
          [
            303.12,
            -173.23
          ],
          [
            289.081,
            -170.624
          ]
        ]
      }
    },
    {
      "type": "Feature",
      "id": "EDGE_0350_entrance",
      "properties": {
        "id": "EDGE_0350_entrance",
        "feature_type": "edge",
        "kind": "building_entrance",
        "legacy_kind": "building_entrance",
        "allowed_types": [
          "person",
          "scooter"
        ],
        "from_node": "ROAD_NODE_034",
        "to_node": "POI_ENT_A1_MAIN",
        "bidirectional": true,
        "speed_limit": 8,
        "road_ids": [
          "RD_026"
        ],
        "crosswalk_id": null,
        "source_id": "EDGE_0350_entrance",
        "source": "derived_from_vehicle_network",
        "confidence": 0.35,
        "derived": true,
        "authoritative": false
      },
      "geometry": {
        "type": "LineString",
        "coordinates": [
          [
            402.803,
            -229.036
          ],
          [
            406.385,
            -229.926
          ]
        ]
      }
    },
    {
      "type": "Feature",
      "id": "EDGE_0351_poi",
      "properties": {
        "id": "EDGE_0351_poi",
        "feature_type": "edge",
        "kind": "vehicle_gate",
        "legacy_kind": "gate_vehicle",
        "allowed_types": [
          "car",
          "scooter"
        ],
        "from_node": "ROAD_NODE_078",
        "to_node": "POI_GATE_MAIN",
        "bidirectional": true,
        "speed_limit": 12,
        "road_ids": [
          "CW_007"
        ],
        "crosswalk_id": "CW_007",
        "source_id": "EDGE_0351_poi",
        "source": "derived_from_vehicle_network",
        "confidence": 0.35,
        "derived": true,
        "authoritative": false
      },
      "geometry": {
        "type": "LineString",
        "coordinates": [
          [
            610.437,
            -147.974
          ],
          [
            610.447,
            -147.974
          ]
        ]
      }
    },
    {
      "type": "Feature",
      "id": "EDGE_0352_poi",
      "properties": {
        "id": "EDGE_0352_poi",
        "feature_type": "edge",
        "kind": "pedestrian_gate",
        "legacy_kind": "pedestrian_gate",
        "allowed_types": [
          "person",
          "scooter"
        ],
        "from_node": "ROAD_NODE_078",
        "to_node": "POI_GATE_MAIN",
        "bidirectional": true,
        "speed_limit": 12,
        "road_ids": [
          "CW_007"
        ],
        "crosswalk_id": "CW_007",
        "source_id": "EDGE_0352_poi",
        "source": "derived_from_vehicle_network",
        "confidence": 0.35,
        "derived": true,
        "authoritative": false
      },
      "geometry": {
        "type": "LineString",
        "coordinates": [
          [
            610.437,
            -147.974
          ],
          [
            610.447,
            -147.974
          ]
        ]
      }
    },
    {
      "type": "Feature",
      "id": "EDGE_0353_poi",
      "properties": {
        "id": "EDGE_0353_poi",
        "feature_type": "edge",
        "kind": "vehicle_gate",
        "legacy_kind": "gate_vehicle",
        "allowed_types": [
          "car",
          "scooter"
        ],
        "from_node": "ROAD_NODE_078",
        "to_node": "POI_EXTERNAL_MAIN_ROAD_SOUTH",
        "bidirectional": true,
        "speed_limit": 12,
        "road_ids": [
          "CW_007"
        ],
        "crosswalk_id": "CW_007",
        "source_id": "EDGE_0353_poi",
        "source": "derived_from_vehicle_network",
        "confidence": 0.35,
        "derived": true,
        "authoritative": false
      },
      "geometry": {
        "type": "LineString",
        "coordinates": [
          [
            610.437,
            -147.974
          ],
          [
            664.431,
            -158.447
          ]
        ]
      }
    },
    {
      "type": "Feature",
      "id": "EDGE_0354_poi",
      "properties": {
        "id": "EDGE_0354_poi",
        "feature_type": "edge",
        "kind": "pedestrian_gate",
        "legacy_kind": "pedestrian_gate",
        "allowed_types": [
          "person",
          "scooter"
        ],
        "from_node": "ROAD_NODE_078",
        "to_node": "POI_EXTERNAL_MAIN_ROAD_SOUTH",
        "bidirectional": true,
        "speed_limit": 12,
        "road_ids": [
          "CW_007"
        ],
        "crosswalk_id": "CW_007",
        "source_id": "EDGE_0354_poi",
        "source": "derived_from_vehicle_network",
        "confidence": 0.35,
        "derived": true,
        "authoritative": false
      },
      "geometry": {
        "type": "LineString",
        "coordinates": [
          [
            610.437,
            -147.974
          ],
          [
            664.431,
            -158.447
          ]
        ]
      }
    },
    {
      "type": "Feature",
      "id": "EDGE_0355_poi",
      "properties": {
        "id": "EDGE_0355_poi",
        "feature_type": "edge",
        "kind": "vehicle_gate",
        "legacy_kind": "gate_vehicle",
        "allowed_types": [
          "car",
          "scooter"
        ],
        "from_node": "ROAD_NODE_092",
        "to_node": "POI_GATE_BACK",
        "bidirectional": true,
        "speed_limit": 12,
        "road_ids": [
          "RD_072"
        ],
        "crosswalk_id": null,
        "source_id": "EDGE_0355_poi",
        "source": "derived_from_vehicle_network",
        "confidence": 0.35,
        "derived": true,
        "authoritative": false
      },
      "geometry": {
        "type": "LineString",
        "coordinates": [
          [
            240.859,
            98.363
          ],
          [
            240.869,
            98.363
          ]
        ]
      }
    },
    {
      "type": "Feature",
      "id": "EDGE_0356_poi",
      "properties": {
        "id": "EDGE_0356_poi",
        "feature_type": "edge",
        "kind": "pedestrian_gate",
        "legacy_kind": "pedestrian_gate",
        "allowed_types": [
          "person",
          "scooter"
        ],
        "from_node": "ROAD_NODE_092",
        "to_node": "POI_GATE_BACK",
        "bidirectional": true,
        "speed_limit": 12,
        "road_ids": [
          "RD_072"
        ],
        "crosswalk_id": null,
        "source_id": "EDGE_0356_poi",
        "source": "derived_from_vehicle_network",
        "confidence": 0.35,
        "derived": true,
        "authoritative": false
      },
      "geometry": {
        "type": "LineString",
        "coordinates": [
          [
            240.859,
            98.363
          ],
          [
            240.869,
            98.363
          ]
        ]
      }
    },
    {
      "type": "Feature",
      "id": "EDGE_0357_poi",
      "properties": {
        "id": "EDGE_0357_poi",
        "feature_type": "edge",
        "kind": "vehicle_gate",
        "legacy_kind": "gate_vehicle",
        "allowed_types": [
          "car",
          "scooter"
        ],
        "from_node": "ROAD_NODE_092",
        "to_node": "POI_EXTERNAL_BACK_GATE",
        "bidirectional": true,
        "speed_limit": 12,
        "road_ids": [
          "RD_072"
        ],
        "crosswalk_id": null,
        "source_id": "EDGE_0357_poi",
        "source": "derived_from_vehicle_network",
        "confidence": 0.35,
        "derived": true,
        "authoritative": false
      },
      "geometry": {
        "type": "LineString",
        "coordinates": [
          [
            240.859,
            98.363
          ],
          [
            236.057,
            143.106
          ]
        ]
      }
    },
    {
      "type": "Feature",
      "id": "EDGE_0358_poi",
      "properties": {
        "id": "EDGE_0358_poi",
        "feature_type": "edge",
        "kind": "pedestrian_gate",
        "legacy_kind": "pedestrian_gate",
        "allowed_types": [
          "person",
          "scooter"
        ],
        "from_node": "ROAD_NODE_092",
        "to_node": "POI_EXTERNAL_BACK_GATE",
        "bidirectional": true,
        "speed_limit": 12,
        "road_ids": [
          "RD_072"
        ],
        "crosswalk_id": null,
        "source_id": "EDGE_0358_poi",
        "source": "derived_from_vehicle_network",
        "confidence": 0.35,
        "derived": true,
        "authoritative": false
      },
      "geometry": {
        "type": "LineString",
        "coordinates": [
          [
            240.859,
            98.363
          ],
          [
            236.057,
            143.106
          ]
        ]
      }
    },
    {
      "type": "Feature",
      "id": "EDGE_0359_poi",
      "properties": {
        "id": "EDGE_0359_poi",
        "feature_type": "edge",
        "kind": "parking_connection",
        "legacy_kind": "parking_connection",
        "allowed_types": [
          "car"
        ],
        "from_node": "ROAD_NODE_058",
        "to_node": "POI_PARKING_A",
        "bidirectional": true,
        "speed_limit": 12,
        "road_ids": [
          "CW_003"
        ],
        "crosswalk_id": "CW_003",
        "source_id": "EDGE_0359_poi",
        "source": "derived_from_vehicle_network",
        "confidence": 0.35,
        "derived": true,
        "authoritative": false
      },
      "geometry": {
        "type": "LineString",
        "coordinates": [
          [
            610.477,
            1.332
          ],
          [
            610.487,
            1.332
          ]
        ]
      }
    },
    {
      "type": "Feature",
      "id": "EDGE_0360_poi",
      "properties": {
        "id": "EDGE_0360_poi",
        "feature_type": "edge",
        "kind": "parking_walk",
        "legacy_kind": "parking_walk",
        "allowed_types": [
          "person"
        ],
        "from_node": "ROAD_NODE_058",
        "to_node": "POI_PARKING_A",
        "bidirectional": true,
        "speed_limit": 12,
        "road_ids": [
          "CW_003"
        ],
        "crosswalk_id": "CW_003",
        "source_id": "EDGE_0360_poi",
        "source": "derived_from_vehicle_network",
        "confidence": 0.35,
        "derived": true,
        "authoritative": false
      },
      "geometry": {
        "type": "LineString",
        "coordinates": [
          [
            610.477,
            1.332
          ],
          [
            610.487,
            1.332
          ]
        ]
      }
    },
    {
      "type": "Feature",
      "id": "EDGE_0361_poi",
      "properties": {
        "id": "EDGE_0361_poi",
        "feature_type": "edge",
        "kind": "parking_connection",
        "legacy_kind": "parking_connection",
        "allowed_types": [
          "car"
        ],
        "from_node": "ROAD_NODE_047",
        "to_node": "POI_PARKING_B",
        "bidirectional": true,
        "speed_limit": 12,
        "road_ids": [
          "RD_053"
        ],
        "crosswalk_id": null,
        "source_id": "EDGE_0361_poi",
        "source": "derived_from_vehicle_network",
        "confidence": 0.35,
        "derived": true,
        "authoritative": false
      },
      "geometry": {
        "type": "LineString",
        "coordinates": [
          [
            155.649,
            -292.496
          ],
          [
            155.659,
            -292.496
          ]
        ]
      }
    },
    {
      "type": "Feature",
      "id": "EDGE_0362_poi",
      "properties": {
        "id": "EDGE_0362_poi",
        "feature_type": "edge",
        "kind": "parking_walk",
        "legacy_kind": "parking_walk",
        "allowed_types": [
          "person"
        ],
        "from_node": "ROAD_NODE_047",
        "to_node": "POI_PARKING_B",
        "bidirectional": true,
        "speed_limit": 12,
        "road_ids": [
          "RD_053"
        ],
        "crosswalk_id": null,
        "source_id": "EDGE_0362_poi",
        "source": "derived_from_vehicle_network",
        "confidence": 0.35,
        "derived": true,
        "authoritative": false
      },
      "geometry": {
        "type": "LineString",
        "coordinates": [
          [
            155.649,
            -292.496
          ],
          [
            155.659,
            -292.496
          ]
        ]
      }
    },
    {
      "type": "Feature",
      "id": "EDGE_0363_poi",
      "properties": {
        "id": "EDGE_0363_poi",
        "feature_type": "edge",
        "kind": "scooter_parking_connection",
        "legacy_kind": "scooter_parking",
        "allowed_types": [
          "scooter"
        ],
        "from_node": "ROAD_NODE_079",
        "to_node": "POI_SCOOTER_PARKING_01",
        "bidirectional": true,
        "speed_limit": 12,
        "road_ids": [
          "CW_014"
        ],
        "crosswalk_id": "CW_014",
        "source_id": "EDGE_0363_poi",
        "source": "derived_from_vehicle_network",
        "confidence": 0.35,
        "derived": true,
        "authoritative": false
      },
      "geometry": {
        "type": "LineString",
        "coordinates": [
          [
            386.377,
            -85.663
          ],
          [
            386.387,
            -85.663
          ]
        ]
      }
    },
    {
      "type": "Feature",
      "id": "EDGE_0364_poi",
      "properties": {
        "id": "EDGE_0364_poi",
        "feature_type": "edge",
        "kind": "scooter_parking_connection",
        "legacy_kind": "scooter_parking",
        "allowed_types": [
          "scooter"
        ],
        "from_node": "ROAD_NODE_088",
        "to_node": "POI_SCOOTER_PARKING_02",
        "bidirectional": true,
        "speed_limit": 12,
        "road_ids": [
          "CW_015"
        ],
        "crosswalk_id": "CW_015",
        "source_id": "EDGE_0364_poi",
        "source": "derived_from_vehicle_network",
        "confidence": 0.35,
        "derived": true,
        "authoritative": false
      },
      "geometry": {
        "type": "LineString",
        "coordinates": [
          [
            251.382,
            -162.788
          ],
          [
            251.392,
            -162.788
          ]
        ]
      }
    },
    {
      "type": "Feature",
      "id": "BLD_D4",
      "properties": {
        "poi_id": "BLD_D4",
        "name": "공과대학 3호관",
        "kind": "building",
        "category": "academic",
        "node_id": "POI_ENT_D4_MAIN",
        "allowed_types": [
          "person",
          "scooter"
        ],
        "external": false,
        "id": "BLD_D4",
        "feature_type": "poi",
        "source": "derived",
        "confidence": 0.3,
        "derived": true,
        "authoritative": false
      },
      "geometry": {
        "type": "Point",
        "coordinates": [
          -24.137,
          5.053
        ]
      }
    },
    {
      "type": "Feature",
      "id": "BLD_D3",
      "properties": {
        "poi_id": "BLD_D3",
        "name": "공과대학 2호관",
        "kind": "building",
        "category": "academic",
        "node_id": "POI_ENT_D3_MAIN",
        "allowed_types": [
          "person",
          "scooter"
        ],
        "external": false,
        "id": "BLD_D3",
        "feature_type": "poi",
        "source": "derived",
        "confidence": 0.3,
        "derived": true,
        "authoritative": false
      },
      "geometry": {
        "type": "Point",
        "coordinates": [
          93.848,
          -50.941
        ]
      }
    },
    {
      "type": "Feature",
      "id": "BLD_D2",
      "properties": {
        "poi_id": "BLD_D2",
        "name": "공과대학 1호관",
        "kind": "building",
        "category": "academic",
        "node_id": "POI_ENT_D2_MAIN",
        "allowed_types": [
          "person",
          "scooter"
        ],
        "external": false,
        "id": "BLD_D2",
        "feature_type": "poi",
        "source": "derived",
        "confidence": 0.3,
        "derived": true,
        "authoritative": false
      },
      "geometry": {
        "type": "Point",
        "coordinates": [
          130.494,
          43.46
        ]
      }
    },
    {
      "type": "Feature",
      "id": "BLD_C1",
      "properties": {
        "poi_id": "BLD_C1",
        "name": "도서관",
        "kind": "building",
        "category": "library",
        "node_id": "POI_ENT_C1_MAIN",
        "allowed_types": [
          "person",
          "scooter"
        ],
        "external": false,
        "id": "BLD_C1",
        "feature_type": "poi",
        "source": "derived",
        "confidence": 0.3,
        "derived": true,
        "authoritative": false
      },
      "geometry": {
        "type": "Point",
        "coordinates": [
          213.914,
          6.114
        ]
      }
    },
    {
      "type": "Feature",
      "id": "BLD_E1",
      "properties": {
        "poi_id": "BLD_E1",
        "name": "학생회관",
        "kind": "building",
        "category": "student_center",
        "node_id": "POI_ENT_E1_MAIN",
        "allowed_types": [
          "person",
          "scooter"
        ],
        "external": false,
        "id": "BLD_E1",
        "feature_type": "poi",
        "source": "derived",
        "confidence": 0.3,
        "derived": true,
        "authoritative": false
      },
      "geometry": {
        "type": "Point",
        "coordinates": [
          289.081,
          -170.624
        ]
      }
    },
    {
      "type": "Feature",
      "id": "BLD_A1",
      "properties": {
        "poi_id": "BLD_A1",
        "name": "대학본부",
        "kind": "building",
        "category": "administration",
        "node_id": "POI_ENT_A1_MAIN",
        "allowed_types": [
          "person",
          "scooter"
        ],
        "external": false,
        "id": "BLD_A1",
        "feature_type": "poi",
        "source": "derived",
        "confidence": 0.3,
        "derived": true,
        "authoritative": false
      },
      "geometry": {
        "type": "Point",
        "coordinates": [
          406.385,
          -229.926
        ]
      }
    },
    {
      "type": "Feature",
      "id": "GATE_MAIN",
      "properties": {
        "poi_id": "GATE_MAIN",
        "name": "정문",
        "kind": "gate",
        "node_id": "POI_GATE_MAIN",
        "allowed_types": [
          "car",
          "person",
          "scooter"
        ],
        "external": false,
        "id": "GATE_MAIN",
        "feature_type": "poi",
        "source": "derived",
        "confidence": 0.3,
        "derived": true,
        "authoritative": false
      },
      "geometry": {
        "type": "Point",
        "coordinates": [
          610.437,
          -147.974
        ]
      }
    },
    {
      "type": "Feature",
      "id": "EXTERNAL_MAIN_ROAD_SOUTH",
      "properties": {
        "poi_id": "EXTERNAL_MAIN_ROAD_SOUTH",
        "name": "정문 외부 도로",
        "kind": "external",
        "node_id": "POI_EXTERNAL_MAIN_ROAD_SOUTH",
        "allowed_types": [
          "car",
          "person",
          "scooter"
        ],
        "external": true,
        "id": "EXTERNAL_MAIN_ROAD_SOUTH",
        "feature_type": "poi",
        "source": "derived",
        "confidence": 0.3,
        "derived": true,
        "authoritative": false
      },
      "geometry": {
        "type": "Point",
        "coordinates": [
          664.431,
          -158.447
        ]
      }
    },
    {
      "type": "Feature",
      "id": "GATE_BACK",
      "properties": {
        "poi_id": "GATE_BACK",
        "name": "후문",
        "kind": "gate",
        "node_id": "POI_GATE_BACK",
        "allowed_types": [
          "car",
          "person",
          "scooter"
        ],
        "external": false,
        "id": "GATE_BACK",
        "feature_type": "poi",
        "source": "derived",
        "confidence": 0.3,
        "derived": true,
        "authoritative": false
      },
      "geometry": {
        "type": "Point",
        "coordinates": [
          240.859,
          98.363
        ]
      }
    },
    {
      "type": "Feature",
      "id": "EXTERNAL_BACK_GATE",
      "properties": {
        "poi_id": "EXTERNAL_BACK_GATE",
        "name": "후문 외부",
        "kind": "external",
        "node_id": "POI_EXTERNAL_BACK_GATE",
        "allowed_types": [
          "car",
          "person",
          "scooter"
        ],
        "external": true,
        "id": "EXTERNAL_BACK_GATE",
        "feature_type": "poi",
        "source": "derived",
        "confidence": 0.3,
        "derived": true,
        "authoritative": false
      },
      "geometry": {
        "type": "Point",
        "coordinates": [
          236.057,
          143.106
        ]
      }
    },
    {
      "type": "Feature",
      "id": "PARKING_A",
      "properties": {
        "poi_id": "PARKING_A",
        "name": "산단 1주차장",
        "kind": "parking",
        "node_id": "POI_PARKING_A",
        "allowed_types": [
          "car",
          "person"
        ],
        "external": false,
        "id": "PARKING_A",
        "feature_type": "poi",
        "source": "derived",
        "confidence": 0.3,
        "derived": true,
        "authoritative": false
      },
      "geometry": {
        "type": "Point",
        "coordinates": [
          610.477,
          1.332
        ]
      }
    },
    {
      "type": "Feature",
      "id": "PARKING_B",
      "properties": {
        "poi_id": "PARKING_B",
        "name": "사과대 주차장",
        "kind": "parking",
        "node_id": "POI_PARKING_B",
        "allowed_types": [
          "car",
          "person"
        ],
        "external": false,
        "id": "PARKING_B",
        "feature_type": "poi",
        "source": "derived",
        "confidence": 0.3,
        "derived": true,
        "authoritative": false
      },
      "geometry": {
        "type": "Point",
        "coordinates": [
          155.649,
          -292.496
        ]
      }
    },
    {
      "type": "Feature",
      "id": "SCOOTER_PARKING_01",
      "properties": {
        "poi_id": "SCOOTER_PARKING_01",
        "name": "도서관 킥보드 주차",
        "kind": "scooter_parking",
        "node_id": "POI_SCOOTER_PARKING_01",
        "allowed_types": [
          "person",
          "scooter"
        ],
        "external": false,
        "id": "SCOOTER_PARKING_01",
        "feature_type": "poi",
        "source": "derived",
        "confidence": 0.3,
        "derived": true,
        "authoritative": false
      },
      "geometry": {
        "type": "Point",
        "coordinates": [
          386.377,
          -85.663
        ]
      }
    },
    {
      "type": "Feature",
      "id": "SCOOTER_PARKING_02",
      "properties": {
        "poi_id": "SCOOTER_PARKING_02",
        "name": "학생회관 킥보드 주차",
        "kind": "scooter_parking",
        "node_id": "POI_SCOOTER_PARKING_02",
        "allowed_types": [
          "person",
          "scooter"
        ],
        "external": false,
        "id": "SCOOTER_PARKING_02",
        "feature_type": "poi",
        "source": "derived",
        "confidence": 0.3,
        "derived": true,
        "authoritative": false
      },
      "geometry": {
        "type": "Point",
        "coordinates": [
          251.382,
          -162.788
        ]
      }
    }
  ]
}
